  0%|          | 0/64 [00:00<?, ?it/s]100%|██████████| 64/64 [00:00<00:00, 19262.02it/s]
generate and save random trace info to /share/yangxizhong/workspace/step_level_deepconf/output/result/voting/tmp_random_trace_64x128_Qwen3-14B-NonThinking-repeat2.pkl
VOTING_MODE: mob, THRESHOLD_MODE: gmm, THRESHOLD_SCOPE: all
  0%|          | 0/13 [00:00<?, ?it/s]  8%|▊         | 1/13 [00:35<07:02, 35.24s/it] 15%|█▌        | 2/13 [24:51<2:39:40, 870.97s/it] 23%|██▎       | 3/13 [25:51<1:23:30, 501.01s/it] 31%|███       | 4/13 [26:36<48:06, 320.68s/it]  /share/yangxizhong/env/anaconda/envs/deepconf/lib/python3.11/site-packages/sklearn/base.py:1365: ConvergenceWarning: Number of distinct clusters (1) found smaller than n_clusters (2). Possibly due to duplicate points in X.
  return fit_method(estimator, *args, **kwargs)
/share/yangxizhong/env/anaconda/envs/deepconf/lib/python3.11/site-packages/sklearn/base.py:1365: ConvergenceWarning: Number of distinct clusters (1) found smaller than n_clusters (2). Possibly due to duplicate points in X.
  return fit_method(estimator, *args, **kwargs)
/share/yangxizhong/env/anaconda/envs/deepconf/lib/python3.11/site-packages/sklearn/base.py:1365: ConvergenceWarning: Number of distinct clusters (1) found smaller than n_clusters (2). Possibly due to duplicate points in X.
  return fit_method(estimator, *args, **kwargs)
/share/yangxizhong/env/anaconda/envs/deepconf/lib/python3.11/site-packages/sklearn/base.py:1365: ConvergenceWarning: Number of distinct clusters (1) found smaller than n_clusters (2). Possibly due to duplicate points in X.
  return fit_method(estimator, *args, **kwargs)
/share/yangxizhong/env/anaconda/envs/deepconf/lib/python3.11/site-packages/sklearn/base.py:1365: ConvergenceWarning: Number of distinct clusters (1) found smaller than n_clusters (2). Possibly due to duplicate points in X.
  return fit_method(estimator, *args, **kwargs)
/share/yangxizhong/env/anaconda/envs/deepconf/lib/python3.11/site-packages/sklearn/base.py:1365: ConvergenceWarning: Number of distinct clusters (1) found smaller than n_clusters (2). Possibly due to duplicate points in X.
  return fit_method(estimator, *args, **kwargs)
/share/yangxizhong/env/anaconda/envs/deepconf/lib/python3.11/site-packages/sklearn/base.py:1365: ConvergenceWarning: Number of distinct clusters (1) found smaller than n_clusters (2). Possibly due to duplicate points in X.
  return fit_method(estimator, *args, **kwargs)
/share/yangxizhong/env/anaconda/envs/deepconf/lib/python3.11/site-packages/sklearn/base.py:1365: ConvergenceWarning: Number of distinct clusters (1) found smaller than n_clusters (2). Possibly due to duplicate points in X.
  return fit_method(estimator, *args, **kwargs)
/share/yangxizhong/env/anaconda/envs/deepconf/lib/python3.11/site-packages/sklearn/base.py:1365: ConvergenceWarning: Number of distinct clusters (1) found smaller than n_clusters (2). Possibly due to duplicate points in X.
  return fit_method(estimator, *args, **kwargs)
/share/yangxizhong/env/anaconda/envs/deepconf/lib/python3.11/site-packages/sklearn/base.py:1365: ConvergenceWarning: Number of distinct clusters (1) found smaller than n_clusters (2). Possibly due to duplicate points in X.
  return fit_method(estimator, *args, **kwargs)
/share/yangxizhong/env/anaconda/envs/deepconf/lib/python3.11/site-packages/sklearn/base.py:1365: ConvergenceWarning: Number of distinct clusters (1) found smaller than n_clusters (2). Possibly due to duplicate points in X.
  return fit_method(estimator, *args, **kwargs)
/share/yangxizhong/env/anaconda/envs/deepconf/lib/python3.11/site-packages/sklearn/base.py:1365: ConvergenceWarning: Number of distinct clusters (1) found smaller than n_clusters (2). Possibly due to duplicate points in X.
  return fit_method(estimator, *args, **kwargs)
/share/yangxizhong/env/anaconda/envs/deepconf/lib/python3.11/site-packages/sklearn/base.py:1365: ConvergenceWarning: Number of distinct clusters (1) found smaller than n_clusters (2). Possibly due to duplicate points in X.
  return fit_method(estimator, *args, **kwargs)
/share/yangxizhong/env/anaconda/envs/deepconf/lib/python3.11/site-packages/sklearn/base.py:1365: ConvergenceWarning: Number of distinct clusters (1) found smaller than n_clusters (2). Possibly due to duplicate points in X.
  return fit_method(estimator, *args, **kwargs)
/share/yangxizhong/env/anaconda/envs/deepconf/lib/python3.11/site-packages/sklearn/base.py:1365: ConvergenceWarning: Number of distinct clusters (1) found smaller than n_clusters (2). Possibly due to duplicate points in X.
  return fit_method(estimator, *args, **kwargs)
/share/yangxizhong/env/anaconda/envs/deepconf/lib/python3.11/site-packages/sklearn/base.py:1365: ConvergenceWarning: Number of distinct clusters (1) found smaller than n_clusters (2). Possibly due to duplicate points in X.
  return fit_method(estimator, *args, **kwargs)
/share/yangxizhong/env/anaconda/envs/deepconf/lib/python3.11/site-packages/sklearn/base.py:1365: ConvergenceWarning: Number of distinct clusters (1) found smaller than n_clusters (2). Possibly due to duplicate points in X.
  return fit_method(estimator, *args, **kwargs)
/share/yangxizhong/env/anaconda/envs/deepconf/lib/python3.11/site-packages/sklearn/base.py:1365: ConvergenceWarning: Number of distinct clusters (1) found smaller than n_clusters (2). Possibly due to duplicate points in X.
  return fit_method(estimator, *args, **kwargs)
/share/yangxizhong/env/anaconda/envs/deepconf/lib/python3.11/site-packages/sklearn/base.py:1365: ConvergenceWarning: Number of distinct clusters (1) found smaller than n_clusters (2). Possibly due to duplicate points in X.
  return fit_method(estimator, *args, **kwargs)
/share/yangxizhong/env/anaconda/envs/deepconf/lib/python3.11/site-packages/sklearn/base.py:1365: ConvergenceWarning: Number of distinct clusters (1) found smaller than n_clusters (2). Possibly due to duplicate points in X.
  return fit_method(estimator, *args, **kwargs)
/share/yangxizhong/env/anaconda/envs/deepconf/lib/python3.11/site-packages/sklearn/base.py:1365: ConvergenceWarning: Number of distinct clusters (1) found smaller than n_clusters (2). Possibly due to duplicate points in X.
  return fit_method(estimator, *args, **kwargs)
/share/yangxizhong/env/anaconda/envs/deepconf/lib/python3.11/site-packages/sklearn/base.py:1365: ConvergenceWarning: Number of distinct clusters (1) found smaller than n_clusters (2). Possibly due to duplicate points in X.
  return fit_method(estimator, *args, **kwargs)
/share/yangxizhong/env/anaconda/envs/deepconf/lib/python3.11/site-packages/sklearn/base.py:1365: ConvergenceWarning: Number of distinct clusters (1) found smaller than n_clusters (2). Possibly due to duplicate points in X.
  return fit_method(estimator, *args, **kwargs)
/share/yangxizhong/env/anaconda/envs/deepconf/lib/python3.11/site-packages/sklearn/base.py:1365: ConvergenceWarning: Number of distinct clusters (1) found smaller than n_clusters (2). Possibly due to duplicate points in X.
  return fit_method(estimator, *args, **kwargs)
/share/yangxizhong/env/anaconda/envs/deepconf/lib/python3.11/site-packages/sklearn/base.py:1365: ConvergenceWarning: Number of distinct clusters (1) found smaller than n_clusters (2). Possibly due to duplicate points in X.
  return fit_method(estimator, *args, **kwargs)
/share/yangxizhong/env/anaconda/envs/deepconf/lib/python3.11/site-packages/sklearn/base.py:1365: ConvergenceWarning: Number of distinct clusters (1) found smaller than n_clusters (2). Possibly due to duplicate points in X.
  return fit_method(estimator, *args, **kwargs)
/share/yangxizhong/env/anaconda/envs/deepconf/lib/python3.11/site-packages/sklearn/base.py:1365: ConvergenceWarning: Number of distinct clusters (1) found smaller than n_clusters (2). Possibly due to duplicate points in X.
  return fit_method(estimator, *args, **kwargs)
/share/yangxizhong/env/anaconda/envs/deepconf/lib/python3.11/site-packages/sklearn/base.py:1365: ConvergenceWarning: Number of distinct clusters (1) found smaller than n_clusters (2). Possibly due to duplicate points in X.
  return fit_method(estimator, *args, **kwargs)
/share/yangxizhong/env/anaconda/envs/deepconf/lib/python3.11/site-packages/sklearn/base.py:1365: ConvergenceWarning: Number of distinct clusters (1) found smaller than n_clusters (2). Possibly due to duplicate points in X.
  return fit_method(estimator, *args, **kwargs)
/share/yangxizhong/env/anaconda/envs/deepconf/lib/python3.11/site-packages/sklearn/base.py:1365: ConvergenceWarning: Number of distinct clusters (1) found smaller than n_clusters (2). Possibly due to duplicate points in X.
  return fit_method(estimator, *args, **kwargs)
/share/yangxizhong/env/anaconda/envs/deepconf/lib/python3.11/site-packages/sklearn/base.py:1365: ConvergenceWarning: Number of distinct clusters (1) found smaller than n_clusters (2). Possibly due to duplicate points in X.
  return fit_method(estimator, *args, **kwargs)
/share/yangxizhong/env/anaconda/envs/deepconf/lib/python3.11/site-packages/sklearn/base.py:1365: ConvergenceWarning: Number of distinct clusters (1) found smaller than n_clusters (2). Possibly due to duplicate points in X.
  return fit_method(estimator, *args, **kwargs)
/share/yangxizhong/env/anaconda/envs/deepconf/lib/python3.11/site-packages/sklearn/base.py:1365: ConvergenceWarning: Number of distinct clusters (1) found smaller than n_clusters (2). Possibly due to duplicate points in X.
  return fit_method(estimator, *args, **kwargs)
/share/yangxizhong/env/anaconda/envs/deepconf/lib/python3.11/site-packages/sklearn/base.py:1365: ConvergenceWarning: Number of distinct clusters (1) found smaller than n_clusters (2). Possibly due to duplicate points in X.
  return fit_method(estimator, *args, **kwargs)
/share/yangxizhong/env/anaconda/envs/deepconf/lib/python3.11/site-packages/sklearn/base.py:1365: ConvergenceWarning: Number of distinct clusters (1) found smaller than n_clusters (2). Possibly due to duplicate points in X.
  return fit_method(estimator, *args, **kwargs)
/share/yangxizhong/env/anaconda/envs/deepconf/lib/python3.11/site-packages/sklearn/base.py:1365: ConvergenceWarning: Number of distinct clusters (1) found smaller than n_clusters (2). Possibly due to duplicate points in X.
  return fit_method(estimator, *args, **kwargs)
/share/yangxizhong/env/anaconda/envs/deepconf/lib/python3.11/site-packages/sklearn/base.py:1365: ConvergenceWarning: Number of distinct clusters (1) found smaller than n_clusters (2). Possibly due to duplicate points in X.
  return fit_method(estimator, *args, **kwargs)
/share/yangxizhong/env/anaconda/envs/deepconf/lib/python3.11/site-packages/sklearn/base.py:1365: ConvergenceWarning: Number of distinct clusters (1) found smaller than n_clusters (2). Possibly due to duplicate points in X.
  return fit_method(estimator, *args, **kwargs)
/share/yangxizhong/env/anaconda/envs/deepconf/lib/python3.11/site-packages/sklearn/base.py:1365: ConvergenceWarning: Number of distinct clusters (1) found smaller than n_clusters (2). Possibly due to duplicate points in X.
  return fit_method(estimator, *args, **kwargs)
/share/yangxizhong/env/anaconda/envs/deepconf/lib/python3.11/site-packages/sklearn/base.py:1365: ConvergenceWarning: Number of distinct clusters (1) found smaller than n_clusters (2). Possibly due to duplicate points in X.
  return fit_method(estimator, *args, **kwargs)
/share/yangxizhong/env/anaconda/envs/deepconf/lib/python3.11/site-packages/sklearn/base.py:1365: ConvergenceWarning: Number of distinct clusters (1) found smaller than n_clusters (2). Possibly due to duplicate points in X.
  return fit_method(estimator, *args, **kwargs)
/share/yangxizhong/env/anaconda/envs/deepconf/lib/python3.11/site-packages/sklearn/base.py:1365: ConvergenceWarning: Number of distinct clusters (1) found smaller than n_clusters (2). Possibly due to duplicate points in X.
  return fit_method(estimator, *args, **kwargs)
/share/yangxizhong/env/anaconda/envs/deepconf/lib/python3.11/site-packages/sklearn/base.py:1365: ConvergenceWarning: Number of distinct clusters (1) found smaller than n_clusters (2). Possibly due to duplicate points in X.
  return fit_method(estimator, *args, **kwargs)
/share/yangxizhong/env/anaconda/envs/deepconf/lib/python3.11/site-packages/sklearn/base.py:1365: ConvergenceWarning: Number of distinct clusters (1) found smaller than n_clusters (2). Possibly due to duplicate points in X.
  return fit_method(estimator, *args, **kwargs)
/share/yangxizhong/env/anaconda/envs/deepconf/lib/python3.11/site-packages/sklearn/base.py:1365: ConvergenceWarning: Number of distinct clusters (1) found smaller than n_clusters (2). Possibly due to duplicate points in X.
  return fit_method(estimator, *args, **kwargs)
/share/yangxizhong/env/anaconda/envs/deepconf/lib/python3.11/site-packages/sklearn/base.py:1365: ConvergenceWarning: Number of distinct clusters (1) found smaller than n_clusters (2). Possibly due to duplicate points in X.
  return fit_method(estimator, *args, **kwargs)
 38%|███▊      | 5/13 [47:41<1:28:09, 661.19s/it] 46%|████▌     | 6/13 [49:08<54:21, 465.94s/it]   54%|█████▍    | 7/13 [49:57<32:57, 329.66s/it]/share/yangxizhong/env/anaconda/envs/deepconf/lib/python3.11/site-packages/sklearn/base.py:1365: ConvergenceWarning: Number of distinct clusters (1) found smaller than n_clusters (2). Possibly due to duplicate points in X.
  return fit_method(estimator, *args, **kwargs)
/share/yangxizhong/env/anaconda/envs/deepconf/lib/python3.11/site-packages/sklearn/base.py:1365: ConvergenceWarning: Number of distinct clusters (1) found smaller than n_clusters (2). Possibly due to duplicate points in X.
  return fit_method(estimator, *args, **kwargs)
/share/yangxizhong/env/anaconda/envs/deepconf/lib/python3.11/site-packages/sklearn/base.py:1365: ConvergenceWarning: Number of distinct clusters (1) found smaller than n_clusters (2). Possibly due to duplicate points in X.
  return fit_method(estimator, *args, **kwargs)
/share/yangxizhong/env/anaconda/envs/deepconf/lib/python3.11/site-packages/sklearn/base.py:1365: ConvergenceWarning: Number of distinct clusters (1) found smaller than n_clusters (2). Possibly due to duplicate points in X.
  return fit_method(estimator, *args, **kwargs)
/share/yangxizhong/env/anaconda/envs/deepconf/lib/python3.11/site-packages/sklearn/base.py:1365: ConvergenceWarning: Number of distinct clusters (1) found smaller than n_clusters (2). Possibly due to duplicate points in X.
  return fit_method(estimator, *args, **kwargs)
/share/yangxizhong/env/anaconda/envs/deepconf/lib/python3.11/site-packages/sklearn/base.py:1365: ConvergenceWarning: Number of distinct clusters (1) found smaller than n_clusters (2). Possibly due to duplicate points in X.
  return fit_method(estimator, *args, **kwargs)
/share/yangxizhong/env/anaconda/envs/deepconf/lib/python3.11/site-packages/sklearn/base.py:1365: ConvergenceWarning: Number of distinct clusters (1) found smaller than n_clusters (2). Possibly due to duplicate points in X.
  return fit_method(estimator, *args, **kwargs)
/share/yangxizhong/env/anaconda/envs/deepconf/lib/python3.11/site-packages/sklearn/base.py:1365: ConvergenceWarning: Number of distinct clusters (1) found smaller than n_clusters (2). Possibly due to duplicate points in X.
  return fit_method(estimator, *args, **kwargs)
/share/yangxizhong/env/anaconda/envs/deepconf/lib/python3.11/site-packages/sklearn/base.py:1365: ConvergenceWarning: Number of distinct clusters (1) found smaller than n_clusters (2). Possibly due to duplicate points in X.
  return fit_method(estimator, *args, **kwargs)
/share/yangxizhong/env/anaconda/envs/deepconf/lib/python3.11/site-packages/sklearn/base.py:1365: ConvergenceWarning: Number of distinct clusters (1) found smaller than n_clusters (2). Possibly due to duplicate points in X.
  return fit_method(estimator, *args, **kwargs)
/share/yangxizhong/env/anaconda/envs/deepconf/lib/python3.11/site-packages/sklearn/base.py:1365: ConvergenceWarning: Number of distinct clusters (1) found smaller than n_clusters (2). Possibly due to duplicate points in X.
  return fit_method(estimator, *args, **kwargs)
/share/yangxizhong/env/anaconda/envs/deepconf/lib/python3.11/site-packages/sklearn/base.py:1365: ConvergenceWarning: Number of distinct clusters (1) found smaller than n_clusters (2). Possibly due to duplicate points in X.
  return fit_method(estimator, *args, **kwargs)
/share/yangxizhong/env/anaconda/envs/deepconf/lib/python3.11/site-packages/sklearn/base.py:1365: ConvergenceWarning: Number of distinct clusters (1) found smaller than n_clusters (2). Possibly due to duplicate points in X.
  return fit_method(estimator, *args, **kwargs)
/share/yangxizhong/env/anaconda/envs/deepconf/lib/python3.11/site-packages/sklearn/base.py:1365: ConvergenceWarning: Number of distinct clusters (1) found smaller than n_clusters (2). Possibly due to duplicate points in X.
  return fit_method(estimator, *args, **kwargs)
/share/yangxizhong/env/anaconda/envs/deepconf/lib/python3.11/site-packages/sklearn/base.py:1365: ConvergenceWarning: Number of distinct clusters (1) found smaller than n_clusters (2). Possibly due to duplicate points in X.
  return fit_method(estimator, *args, **kwargs)
/share/yangxizhong/env/anaconda/envs/deepconf/lib/python3.11/site-packages/sklearn/base.py:1365: ConvergenceWarning: Number of distinct clusters (1) found smaller than n_clusters (2). Possibly due to duplicate points in X.
  return fit_method(estimator, *args, **kwargs)
/share/yangxizhong/env/anaconda/envs/deepconf/lib/python3.11/site-packages/sklearn/base.py:1365: ConvergenceWarning: Number of distinct clusters (1) found smaller than n_clusters (2). Possibly due to duplicate points in X.
  return fit_method(estimator, *args, **kwargs)
/share/yangxizhong/env/anaconda/envs/deepconf/lib/python3.11/site-packages/sklearn/base.py:1365: ConvergenceWarning: Number of distinct clusters (1) found smaller than n_clusters (2). Possibly due to duplicate points in X.
  return fit_method(estimator, *args, **kwargs)
/share/yangxizhong/env/anaconda/envs/deepconf/lib/python3.11/site-packages/sklearn/base.py:1365: ConvergenceWarning: Number of distinct clusters (1) found smaller than n_clusters (2). Possibly due to duplicate points in X.
  return fit_method(estimator, *args, **kwargs)
/share/yangxizhong/env/anaconda/envs/deepconf/lib/python3.11/site-packages/sklearn/base.py:1365: ConvergenceWarning: Number of distinct clusters (1) found smaller than n_clusters (2). Possibly due to duplicate points in X.
  return fit_method(estimator, *args, **kwargs)
/share/yangxizhong/env/anaconda/envs/deepconf/lib/python3.11/site-packages/sklearn/base.py:1365: ConvergenceWarning: Number of distinct clusters (1) found smaller than n_clusters (2). Possibly due to duplicate points in X.
  return fit_method(estimator, *args, **kwargs)
/share/yangxizhong/env/anaconda/envs/deepconf/lib/python3.11/site-packages/sklearn/base.py:1365: ConvergenceWarning: Number of distinct clusters (1) found smaller than n_clusters (2). Possibly due to duplicate points in X.
  return fit_method(estimator, *args, **kwargs)
/share/yangxizhong/env/anaconda/envs/deepconf/lib/python3.11/site-packages/sklearn/base.py:1365: ConvergenceWarning: Number of distinct clusters (1) found smaller than n_clusters (2). Possibly due to duplicate points in X.
  return fit_method(estimator, *args, **kwargs)
/share/yangxizhong/env/anaconda/envs/deepconf/lib/python3.11/site-packages/sklearn/base.py:1365: ConvergenceWarning: Number of distinct clusters (1) found smaller than n_clusters (2). Possibly due to duplicate points in X.
  return fit_method(estimator, *args, **kwargs)
/share/yangxizhong/env/anaconda/envs/deepconf/lib/python3.11/site-packages/sklearn/base.py:1365: ConvergenceWarning: Number of distinct clusters (1) found smaller than n_clusters (2). Possibly due to duplicate points in X.
  return fit_method(estimator, *args, **kwargs)
/share/yangxizhong/env/anaconda/envs/deepconf/lib/python3.11/site-packages/sklearn/base.py:1365: ConvergenceWarning: Number of distinct clusters (1) found smaller than n_clusters (2). Possibly due to duplicate points in X.
  return fit_method(estimator, *args, **kwargs)
/share/yangxizhong/env/anaconda/envs/deepconf/lib/python3.11/site-packages/sklearn/base.py:1365: ConvergenceWarning: Number of distinct clusters (1) found smaller than n_clusters (2). Possibly due to duplicate points in X.
  return fit_method(estimator, *args, **kwargs)
/share/yangxizhong/env/anaconda/envs/deepconf/lib/python3.11/site-packages/sklearn/base.py:1365: ConvergenceWarning: Number of distinct clusters (1) found smaller than n_clusters (2). Possibly due to duplicate points in X.
  return fit_method(estimator, *args, **kwargs)
/share/yangxizhong/env/anaconda/envs/deepconf/lib/python3.11/site-packages/sklearn/base.py:1365: ConvergenceWarning: Number of distinct clusters (1) found smaller than n_clusters (2). Possibly due to duplicate points in X.
  return fit_method(estimator, *args, **kwargs)
/share/yangxizhong/env/anaconda/envs/deepconf/lib/python3.11/site-packages/sklearn/base.py:1365: ConvergenceWarning: Number of distinct clusters (1) found smaller than n_clusters (2). Possibly due to duplicate points in X.
  return fit_method(estimator, *args, **kwargs)
/share/yangxizhong/env/anaconda/envs/deepconf/lib/python3.11/site-packages/sklearn/base.py:1365: ConvergenceWarning: Number of distinct clusters (1) found smaller than n_clusters (2). Possibly due to duplicate points in X.
  return fit_method(estimator, *args, **kwargs)
/share/yangxizhong/env/anaconda/envs/deepconf/lib/python3.11/site-packages/sklearn/base.py:1365: ConvergenceWarning: Number of distinct clusters (1) found smaller than n_clusters (2). Possibly due to duplicate points in X.
  return fit_method(estimator, *args, **kwargs)
/share/yangxizhong/env/anaconda/envs/deepconf/lib/python3.11/site-packages/sklearn/base.py:1365: ConvergenceWarning: Number of distinct clusters (1) found smaller than n_clusters (2). Possibly due to duplicate points in X.
  return fit_method(estimator, *args, **kwargs)
/share/yangxizhong/env/anaconda/envs/deepconf/lib/python3.11/site-packages/sklearn/base.py:1365: ConvergenceWarning: Number of distinct clusters (1) found smaller than n_clusters (2). Possibly due to duplicate points in X.
  return fit_method(estimator, *args, **kwargs)
/share/yangxizhong/env/anaconda/envs/deepconf/lib/python3.11/site-packages/sklearn/base.py:1365: ConvergenceWarning: Number of distinct clusters (1) found smaller than n_clusters (2). Possibly due to duplicate points in X.
  return fit_method(estimator, *args, **kwargs)
/share/yangxizhong/env/anaconda/envs/deepconf/lib/python3.11/site-packages/sklearn/base.py:1365: ConvergenceWarning: Number of distinct clusters (1) found smaller than n_clusters (2). Possibly due to duplicate points in X.
  return fit_method(estimator, *args, **kwargs)
/share/yangxizhong/env/anaconda/envs/deepconf/lib/python3.11/site-packages/sklearn/base.py:1365: ConvergenceWarning: Number of distinct clusters (1) found smaller than n_clusters (2). Possibly due to duplicate points in X.
  return fit_method(estimator, *args, **kwargs)
/share/yangxizhong/env/anaconda/envs/deepconf/lib/python3.11/site-packages/sklearn/base.py:1365: ConvergenceWarning: Number of distinct clusters (1) found smaller than n_clusters (2). Possibly due to duplicate points in X.
  return fit_method(estimator, *args, **kwargs)
/share/yangxizhong/env/anaconda/envs/deepconf/lib/python3.11/site-packages/sklearn/base.py:1365: ConvergenceWarning: Number of distinct clusters (1) found smaller than n_clusters (2). Possibly due to duplicate points in X.
  return fit_method(estimator, *args, **kwargs)
/share/yangxizhong/env/anaconda/envs/deepconf/lib/python3.11/site-packages/sklearn/base.py:1365: ConvergenceWarning: Number of distinct clusters (1) found smaller than n_clusters (2). Possibly due to duplicate points in X.
  return fit_method(estimator, *args, **kwargs)
/share/yangxizhong/env/anaconda/envs/deepconf/lib/python3.11/site-packages/sklearn/base.py:1365: ConvergenceWarning: Number of distinct clusters (1) found smaller than n_clusters (2). Possibly due to duplicate points in X.
  return fit_method(estimator, *args, **kwargs)
/share/yangxizhong/env/anaconda/envs/deepconf/lib/python3.11/site-packages/sklearn/base.py:1365: ConvergenceWarning: Number of distinct clusters (1) found smaller than n_clusters (2). Possibly due to duplicate points in X.
  return fit_method(estimator, *args, **kwargs)
/share/yangxizhong/env/anaconda/envs/deepconf/lib/python3.11/site-packages/sklearn/base.py:1365: ConvergenceWarning: Number of distinct clusters (1) found smaller than n_clusters (2). Possibly due to duplicate points in X.
  return fit_method(estimator, *args, **kwargs)
/share/yangxizhong/env/anaconda/envs/deepconf/lib/python3.11/site-packages/sklearn/base.py:1365: ConvergenceWarning: Number of distinct clusters (1) found smaller than n_clusters (2). Possibly due to duplicate points in X.
  return fit_method(estimator, *args, **kwargs)
/share/yangxizhong/env/anaconda/envs/deepconf/lib/python3.11/site-packages/sklearn/base.py:1365: ConvergenceWarning: Number of distinct clusters (1) found smaller than n_clusters (2). Possibly due to duplicate points in X.
  return fit_method(estimator, *args, **kwargs)
/share/yangxizhong/env/anaconda/envs/deepconf/lib/python3.11/site-packages/sklearn/base.py:1365: ConvergenceWarning: Number of distinct clusters (1) found smaller than n_clusters (2). Possibly due to duplicate points in X.
  return fit_method(estimator, *args, **kwargs)
/share/yangxizhong/env/anaconda/envs/deepconf/lib/python3.11/site-packages/sklearn/base.py:1365: ConvergenceWarning: Number of distinct clusters (1) found smaller than n_clusters (2). Possibly due to duplicate points in X.
  return fit_method(estimator, *args, **kwargs)
/share/yangxizhong/env/anaconda/envs/deepconf/lib/python3.11/site-packages/sklearn/base.py:1365: ConvergenceWarning: Number of distinct clusters (1) found smaller than n_clusters (2). Possibly due to duplicate points in X.
  return fit_method(estimator, *args, **kwargs)
/share/yangxizhong/env/anaconda/envs/deepconf/lib/python3.11/site-packages/sklearn/base.py:1365: ConvergenceWarning: Number of distinct clusters (1) found smaller than n_clusters (2). Possibly due to duplicate points in X.
  return fit_method(estimator, *args, **kwargs)
/share/yangxizhong/env/anaconda/envs/deepconf/lib/python3.11/site-packages/sklearn/base.py:1365: ConvergenceWarning: Number of distinct clusters (1) found smaller than n_clusters (2). Possibly due to duplicate points in X.
  return fit_method(estimator, *args, **kwargs)
/share/yangxizhong/env/anaconda/envs/deepconf/lib/python3.11/site-packages/sklearn/base.py:1365: ConvergenceWarning: Number of distinct clusters (1) found smaller than n_clusters (2). Possibly due to duplicate points in X.
  return fit_method(estimator, *args, **kwargs)
/share/yangxizhong/env/anaconda/envs/deepconf/lib/python3.11/site-packages/sklearn/base.py:1365: ConvergenceWarning: Number of distinct clusters (1) found smaller than n_clusters (2). Possibly due to duplicate points in X.
  return fit_method(estimator, *args, **kwargs)
/share/yangxizhong/env/anaconda/envs/deepconf/lib/python3.11/site-packages/sklearn/base.py:1365: ConvergenceWarning: Number of distinct clusters (1) found smaller than n_clusters (2). Possibly due to duplicate points in X.
  return fit_method(estimator, *args, **kwargs)
/share/yangxizhong/env/anaconda/envs/deepconf/lib/python3.11/site-packages/sklearn/base.py:1365: ConvergenceWarning: Number of distinct clusters (1) found smaller than n_clusters (2). Possibly due to duplicate points in X.
  return fit_method(estimator, *args, **kwargs)
/share/yangxizhong/env/anaconda/envs/deepconf/lib/python3.11/site-packages/sklearn/base.py:1365: ConvergenceWarning: Number of distinct clusters (1) found smaller than n_clusters (2). Possibly due to duplicate points in X.
  return fit_method(estimator, *args, **kwargs)
/share/yangxizhong/env/anaconda/envs/deepconf/lib/python3.11/site-packages/sklearn/base.py:1365: ConvergenceWarning: Number of distinct clusters (1) found smaller than n_clusters (2). Possibly due to duplicate points in X.
  return fit_method(estimator, *args, **kwargs)
/share/yangxizhong/env/anaconda/envs/deepconf/lib/python3.11/site-packages/sklearn/base.py:1365: ConvergenceWarning: Number of distinct clusters (1) found smaller than n_clusters (2). Possibly due to duplicate points in X.
  return fit_method(estimator, *args, **kwargs)
/share/yangxizhong/env/anaconda/envs/deepconf/lib/python3.11/site-packages/sklearn/base.py:1365: ConvergenceWarning: Number of distinct clusters (1) found smaller than n_clusters (2). Possibly due to duplicate points in X.
  return fit_method(estimator, *args, **kwargs)
/share/yangxizhong/env/anaconda/envs/deepconf/lib/python3.11/site-packages/sklearn/base.py:1365: ConvergenceWarning: Number of distinct clusters (1) found smaller than n_clusters (2). Possibly due to duplicate points in X.
  return fit_method(estimator, *args, **kwargs)
/share/yangxizhong/env/anaconda/envs/deepconf/lib/python3.11/site-packages/sklearn/base.py:1365: ConvergenceWarning: Number of distinct clusters (1) found smaller than n_clusters (2). Possibly due to duplicate points in X.
  return fit_method(estimator, *args, **kwargs)
/share/yangxizhong/env/anaconda/envs/deepconf/lib/python3.11/site-packages/sklearn/base.py:1365: ConvergenceWarning: Number of distinct clusters (1) found smaller than n_clusters (2). Possibly due to duplicate points in X.
  return fit_method(estimator, *args, **kwargs)
/share/yangxizhong/env/anaconda/envs/deepconf/lib/python3.11/site-packages/sklearn/base.py:1365: ConvergenceWarning: Number of distinct clusters (1) found smaller than n_clusters (2). Possibly due to duplicate points in X.
  return fit_method(estimator, *args, **kwargs)
/share/yangxizhong/env/anaconda/envs/deepconf/lib/python3.11/site-packages/sklearn/base.py:1365: ConvergenceWarning: Number of distinct clusters (1) found smaller than n_clusters (2). Possibly due to duplicate points in X.
  return fit_method(estimator, *args, **kwargs)
/share/yangxizhong/env/anaconda/envs/deepconf/lib/python3.11/site-packages/sklearn/base.py:1365: ConvergenceWarning: Number of distinct clusters (1) found smaller than n_clusters (2). Possibly due to duplicate points in X.
  return fit_method(estimator, *args, **kwargs)
/share/yangxizhong/env/anaconda/envs/deepconf/lib/python3.11/site-packages/sklearn/base.py:1365: ConvergenceWarning: Number of distinct clusters (1) found smaller than n_clusters (2). Possibly due to duplicate points in X.
  return fit_method(estimator, *args, **kwargs)
/share/yangxizhong/env/anaconda/envs/deepconf/lib/python3.11/site-packages/sklearn/base.py:1365: ConvergenceWarning: Number of distinct clusters (1) found smaller than n_clusters (2). Possibly due to duplicate points in X.
  return fit_method(estimator, *args, **kwargs)
/share/yangxizhong/env/anaconda/envs/deepconf/lib/python3.11/site-packages/sklearn/base.py:1365: ConvergenceWarning: Number of distinct clusters (1) found smaller than n_clusters (2). Possibly due to duplicate points in X.
  return fit_method(estimator, *args, **kwargs)
/share/yangxizhong/env/anaconda/envs/deepconf/lib/python3.11/site-packages/sklearn/base.py:1365: ConvergenceWarning: Number of distinct clusters (1) found smaller than n_clusters (2). Possibly due to duplicate points in X.
  return fit_method(estimator, *args, **kwargs)
/share/yangxizhong/env/anaconda/envs/deepconf/lib/python3.11/site-packages/sklearn/base.py:1365: ConvergenceWarning: Number of distinct clusters (1) found smaller than n_clusters (2). Possibly due to duplicate points in X.
  return fit_method(estimator, *args, **kwargs)
/share/yangxizhong/env/anaconda/envs/deepconf/lib/python3.11/site-packages/sklearn/base.py:1365: ConvergenceWarning: Number of distinct clusters (1) found smaller than n_clusters (2). Possibly due to duplicate points in X.
  return fit_method(estimator, *args, **kwargs)
/share/yangxizhong/env/anaconda/envs/deepconf/lib/python3.11/site-packages/sklearn/base.py:1365: ConvergenceWarning: Number of distinct clusters (1) found smaller than n_clusters (2). Possibly due to duplicate points in X.
  return fit_method(estimator, *args, **kwargs)
/share/yangxizhong/env/anaconda/envs/deepconf/lib/python3.11/site-packages/sklearn/base.py:1365: ConvergenceWarning: Number of distinct clusters (1) found smaller than n_clusters (2). Possibly due to duplicate points in X.
  return fit_method(estimator, *args, **kwargs)
/share/yangxizhong/env/anaconda/envs/deepconf/lib/python3.11/site-packages/sklearn/base.py:1365: ConvergenceWarning: Number of distinct clusters (1) found smaller than n_clusters (2). Possibly due to duplicate points in X.
  return fit_method(estimator, *args, **kwargs)
/share/yangxizhong/env/anaconda/envs/deepconf/lib/python3.11/site-packages/sklearn/base.py:1365: ConvergenceWarning: Number of distinct clusters (1) found smaller than n_clusters (2). Possibly due to duplicate points in X.
  return fit_method(estimator, *args, **kwargs)
/share/yangxizhong/env/anaconda/envs/deepconf/lib/python3.11/site-packages/sklearn/base.py:1365: ConvergenceWarning: Number of distinct clusters (1) found smaller than n_clusters (2). Possibly due to duplicate points in X.
  return fit_method(estimator, *args, **kwargs)
/share/yangxizhong/env/anaconda/envs/deepconf/lib/python3.11/site-packages/sklearn/base.py:1365: ConvergenceWarning: Number of distinct clusters (1) found smaller than n_clusters (2). Possibly due to duplicate points in X.
  return fit_method(estimator, *args, **kwargs)
/share/yangxizhong/env/anaconda/envs/deepconf/lib/python3.11/site-packages/sklearn/base.py:1365: ConvergenceWarning: Number of distinct clusters (1) found smaller than n_clusters (2). Possibly due to duplicate points in X.
  return fit_method(estimator, *args, **kwargs)
/share/yangxizhong/env/anaconda/envs/deepconf/lib/python3.11/site-packages/sklearn/base.py:1365: ConvergenceWarning: Number of distinct clusters (1) found smaller than n_clusters (2). Possibly due to duplicate points in X.
  return fit_method(estimator, *args, **kwargs)
/share/yangxizhong/env/anaconda/envs/deepconf/lib/python3.11/site-packages/sklearn/base.py:1365: ConvergenceWarning: Number of distinct clusters (1) found smaller than n_clusters (2). Possibly due to duplicate points in X.
  return fit_method(estimator, *args, **kwargs)
/share/yangxizhong/env/anaconda/envs/deepconf/lib/python3.11/site-packages/sklearn/base.py:1365: ConvergenceWarning: Number of distinct clusters (1) found smaller than n_clusters (2). Possibly due to duplicate points in X.
  return fit_method(estimator, *args, **kwargs)
/share/yangxizhong/env/anaconda/envs/deepconf/lib/python3.11/site-packages/sklearn/base.py:1365: ConvergenceWarning: Number of distinct clusters (1) found smaller than n_clusters (2). Possibly due to duplicate points in X.
  return fit_method(estimator, *args, **kwargs)
/share/yangxizhong/env/anaconda/envs/deepconf/lib/python3.11/site-packages/sklearn/base.py:1365: ConvergenceWarning: Number of distinct clusters (1) found smaller than n_clusters (2). Possibly due to duplicate points in X.
  return fit_method(estimator, *args, **kwargs)
/share/yangxizhong/env/anaconda/envs/deepconf/lib/python3.11/site-packages/sklearn/base.py:1365: ConvergenceWarning: Number of distinct clusters (1) found smaller than n_clusters (2). Possibly due to duplicate points in X.
  return fit_method(estimator, *args, **kwargs)
/share/yangxizhong/env/anaconda/envs/deepconf/lib/python3.11/site-packages/sklearn/base.py:1365: ConvergenceWarning: Number of distinct clusters (1) found smaller than n_clusters (2). Possibly due to duplicate points in X.
  return fit_method(estimator, *args, **kwargs)
/share/yangxizhong/env/anaconda/envs/deepconf/lib/python3.11/site-packages/sklearn/base.py:1365: ConvergenceWarning: Number of distinct clusters (1) found smaller than n_clusters (2). Possibly due to duplicate points in X.
  return fit_method(estimator, *args, **kwargs)
/share/yangxizhong/env/anaconda/envs/deepconf/lib/python3.11/site-packages/sklearn/base.py:1365: ConvergenceWarning: Number of distinct clusters (1) found smaller than n_clusters (2). Possibly due to duplicate points in X.
  return fit_method(estimator, *args, **kwargs)
/share/yangxizhong/env/anaconda/envs/deepconf/lib/python3.11/site-packages/sklearn/base.py:1365: ConvergenceWarning: Number of distinct clusters (1) found smaller than n_clusters (2). Possibly due to duplicate points in X.
  return fit_method(estimator, *args, **kwargs)
/share/yangxizhong/env/anaconda/envs/deepconf/lib/python3.11/site-packages/sklearn/base.py:1365: ConvergenceWarning: Number of distinct clusters (1) found smaller than n_clusters (2). Possibly due to duplicate points in X.
  return fit_method(estimator, *args, **kwargs)
/share/yangxizhong/env/anaconda/envs/deepconf/lib/python3.11/site-packages/sklearn/base.py:1365: ConvergenceWarning: Number of distinct clusters (1) found smaller than n_clusters (2). Possibly due to duplicate points in X.
  return fit_method(estimator, *args, **kwargs)
/share/yangxizhong/env/anaconda/envs/deepconf/lib/python3.11/site-packages/sklearn/base.py:1365: ConvergenceWarning: Number of distinct clusters (1) found smaller than n_clusters (2). Possibly due to duplicate points in X.
  return fit_method(estimator, *args, **kwargs)
/share/yangxizhong/env/anaconda/envs/deepconf/lib/python3.11/site-packages/sklearn/base.py:1365: ConvergenceWarning: Number of distinct clusters (1) found smaller than n_clusters (2). Possibly due to duplicate points in X.
  return fit_method(estimator, *args, **kwargs)
/share/yangxizhong/env/anaconda/envs/deepconf/lib/python3.11/site-packages/sklearn/base.py:1365: ConvergenceWarning: Number of distinct clusters (1) found smaller than n_clusters (2). Possibly due to duplicate points in X.
  return fit_method(estimator, *args, **kwargs)
 62%|██████▏   | 8/13 [1:13:29<56:10, 674.17s/it]/share/yangxizhong/env/anaconda/envs/deepconf/lib/python3.11/site-packages/sklearn/base.py:1365: ConvergenceWarning: Number of distinct clusters (1) found smaller than n_clusters (2). Possibly due to duplicate points in X.
  return fit_method(estimator, *args, **kwargs)
/share/yangxizhong/env/anaconda/envs/deepconf/lib/python3.11/site-packages/sklearn/base.py:1365: ConvergenceWarning: Number of distinct clusters (1) found smaller than n_clusters (2). Possibly due to duplicate points in X.
  return fit_method(estimator, *args, **kwargs)
/share/yangxizhong/env/anaconda/envs/deepconf/lib/python3.11/site-packages/sklearn/base.py:1365: ConvergenceWarning: Number of distinct clusters (1) found smaller than n_clusters (2). Possibly due to duplicate points in X.
  return fit_method(estimator, *args, **kwargs)
/share/yangxizhong/env/anaconda/envs/deepconf/lib/python3.11/site-packages/sklearn/base.py:1365: ConvergenceWarning: Number of distinct clusters (1) found smaller than n_clusters (2). Possibly due to duplicate points in X.
  return fit_method(estimator, *args, **kwargs)
/share/yangxizhong/env/anaconda/envs/deepconf/lib/python3.11/site-packages/sklearn/base.py:1365: ConvergenceWarning: Number of distinct clusters (1) found smaller than n_clusters (2). Possibly due to duplicate points in X.
  return fit_method(estimator, *args, **kwargs)
/share/yangxizhong/env/anaconda/envs/deepconf/lib/python3.11/site-packages/sklearn/base.py:1365: ConvergenceWarning: Number of distinct clusters (1) found smaller than n_clusters (2). Possibly due to duplicate points in X.
  return fit_method(estimator, *args, **kwargs)
/share/yangxizhong/env/anaconda/envs/deepconf/lib/python3.11/site-packages/sklearn/base.py:1365: ConvergenceWarning: Number of distinct clusters (1) found smaller than n_clusters (2). Possibly due to duplicate points in X.
  return fit_method(estimator, *args, **kwargs)
/share/yangxizhong/env/anaconda/envs/deepconf/lib/python3.11/site-packages/sklearn/base.py:1365: ConvergenceWarning: Number of distinct clusters (1) found smaller than n_clusters (2). Possibly due to duplicate points in X.
  return fit_method(estimator, *args, **kwargs)
/share/yangxizhong/env/anaconda/envs/deepconf/lib/python3.11/site-packages/sklearn/base.py:1365: ConvergenceWarning: Number of distinct clusters (1) found smaller than n_clusters (2). Possibly due to duplicate points in X.
  return fit_method(estimator, *args, **kwargs)
/share/yangxizhong/env/anaconda/envs/deepconf/lib/python3.11/site-packages/sklearn/base.py:1365: ConvergenceWarning: Number of distinct clusters (1) found smaller than n_clusters (2). Possibly due to duplicate points in X.
  return fit_method(estimator, *args, **kwargs)
/share/yangxizhong/env/anaconda/envs/deepconf/lib/python3.11/site-packages/sklearn/base.py:1365: ConvergenceWarning: Number of distinct clusters (1) found smaller than n_clusters (2). Possibly due to duplicate points in X.
  return fit_method(estimator, *args, **kwargs)
/share/yangxizhong/env/anaconda/envs/deepconf/lib/python3.11/site-packages/sklearn/base.py:1365: ConvergenceWarning: Number of distinct clusters (1) found smaller than n_clusters (2). Possibly due to duplicate points in X.
  return fit_method(estimator, *args, **kwargs)
/share/yangxizhong/env/anaconda/envs/deepconf/lib/python3.11/site-packages/sklearn/base.py:1365: ConvergenceWarning: Number of distinct clusters (1) found smaller than n_clusters (2). Possibly due to duplicate points in X.
  return fit_method(estimator, *args, **kwargs)
/share/yangxizhong/env/anaconda/envs/deepconf/lib/python3.11/site-packages/sklearn/base.py:1365: ConvergenceWarning: Number of distinct clusters (1) found smaller than n_clusters (2). Possibly due to duplicate points in X.
  return fit_method(estimator, *args, **kwargs)
/share/yangxizhong/env/anaconda/envs/deepconf/lib/python3.11/site-packages/sklearn/base.py:1365: ConvergenceWarning: Number of distinct clusters (1) found smaller than n_clusters (2). Possibly due to duplicate points in X.
  return fit_method(estimator, *args, **kwargs)
/share/yangxizhong/env/anaconda/envs/deepconf/lib/python3.11/site-packages/sklearn/base.py:1365: ConvergenceWarning: Number of distinct clusters (1) found smaller than n_clusters (2). Possibly due to duplicate points in X.
  return fit_method(estimator, *args, **kwargs)
/share/yangxizhong/env/anaconda/envs/deepconf/lib/python3.11/site-packages/sklearn/base.py:1365: ConvergenceWarning: Number of distinct clusters (1) found smaller than n_clusters (2). Possibly due to duplicate points in X.
  return fit_method(estimator, *args, **kwargs)
/share/yangxizhong/env/anaconda/envs/deepconf/lib/python3.11/site-packages/sklearn/base.py:1365: ConvergenceWarning: Number of distinct clusters (1) found smaller than n_clusters (2). Possibly due to duplicate points in X.
  return fit_method(estimator, *args, **kwargs)
/share/yangxizhong/env/anaconda/envs/deepconf/lib/python3.11/site-packages/sklearn/base.py:1365: ConvergenceWarning: Number of distinct clusters (1) found smaller than n_clusters (2). Possibly due to duplicate points in X.
  return fit_method(estimator, *args, **kwargs)
/share/yangxizhong/env/anaconda/envs/deepconf/lib/python3.11/site-packages/sklearn/base.py:1365: ConvergenceWarning: Number of distinct clusters (1) found smaller than n_clusters (2). Possibly due to duplicate points in X.
  return fit_method(estimator, *args, **kwargs)
/share/yangxizhong/env/anaconda/envs/deepconf/lib/python3.11/site-packages/sklearn/base.py:1365: ConvergenceWarning: Number of distinct clusters (1) found smaller than n_clusters (2). Possibly due to duplicate points in X.
  return fit_method(estimator, *args, **kwargs)
/share/yangxizhong/env/anaconda/envs/deepconf/lib/python3.11/site-packages/sklearn/base.py:1365: ConvergenceWarning: Number of distinct clusters (1) found smaller than n_clusters (2). Possibly due to duplicate points in X.
  return fit_method(estimator, *args, **kwargs)
/share/yangxizhong/env/anaconda/envs/deepconf/lib/python3.11/site-packages/sklearn/base.py:1365: ConvergenceWarning: Number of distinct clusters (1) found smaller than n_clusters (2). Possibly due to duplicate points in X.
  return fit_method(estimator, *args, **kwargs)
/share/yangxizhong/env/anaconda/envs/deepconf/lib/python3.11/site-packages/sklearn/base.py:1365: ConvergenceWarning: Number of distinct clusters (1) found smaller than n_clusters (2). Possibly due to duplicate points in X.
  return fit_method(estimator, *args, **kwargs)
/share/yangxizhong/env/anaconda/envs/deepconf/lib/python3.11/site-packages/sklearn/base.py:1365: ConvergenceWarning: Number of distinct clusters (1) found smaller than n_clusters (2). Possibly due to duplicate points in X.
  return fit_method(estimator, *args, **kwargs)
/share/yangxizhong/env/anaconda/envs/deepconf/lib/python3.11/site-packages/sklearn/base.py:1365: ConvergenceWarning: Number of distinct clusters (1) found smaller than n_clusters (2). Possibly due to duplicate points in X.
  return fit_method(estimator, *args, **kwargs)
/share/yangxizhong/env/anaconda/envs/deepconf/lib/python3.11/site-packages/sklearn/base.py:1365: ConvergenceWarning: Number of distinct clusters (1) found smaller than n_clusters (2). Possibly due to duplicate points in X.
  return fit_method(estimator, *args, **kwargs)
/share/yangxizhong/env/anaconda/envs/deepconf/lib/python3.11/site-packages/sklearn/base.py:1365: ConvergenceWarning: Number of distinct clusters (1) found smaller than n_clusters (2). Possibly due to duplicate points in X.
  return fit_method(estimator, *args, **kwargs)
/share/yangxizhong/env/anaconda/envs/deepconf/lib/python3.11/site-packages/sklearn/base.py:1365: ConvergenceWarning: Number of distinct clusters (1) found smaller than n_clusters (2). Possibly due to duplicate points in X.
  return fit_method(estimator, *args, **kwargs)
/share/yangxizhong/env/anaconda/envs/deepconf/lib/python3.11/site-packages/sklearn/base.py:1365: ConvergenceWarning: Number of distinct clusters (1) found smaller than n_clusters (2). Possibly due to duplicate points in X.
  return fit_method(estimator, *args, **kwargs)
/share/yangxizhong/env/anaconda/envs/deepconf/lib/python3.11/site-packages/sklearn/base.py:1365: ConvergenceWarning: Number of distinct clusters (1) found smaller than n_clusters (2). Possibly due to duplicate points in X.
  return fit_method(estimator, *args, **kwargs)
/share/yangxizhong/env/anaconda/envs/deepconf/lib/python3.11/site-packages/sklearn/base.py:1365: ConvergenceWarning: Number of distinct clusters (1) found smaller than n_clusters (2). Possibly due to duplicate points in X.
  return fit_method(estimator, *args, **kwargs)
/share/yangxizhong/env/anaconda/envs/deepconf/lib/python3.11/site-packages/sklearn/base.py:1365: ConvergenceWarning: Number of distinct clusters (1) found smaller than n_clusters (2). Possibly due to duplicate points in X.
  return fit_method(estimator, *args, **kwargs)
/share/yangxizhong/env/anaconda/envs/deepconf/lib/python3.11/site-packages/sklearn/base.py:1365: ConvergenceWarning: Number of distinct clusters (1) found smaller than n_clusters (2). Possibly due to duplicate points in X.
  return fit_method(estimator, *args, **kwargs)
/share/yangxizhong/env/anaconda/envs/deepconf/lib/python3.11/site-packages/sklearn/base.py:1365: ConvergenceWarning: Number of distinct clusters (1) found smaller than n_clusters (2). Possibly due to duplicate points in X.
  return fit_method(estimator, *args, **kwargs)
/share/yangxizhong/env/anaconda/envs/deepconf/lib/python3.11/site-packages/sklearn/base.py:1365: ConvergenceWarning: Number of distinct clusters (1) found smaller than n_clusters (2). Possibly due to duplicate points in X.
  return fit_method(estimator, *args, **kwargs)
/share/yangxizhong/env/anaconda/envs/deepconf/lib/python3.11/site-packages/sklearn/base.py:1365: ConvergenceWarning: Number of distinct clusters (1) found smaller than n_clusters (2). Possibly due to duplicate points in X.
  return fit_method(estimator, *args, **kwargs)
/share/yangxizhong/env/anaconda/envs/deepconf/lib/python3.11/site-packages/sklearn/base.py:1365: ConvergenceWarning: Number of distinct clusters (1) found smaller than n_clusters (2). Possibly due to duplicate points in X.
  return fit_method(estimator, *args, **kwargs)
/share/yangxizhong/env/anaconda/envs/deepconf/lib/python3.11/site-packages/sklearn/base.py:1365: ConvergenceWarning: Number of distinct clusters (1) found smaller than n_clusters (2). Possibly due to duplicate points in X.
  return fit_method(estimator, *args, **kwargs)
/share/yangxizhong/env/anaconda/envs/deepconf/lib/python3.11/site-packages/sklearn/base.py:1365: ConvergenceWarning: Number of distinct clusters (1) found smaller than n_clusters (2). Possibly due to duplicate points in X.
  return fit_method(estimator, *args, **kwargs)
/share/yangxizhong/env/anaconda/envs/deepconf/lib/python3.11/site-packages/sklearn/base.py:1365: ConvergenceWarning: Number of distinct clusters (1) found smaller than n_clusters (2). Possibly due to duplicate points in X.
  return fit_method(estimator, *args, **kwargs)
/share/yangxizhong/env/anaconda/envs/deepconf/lib/python3.11/site-packages/sklearn/base.py:1365: ConvergenceWarning: Number of distinct clusters (1) found smaller than n_clusters (2). Possibly due to duplicate points in X.
  return fit_method(estimator, *args, **kwargs)
/share/yangxizhong/env/anaconda/envs/deepconf/lib/python3.11/site-packages/sklearn/base.py:1365: ConvergenceWarning: Number of distinct clusters (1) found smaller than n_clusters (2). Possibly due to duplicate points in X.
  return fit_method(estimator, *args, **kwargs)
/share/yangxizhong/env/anaconda/envs/deepconf/lib/python3.11/site-packages/sklearn/base.py:1365: ConvergenceWarning: Number of distinct clusters (1) found smaller than n_clusters (2). Possibly due to duplicate points in X.
  return fit_method(estimator, *args, **kwargs)
/share/yangxizhong/env/anaconda/envs/deepconf/lib/python3.11/site-packages/sklearn/base.py:1365: ConvergenceWarning: Number of distinct clusters (1) found smaller than n_clusters (2). Possibly due to duplicate points in X.
  return fit_method(estimator, *args, **kwargs)
/share/yangxizhong/env/anaconda/envs/deepconf/lib/python3.11/site-packages/sklearn/base.py:1365: ConvergenceWarning: Number of distinct clusters (1) found smaller than n_clusters (2). Possibly due to duplicate points in X.
  return fit_method(estimator, *args, **kwargs)
 69%|██████▉   | 9/13 [1:34:36<57:19, 859.77s/it] 77%|███████▋  | 10/13 [1:36:04<31:04, 621.39s/it]/share/yangxizhong/env/anaconda/envs/deepconf/lib/python3.11/site-packages/sklearn/base.py:1365: ConvergenceWarning: Number of distinct clusters (1) found smaller than n_clusters (2). Possibly due to duplicate points in X.
  return fit_method(estimator, *args, **kwargs)
/share/yangxizhong/env/anaconda/envs/deepconf/lib/python3.11/site-packages/sklearn/base.py:1365: ConvergenceWarning: Number of distinct clusters (1) found smaller than n_clusters (2). Possibly due to duplicate points in X.
  return fit_method(estimator, *args, **kwargs)
/share/yangxizhong/env/anaconda/envs/deepconf/lib/python3.11/site-packages/sklearn/base.py:1365: ConvergenceWarning: Number of distinct clusters (1) found smaller than n_clusters (2). Possibly due to duplicate points in X.
  return fit_method(estimator, *args, **kwargs)
/share/yangxizhong/env/anaconda/envs/deepconf/lib/python3.11/site-packages/sklearn/base.py:1365: ConvergenceWarning: Number of distinct clusters (1) found smaller than n_clusters (2). Possibly due to duplicate points in X.
  return fit_method(estimator, *args, **kwargs)
/share/yangxizhong/env/anaconda/envs/deepconf/lib/python3.11/site-packages/sklearn/base.py:1365: ConvergenceWarning: Number of distinct clusters (1) found smaller than n_clusters (2). Possibly due to duplicate points in X.
  return fit_method(estimator, *args, **kwargs)
/share/yangxizhong/env/anaconda/envs/deepconf/lib/python3.11/site-packages/sklearn/base.py:1365: ConvergenceWarning: Number of distinct clusters (1) found smaller than n_clusters (2). Possibly due to duplicate points in X.
  return fit_method(estimator, *args, **kwargs)
/share/yangxizhong/env/anaconda/envs/deepconf/lib/python3.11/site-packages/sklearn/base.py:1365: ConvergenceWarning: Number of distinct clusters (1) found smaller than n_clusters (2). Possibly due to duplicate points in X.
  return fit_method(estimator, *args, **kwargs)
/share/yangxizhong/env/anaconda/envs/deepconf/lib/python3.11/site-packages/sklearn/base.py:1365: ConvergenceWarning: Number of distinct clusters (1) found smaller than n_clusters (2). Possibly due to duplicate points in X.
  return fit_method(estimator, *args, **kwargs)
/share/yangxizhong/env/anaconda/envs/deepconf/lib/python3.11/site-packages/sklearn/base.py:1365: ConvergenceWarning: Number of distinct clusters (1) found smaller than n_clusters (2). Possibly due to duplicate points in X.
  return fit_method(estimator, *args, **kwargs)
/share/yangxizhong/env/anaconda/envs/deepconf/lib/python3.11/site-packages/sklearn/base.py:1365: ConvergenceWarning: Number of distinct clusters (1) found smaller than n_clusters (2). Possibly due to duplicate points in X.
  return fit_method(estimator, *args, **kwargs)
/share/yangxizhong/env/anaconda/envs/deepconf/lib/python3.11/site-packages/sklearn/base.py:1365: ConvergenceWarning: Number of distinct clusters (1) found smaller than n_clusters (2). Possibly due to duplicate points in X.
  return fit_method(estimator, *args, **kwargs)
/share/yangxizhong/env/anaconda/envs/deepconf/lib/python3.11/site-packages/sklearn/base.py:1365: ConvergenceWarning: Number of distinct clusters (1) found smaller than n_clusters (2). Possibly due to duplicate points in X.
  return fit_method(estimator, *args, **kwargs)
/share/yangxizhong/env/anaconda/envs/deepconf/lib/python3.11/site-packages/sklearn/base.py:1365: ConvergenceWarning: Number of distinct clusters (1) found smaller than n_clusters (2). Possibly due to duplicate points in X.
  return fit_method(estimator, *args, **kwargs)
/share/yangxizhong/env/anaconda/envs/deepconf/lib/python3.11/site-packages/sklearn/base.py:1365: ConvergenceWarning: Number of distinct clusters (1) found smaller than n_clusters (2). Possibly due to duplicate points in X.
  return fit_method(estimator, *args, **kwargs)
/share/yangxizhong/env/anaconda/envs/deepconf/lib/python3.11/site-packages/sklearn/base.py:1365: ConvergenceWarning: Number of distinct clusters (1) found smaller than n_clusters (2). Possibly due to duplicate points in X.
  return fit_method(estimator, *args, **kwargs)
/share/yangxizhong/env/anaconda/envs/deepconf/lib/python3.11/site-packages/sklearn/base.py:1365: ConvergenceWarning: Number of distinct clusters (1) found smaller than n_clusters (2). Possibly due to duplicate points in X.
  return fit_method(estimator, *args, **kwargs)
/share/yangxizhong/env/anaconda/envs/deepconf/lib/python3.11/site-packages/sklearn/base.py:1365: ConvergenceWarning: Number of distinct clusters (1) found smaller than n_clusters (2). Possibly due to duplicate points in X.
  return fit_method(estimator, *args, **kwargs)
/share/yangxizhong/env/anaconda/envs/deepconf/lib/python3.11/site-packages/sklearn/base.py:1365: ConvergenceWarning: Number of distinct clusters (1) found smaller than n_clusters (2). Possibly due to duplicate points in X.
  return fit_method(estimator, *args, **kwargs)
/share/yangxizhong/env/anaconda/envs/deepconf/lib/python3.11/site-packages/sklearn/base.py:1365: ConvergenceWarning: Number of distinct clusters (1) found smaller than n_clusters (2). Possibly due to duplicate points in X.
  return fit_method(estimator, *args, **kwargs)
/share/yangxizhong/env/anaconda/envs/deepconf/lib/python3.11/site-packages/sklearn/base.py:1365: ConvergenceWarning: Number of distinct clusters (1) found smaller than n_clusters (2). Possibly due to duplicate points in X.
  return fit_method(estimator, *args, **kwargs)
/share/yangxizhong/env/anaconda/envs/deepconf/lib/python3.11/site-packages/sklearn/base.py:1365: ConvergenceWarning: Number of distinct clusters (1) found smaller than n_clusters (2). Possibly due to duplicate points in X.
  return fit_method(estimator, *args, **kwargs)
/share/yangxizhong/env/anaconda/envs/deepconf/lib/python3.11/site-packages/sklearn/base.py:1365: ConvergenceWarning: Number of distinct clusters (1) found smaller than n_clusters (2). Possibly due to duplicate points in X.
  return fit_method(estimator, *args, **kwargs)
/share/yangxizhong/env/anaconda/envs/deepconf/lib/python3.11/site-packages/sklearn/base.py:1365: ConvergenceWarning: Number of distinct clusters (1) found smaller than n_clusters (2). Possibly due to duplicate points in X.
  return fit_method(estimator, *args, **kwargs)
/share/yangxizhong/env/anaconda/envs/deepconf/lib/python3.11/site-packages/sklearn/base.py:1365: ConvergenceWarning: Number of distinct clusters (1) found smaller than n_clusters (2). Possibly due to duplicate points in X.
  return fit_method(estimator, *args, **kwargs)
/share/yangxizhong/env/anaconda/envs/deepconf/lib/python3.11/site-packages/sklearn/base.py:1365: ConvergenceWarning: Number of distinct clusters (1) found smaller than n_clusters (2). Possibly due to duplicate points in X.
  return fit_method(estimator, *args, **kwargs)
/share/yangxizhong/env/anaconda/envs/deepconf/lib/python3.11/site-packages/sklearn/base.py:1365: ConvergenceWarning: Number of distinct clusters (1) found smaller than n_clusters (2). Possibly due to duplicate points in X.
  return fit_method(estimator, *args, **kwargs)
/share/yangxizhong/env/anaconda/envs/deepconf/lib/python3.11/site-packages/sklearn/base.py:1365: ConvergenceWarning: Number of distinct clusters (1) found smaller than n_clusters (2). Possibly due to duplicate points in X.
  return fit_method(estimator, *args, **kwargs)
/share/yangxizhong/env/anaconda/envs/deepconf/lib/python3.11/site-packages/sklearn/base.py:1365: ConvergenceWarning: Number of distinct clusters (1) found smaller than n_clusters (2). Possibly due to duplicate points in X.
  return fit_method(estimator, *args, **kwargs)
/share/yangxizhong/env/anaconda/envs/deepconf/lib/python3.11/site-packages/sklearn/base.py:1365: ConvergenceWarning: Number of distinct clusters (1) found smaller than n_clusters (2). Possibly due to duplicate points in X.
  return fit_method(estimator, *args, **kwargs)
/share/yangxizhong/env/anaconda/envs/deepconf/lib/python3.11/site-packages/sklearn/base.py:1365: ConvergenceWarning: Number of distinct clusters (1) found smaller than n_clusters (2). Possibly due to duplicate points in X.
  return fit_method(estimator, *args, **kwargs)
/share/yangxizhong/env/anaconda/envs/deepconf/lib/python3.11/site-packages/sklearn/base.py:1365: ConvergenceWarning: Number of distinct clusters (1) found smaller than n_clusters (2). Possibly due to duplicate points in X.
  return fit_method(estimator, *args, **kwargs)
/share/yangxizhong/env/anaconda/envs/deepconf/lib/python3.11/site-packages/sklearn/base.py:1365: ConvergenceWarning: Number of distinct clusters (1) found smaller than n_clusters (2). Possibly due to duplicate points in X.
  return fit_method(estimator, *args, **kwargs)
/share/yangxizhong/env/anaconda/envs/deepconf/lib/python3.11/site-packages/sklearn/base.py:1365: ConvergenceWarning: Number of distinct clusters (1) found smaller than n_clusters (2). Possibly due to duplicate points in X.
  return fit_method(estimator, *args, **kwargs)
/share/yangxizhong/env/anaconda/envs/deepconf/lib/python3.11/site-packages/sklearn/base.py:1365: ConvergenceWarning: Number of distinct clusters (1) found smaller than n_clusters (2). Possibly due to duplicate points in X.
  return fit_method(estimator, *args, **kwargs)
/share/yangxizhong/env/anaconda/envs/deepconf/lib/python3.11/site-packages/sklearn/base.py:1365: ConvergenceWarning: Number of distinct clusters (1) found smaller than n_clusters (2). Possibly due to duplicate points in X.
  return fit_method(estimator, *args, **kwargs)
/share/yangxizhong/env/anaconda/envs/deepconf/lib/python3.11/site-packages/sklearn/base.py:1365: ConvergenceWarning: Number of distinct clusters (1) found smaller than n_clusters (2). Possibly due to duplicate points in X.
  return fit_method(estimator, *args, **kwargs)
/share/yangxizhong/env/anaconda/envs/deepconf/lib/python3.11/site-packages/sklearn/base.py:1365: ConvergenceWarning: Number of distinct clusters (1) found smaller than n_clusters (2). Possibly due to duplicate points in X.
  return fit_method(estimator, *args, **kwargs)
/share/yangxizhong/env/anaconda/envs/deepconf/lib/python3.11/site-packages/sklearn/base.py:1365: ConvergenceWarning: Number of distinct clusters (1) found smaller than n_clusters (2). Possibly due to duplicate points in X.
  return fit_method(estimator, *args, **kwargs)
/share/yangxizhong/env/anaconda/envs/deepconf/lib/python3.11/site-packages/sklearn/base.py:1365: ConvergenceWarning: Number of distinct clusters (1) found smaller than n_clusters (2). Possibly due to duplicate points in X.
  return fit_method(estimator, *args, **kwargs)
/share/yangxizhong/env/anaconda/envs/deepconf/lib/python3.11/site-packages/sklearn/base.py:1365: ConvergenceWarning: Number of distinct clusters (1) found smaller than n_clusters (2). Possibly due to duplicate points in X.
  return fit_method(estimator, *args, **kwargs)
/share/yangxizhong/env/anaconda/envs/deepconf/lib/python3.11/site-packages/sklearn/base.py:1365: ConvergenceWarning: Number of distinct clusters (1) found smaller than n_clusters (2). Possibly due to duplicate points in X.
  return fit_method(estimator, *args, **kwargs)
/share/yangxizhong/env/anaconda/envs/deepconf/lib/python3.11/site-packages/sklearn/base.py:1365: ConvergenceWarning: Number of distinct clusters (1) found smaller than n_clusters (2). Possibly due to duplicate points in X.
  return fit_method(estimator, *args, **kwargs)
/share/yangxizhong/env/anaconda/envs/deepconf/lib/python3.11/site-packages/sklearn/base.py:1365: ConvergenceWarning: Number of distinct clusters (1) found smaller than n_clusters (2). Possibly due to duplicate points in X.
  return fit_method(estimator, *args, **kwargs)
/share/yangxizhong/env/anaconda/envs/deepconf/lib/python3.11/site-packages/sklearn/base.py:1365: ConvergenceWarning: Number of distinct clusters (1) found smaller than n_clusters (2). Possibly due to duplicate points in X.
  return fit_method(estimator, *args, **kwargs)
/share/yangxizhong/env/anaconda/envs/deepconf/lib/python3.11/site-packages/sklearn/base.py:1365: ConvergenceWarning: Number of distinct clusters (1) found smaller than n_clusters (2). Possibly due to duplicate points in X.
  return fit_method(estimator, *args, **kwargs)
/share/yangxizhong/env/anaconda/envs/deepconf/lib/python3.11/site-packages/sklearn/base.py:1365: ConvergenceWarning: Number of distinct clusters (1) found smaller than n_clusters (2). Possibly due to duplicate points in X.
  return fit_method(estimator, *args, **kwargs)
/share/yangxizhong/env/anaconda/envs/deepconf/lib/python3.11/site-packages/sklearn/base.py:1365: ConvergenceWarning: Number of distinct clusters (1) found smaller than n_clusters (2). Possibly due to duplicate points in X.
  return fit_method(estimator, *args, **kwargs)
/share/yangxizhong/env/anaconda/envs/deepconf/lib/python3.11/site-packages/sklearn/base.py:1365: ConvergenceWarning: Number of distinct clusters (1) found smaller than n_clusters (2). Possibly due to duplicate points in X.
  return fit_method(estimator, *args, **kwargs)
/share/yangxizhong/env/anaconda/envs/deepconf/lib/python3.11/site-packages/sklearn/base.py:1365: ConvergenceWarning: Number of distinct clusters (1) found smaller than n_clusters (2). Possibly due to duplicate points in X.
  return fit_method(estimator, *args, **kwargs)
/share/yangxizhong/env/anaconda/envs/deepconf/lib/python3.11/site-packages/sklearn/base.py:1365: ConvergenceWarning: Number of distinct clusters (1) found smaller than n_clusters (2). Possibly due to duplicate points in X.
  return fit_method(estimator, *args, **kwargs)
/share/yangxizhong/env/anaconda/envs/deepconf/lib/python3.11/site-packages/sklearn/base.py:1365: ConvergenceWarning: Number of distinct clusters (1) found smaller than n_clusters (2). Possibly due to duplicate points in X.
  return fit_method(estimator, *args, **kwargs)
/share/yangxizhong/env/anaconda/envs/deepconf/lib/python3.11/site-packages/sklearn/base.py:1365: ConvergenceWarning: Number of distinct clusters (1) found smaller than n_clusters (2). Possibly due to duplicate points in X.
  return fit_method(estimator, *args, **kwargs)
/share/yangxizhong/env/anaconda/envs/deepconf/lib/python3.11/site-packages/sklearn/base.py:1365: ConvergenceWarning: Number of distinct clusters (1) found smaller than n_clusters (2). Possibly due to duplicate points in X.
  return fit_method(estimator, *args, **kwargs)
/share/yangxizhong/env/anaconda/envs/deepconf/lib/python3.11/site-packages/sklearn/base.py:1365: ConvergenceWarning: Number of distinct clusters (1) found smaller than n_clusters (2). Possibly due to duplicate points in X.
  return fit_method(estimator, *args, **kwargs)
/share/yangxizhong/env/anaconda/envs/deepconf/lib/python3.11/site-packages/sklearn/base.py:1365: ConvergenceWarning: Number of distinct clusters (1) found smaller than n_clusters (2). Possibly due to duplicate points in X.
  return fit_method(estimator, *args, **kwargs)
/share/yangxizhong/env/anaconda/envs/deepconf/lib/python3.11/site-packages/sklearn/base.py:1365: ConvergenceWarning: Number of distinct clusters (1) found smaller than n_clusters (2). Possibly due to duplicate points in X.
  return fit_method(estimator, *args, **kwargs)
/share/yangxizhong/env/anaconda/envs/deepconf/lib/python3.11/site-packages/sklearn/base.py:1365: ConvergenceWarning: Number of distinct clusters (1) found smaller than n_clusters (2). Possibly due to duplicate points in X.
  return fit_method(estimator, *args, **kwargs)
/share/yangxizhong/env/anaconda/envs/deepconf/lib/python3.11/site-packages/sklearn/base.py:1365: ConvergenceWarning: Number of distinct clusters (1) found smaller than n_clusters (2). Possibly due to duplicate points in X.
  return fit_method(estimator, *args, **kwargs)
/share/yangxizhong/env/anaconda/envs/deepconf/lib/python3.11/site-packages/sklearn/base.py:1365: ConvergenceWarning: Number of distinct clusters (1) found smaller than n_clusters (2). Possibly due to duplicate points in X.
  return fit_method(estimator, *args, **kwargs)
/share/yangxizhong/env/anaconda/envs/deepconf/lib/python3.11/site-packages/sklearn/base.py:1365: ConvergenceWarning: Number of distinct clusters (1) found smaller than n_clusters (2). Possibly due to duplicate points in X.
  return fit_method(estimator, *args, **kwargs)
/share/yangxizhong/env/anaconda/envs/deepconf/lib/python3.11/site-packages/sklearn/base.py:1365: ConvergenceWarning: Number of distinct clusters (1) found smaller than n_clusters (2). Possibly due to duplicate points in X.
  return fit_method(estimator, *args, **kwargs)
/share/yangxizhong/env/anaconda/envs/deepconf/lib/python3.11/site-packages/sklearn/base.py:1365: ConvergenceWarning: Number of distinct clusters (1) found smaller than n_clusters (2). Possibly due to duplicate points in X.
  return fit_method(estimator, *args, **kwargs)
/share/yangxizhong/env/anaconda/envs/deepconf/lib/python3.11/site-packages/sklearn/base.py:1365: ConvergenceWarning: Number of distinct clusters (1) found smaller than n_clusters (2). Possibly due to duplicate points in X.
  return fit_method(estimator, *args, **kwargs)
/share/yangxizhong/env/anaconda/envs/deepconf/lib/python3.11/site-packages/sklearn/base.py:1365: ConvergenceWarning: Number of distinct clusters (1) found smaller than n_clusters (2). Possibly due to duplicate points in X.
  return fit_method(estimator, *args, **kwargs)
/share/yangxizhong/env/anaconda/envs/deepconf/lib/python3.11/site-packages/sklearn/base.py:1365: ConvergenceWarning: Number of distinct clusters (1) found smaller than n_clusters (2). Possibly due to duplicate points in X.
  return fit_method(estimator, *args, **kwargs)
/share/yangxizhong/env/anaconda/envs/deepconf/lib/python3.11/site-packages/sklearn/base.py:1365: ConvergenceWarning: Number of distinct clusters (1) found smaller than n_clusters (2). Possibly due to duplicate points in X.
  return fit_method(estimator, *args, **kwargs)
/share/yangxizhong/env/anaconda/envs/deepconf/lib/python3.11/site-packages/sklearn/base.py:1365: ConvergenceWarning: Number of distinct clusters (1) found smaller than n_clusters (2). Possibly due to duplicate points in X.
  return fit_method(estimator, *args, **kwargs)
/share/yangxizhong/env/anaconda/envs/deepconf/lib/python3.11/site-packages/sklearn/base.py:1365: ConvergenceWarning: Number of distinct clusters (1) found smaller than n_clusters (2). Possibly due to duplicate points in X.
  return fit_method(estimator, *args, **kwargs)
/share/yangxizhong/env/anaconda/envs/deepconf/lib/python3.11/site-packages/sklearn/base.py:1365: ConvergenceWarning: Number of distinct clusters (1) found smaller than n_clusters (2). Possibly due to duplicate points in X.
  return fit_method(estimator, *args, **kwargs)
/share/yangxizhong/env/anaconda/envs/deepconf/lib/python3.11/site-packages/sklearn/base.py:1365: ConvergenceWarning: Number of distinct clusters (1) found smaller than n_clusters (2). Possibly due to duplicate points in X.
  return fit_method(estimator, *args, **kwargs)
/share/yangxizhong/env/anaconda/envs/deepconf/lib/python3.11/site-packages/sklearn/base.py:1365: ConvergenceWarning: Number of distinct clusters (1) found smaller than n_clusters (2). Possibly due to duplicate points in X.
  return fit_method(estimator, *args, **kwargs)
/share/yangxizhong/env/anaconda/envs/deepconf/lib/python3.11/site-packages/sklearn/base.py:1365: ConvergenceWarning: Number of distinct clusters (1) found smaller than n_clusters (2). Possibly due to duplicate points in X.
  return fit_method(estimator, *args, **kwargs)
/share/yangxizhong/env/anaconda/envs/deepconf/lib/python3.11/site-packages/sklearn/base.py:1365: ConvergenceWarning: Number of distinct clusters (1) found smaller than n_clusters (2). Possibly due to duplicate points in X.
  return fit_method(estimator, *args, **kwargs)
/share/yangxizhong/env/anaconda/envs/deepconf/lib/python3.11/site-packages/sklearn/base.py:1365: ConvergenceWarning: Number of distinct clusters (1) found smaller than n_clusters (2). Possibly due to duplicate points in X.
  return fit_method(estimator, *args, **kwargs)
/share/yangxizhong/env/anaconda/envs/deepconf/lib/python3.11/site-packages/sklearn/base.py:1365: ConvergenceWarning: Number of distinct clusters (1) found smaller than n_clusters (2). Possibly due to duplicate points in X.
  return fit_method(estimator, *args, **kwargs)
/share/yangxizhong/env/anaconda/envs/deepconf/lib/python3.11/site-packages/sklearn/base.py:1365: ConvergenceWarning: Number of distinct clusters (1) found smaller than n_clusters (2). Possibly due to duplicate points in X.
  return fit_method(estimator, *args, **kwargs)
/share/yangxizhong/env/anaconda/envs/deepconf/lib/python3.11/site-packages/sklearn/base.py:1365: ConvergenceWarning: Number of distinct clusters (1) found smaller than n_clusters (2). Possibly due to duplicate points in X.
  return fit_method(estimator, *args, **kwargs)
/share/yangxizhong/env/anaconda/envs/deepconf/lib/python3.11/site-packages/sklearn/base.py:1365: ConvergenceWarning: Number of distinct clusters (1) found smaller than n_clusters (2). Possibly due to duplicate points in X.
  return fit_method(estimator, *args, **kwargs)
/share/yangxizhong/env/anaconda/envs/deepconf/lib/python3.11/site-packages/sklearn/base.py:1365: ConvergenceWarning: Number of distinct clusters (1) found smaller than n_clusters (2). Possibly due to duplicate points in X.
  return fit_method(estimator, *args, **kwargs)
/share/yangxizhong/env/anaconda/envs/deepconf/lib/python3.11/site-packages/sklearn/base.py:1365: ConvergenceWarning: Number of distinct clusters (1) found smaller than n_clusters (2). Possibly due to duplicate points in X.
  return fit_method(estimator, *args, **kwargs)
/share/yangxizhong/env/anaconda/envs/deepconf/lib/python3.11/site-packages/sklearn/base.py:1365: ConvergenceWarning: Number of distinct clusters (1) found smaller than n_clusters (2). Possibly due to duplicate points in X.
  return fit_method(estimator, *args, **kwargs)
/share/yangxizhong/env/anaconda/envs/deepconf/lib/python3.11/site-packages/sklearn/base.py:1365: ConvergenceWarning: Number of distinct clusters (1) found smaller than n_clusters (2). Possibly due to duplicate points in X.
  return fit_method(estimator, *args, **kwargs)
/share/yangxizhong/env/anaconda/envs/deepconf/lib/python3.11/site-packages/sklearn/base.py:1365: ConvergenceWarning: Number of distinct clusters (1) found smaller than n_clusters (2). Possibly due to duplicate points in X.
  return fit_method(estimator, *args, **kwargs)
/share/yangxizhong/env/anaconda/envs/deepconf/lib/python3.11/site-packages/sklearn/base.py:1365: ConvergenceWarning: Number of distinct clusters (1) found smaller than n_clusters (2). Possibly due to duplicate points in X.
  return fit_method(estimator, *args, **kwargs)
/share/yangxizhong/env/anaconda/envs/deepconf/lib/python3.11/site-packages/sklearn/base.py:1365: ConvergenceWarning: Number of distinct clusters (1) found smaller than n_clusters (2). Possibly due to duplicate points in X.
  return fit_method(estimator, *args, **kwargs)
/share/yangxizhong/env/anaconda/envs/deepconf/lib/python3.11/site-packages/sklearn/base.py:1365: ConvergenceWarning: Number of distinct clusters (1) found smaller than n_clusters (2). Possibly due to duplicate points in X.
  return fit_method(estimator, *args, **kwargs)
/share/yangxizhong/env/anaconda/envs/deepconf/lib/python3.11/site-packages/sklearn/base.py:1365: ConvergenceWarning: Number of distinct clusters (1) found smaller than n_clusters (2). Possibly due to duplicate points in X.
  return fit_method(estimator, *args, **kwargs)
/share/yangxizhong/env/anaconda/envs/deepconf/lib/python3.11/site-packages/sklearn/base.py:1365: ConvergenceWarning: Number of distinct clusters (1) found smaller than n_clusters (2). Possibly due to duplicate points in X.
  return fit_method(estimator, *args, **kwargs)
/share/yangxizhong/env/anaconda/envs/deepconf/lib/python3.11/site-packages/sklearn/base.py:1365: ConvergenceWarning: Number of distinct clusters (1) found smaller than n_clusters (2). Possibly due to duplicate points in X.
  return fit_method(estimator, *args, **kwargs)
/share/yangxizhong/env/anaconda/envs/deepconf/lib/python3.11/site-packages/sklearn/base.py:1365: ConvergenceWarning: Number of distinct clusters (1) found smaller than n_clusters (2). Possibly due to duplicate points in X.
  return fit_method(estimator, *args, **kwargs)
/share/yangxizhong/env/anaconda/envs/deepconf/lib/python3.11/site-packages/sklearn/base.py:1365: ConvergenceWarning: Number of distinct clusters (1) found smaller than n_clusters (2). Possibly due to duplicate points in X.
  return fit_method(estimator, *args, **kwargs)
/share/yangxizhong/env/anaconda/envs/deepconf/lib/python3.11/site-packages/sklearn/base.py:1365: ConvergenceWarning: Number of distinct clusters (1) found smaller than n_clusters (2). Possibly due to duplicate points in X.
  return fit_method(estimator, *args, **kwargs)
 85%|████████▍ | 11/13 [1:55:26<26:13, 786.88s/it] 92%|█████████▏| 12/13 [1:55:59<09:17, 557.60s/it]100%|██████████| 13/13 [1:56:38<00:00, 400.55s/it]100%|██████████| 13/13 [1:56:38<00:00, 538.38s/it]
Processing SC with params (0, 0, 'SC', None, None)
Processing 28 files with threading...
hmmt2025 voting acc: 0.21930803571428573
Processing 198 files with threading...
gpqad voting acc: 0.5553188131313131
Processing 30 files with threading...
aime2024 voting acc: 0.46927083333333336
Processing 29 files with threading...
aime2025 voting acc: 0.3572198275862069
Processing 30 files with threading...
brumo2025 voting acc: 0.4984375
结果已动态更新到: /share/yangxizhong/workspace/step_level_deepconf/output/result/voting/Qwen3-14B-NonThinking-core-All-Avg64ofB128-AllAblation-base-repeat2.xlsx
Processing BoN with params (0, 0, 'BoN', None, None)
Processing 28 files with threading...
hmmt2025 voting acc: 0.20926339285714285
Processing 198 files with threading...
gpqad voting acc: 0.5318813131313131
Processing 30 files with threading...
aime2024 voting acc: 0.34010416666666665
Processing 29 files with threading...
aime2025 voting acc: 0.36260775862068967
Processing 30 files with threading...
brumo2025 voting acc: 0.3614583333333333
结果已动态更新到: /share/yangxizhong/workspace/step_level_deepconf/output/result/voting/Qwen3-14B-NonThinking-core-All-Avg64ofB128-AllAblation-base-repeat2.xlsx
Processing MoB-Adaptive with params (1, 0, 'MoB-Adaptive', None, None)
Processing 28 files with threading...
hmmt2025 voting acc: 0.2572544642857143
Processing 198 files with threading...
gpqad voting acc: 0.5634469696969697
Processing 30 files with threading...
aime2024 voting acc: 0.48072916666666665
Processing 29 files with threading...
aime2025 voting acc: 0.4574353448275862
Processing 30 files with threading...
brumo2025 voting acc: 0.5182291666666666
结果已动态更新到: /share/yangxizhong/workspace/step_level_deepconf/output/result/voting/Qwen3-14B-NonThinking-core-All-Avg64ofB128-AllAblation-base-repeat2.xlsx
Processing 0000-Top50-No-WSC with params (0, 0, 'Top50-No-WSC', 'top10', None)
Processing 28 files with threading...
hmmt2025 voting acc: 0.25279017857142855
Processing 198 files with threading...
gpqad voting acc: 0.5651830808080808
Processing 30 files with threading...
aime2024 voting acc: 0.5041666666666667
Processing 29 files with threading...
aime2025 voting acc: 0.36853448275862066
Processing 30 files with threading...
brumo2025 voting acc: 0.5
结果已动态更新到: /share/yangxizhong/workspace/step_level_deepconf/output/result/voting/Qwen3-14B-NonThinking-core-All-Avg64ofB128-AllAblation-base-repeat2.xlsx
Processing 0100-GMM-No-WSC with params (0, 0, 'GMM-No-WSC', 'gmm', None)
Processing 28 files with threading...
hmmt2025 voting acc: 0.25948660714285715
Processing 198 files with threading...
gpqad voting acc: 0.56021148989899
Processing 30 files with threading...
aime2024 voting acc: 0.49583333333333335
Processing 29 files with threading...
aime2025 voting acc: 0.3760775862068966
Processing 30 files with threading...
brumo2025 voting acc: 0.49166666666666664
结果已动态更新到: /share/yangxizhong/workspace/step_level_deepconf/output/result/voting/Qwen3-14B-NonThinking-core-All-Avg64ofB128-AllAblation-base-repeat2.xlsx
Processing 0010-Top50-Reject-WSC with params (0, 0, 'Top50-Reject-WSC', 'top10', None)
Processing 28 files with threading...
hmmt2025 voting acc: 0.25279017857142855
Processing 198 files with threading...
gpqad voting acc: 0.5654198232323232
Processing 30 files with threading...
aime2024 voting acc: 0.5052083333333334
Processing 29 files with threading...
aime2025 voting acc: 0.36907327586206895
Processing 30 files with threading...
brumo2025 voting acc: 0.5
结果已动态更新到: /share/yangxizhong/workspace/step_level_deepconf/output/result/voting/Qwen3-14B-NonThinking-core-All-Avg64ofB128-AllAblation-base-repeat2.xlsx
Processing 0001-Top50-No-HierV with params (0, 0, 'Top50-No-HierV', 'top10', None)
Processing 28 files with threading...
hmmt2025 voting acc: 0.25279017857142855
Processing 198 files with threading...
gpqad voting acc: 0.56478851010101
Processing 30 files with threading...
aime2024 voting acc: 0.4921875
Processing 29 files with threading...
aime2025 voting acc: 0.3954741379310345
Processing 30 files with threading...
brumo2025 voting acc: 0.5145833333333333
结果已动态更新到: /share/yangxizhong/workspace/step_level_deepconf/output/result/voting/Qwen3-14B-NonThinking-core-All-Avg64ofB128-AllAblation-base-repeat2.xlsx
Processing 0110-GMM-Reject-WSC with params (0, 0, 'GMM-Reject-WSC', 'gmm', None)
Processing 28 files with threading...
hmmt2025 voting acc: 0.2583705357142857
Processing 198 files with threading...
gpqad voting acc: 0.5610795454545454
Processing 30 files with threading...
aime2024 voting acc: 0.49635416666666665
Processing 29 files with threading...
aime2025 voting acc: 0.3760775862068966
Processing 30 files with threading...
brumo2025 voting acc: 0.490625
结果已动态更新到: /share/yangxizhong/workspace/step_level_deepconf/output/result/voting/Qwen3-14B-NonThinking-core-All-Avg64ofB128-AllAblation-base-repeat2.xlsx
Processing 0101-GMM-No-HierV with params (0, 0, 'GMM-No-HierV', 'gmm', None)
Processing 28 files with threading...
hmmt2025 voting acc: 0.2611607142857143
Processing 198 files with threading...
gpqad voting acc: 0.5583175505050505
Processing 30 files with threading...
aime2024 voting acc: 0.490625
Processing 29 files with threading...
aime2025 voting acc: 0.3879310344827586
Processing 30 files with threading...
brumo2025 voting acc: 0.4895833333333333
结果已动态更新到: /share/yangxizhong/workspace/step_level_deepconf/output/result/voting/Qwen3-14B-NonThinking-core-All-Avg64ofB128-AllAblation-base-repeat2.xlsx
Processing 0011-Top50-Reject-HierV with params (0, 0, 'Top50-Reject-HierV', 'top10', None)
Processing 28 files with threading...
hmmt2025 voting acc: 0.25279017857142855
Processing 198 files with threading...
gpqad voting acc: 0.5635258838383839
Processing 30 files with threading...
aime2024 voting acc: 0.490625
Processing 29 files with threading...
aime2025 voting acc: 0.39439655172413796
Processing 30 files with threading...
brumo2025 voting acc: 0.5130208333333334
结果已动态更新到: /share/yangxizhong/workspace/step_level_deepconf/output/result/voting/Qwen3-14B-NonThinking-core-All-Avg64ofB128-AllAblation-base-repeat2.xlsx
Processing 0111-GMM-Reject-HierV with params (0, 0, 'GMM-Reject-HierV', 'gmm', None)
Processing 28 files with threading...
hmmt2025 voting acc: 0.25892857142857145
Processing 198 files with threading...
gpqad voting acc: 0.5588699494949495
Processing 30 files with threading...
aime2024 voting acc: 0.4901041666666667
Processing 29 files with threading...
aime2025 voting acc: 0.38523706896551724
Processing 30 files with threading...
brumo2025 voting acc: 0.4864583333333333
结果已动态更新到: /share/yangxizhong/workspace/step_level_deepconf/output/result/voting/Qwen3-14B-NonThinking-core-All-Avg64ofB128-AllAblation-base-repeat2.xlsx
Processing 0000-No-No-WSC with params (0, 0, 'No-No-WSC', None, None)
Processing 28 files with threading...
hmmt2025 voting acc: 0.22935267857142858
Processing 198 files with threading...
gpqad voting acc: 0.5578440656565656
Processing 30 files with threading...
aime2024 voting acc: 0.4765625
Processing 29 files with threading...
aime2025 voting acc: 0.3599137931034483
Processing 30 files with threading...
brumo2025 voting acc: 0.5026041666666666
结果已动态更新到: /share/yangxizhong/workspace/step_level_deepconf/output/result/voting/Qwen3-14B-NonThinking-core-All-Avg64ofB128-AllAblation-base-repeat2.xlsx
Processing 0001-No-No-HierV with params (0, 0, 'No-No-HierV', None, None)
Processing 28 files with threading...
hmmt2025 voting acc: 0.20926339285714285
Processing 198 files with threading...
gpqad voting acc: 0.5512941919191919
Processing 30 files with threading...
aime2024 voting acc: 0.47760416666666666
Processing 29 files with threading...
aime2025 voting acc: 0.3577586206896552
Processing 30 files with threading...
brumo2025 voting acc: 0.49375
结果已动态更新到: /share/yangxizhong/workspace/step_level_deepconf/output/result/voting/Qwen3-14B-NonThinking-core-All-Avg64ofB128-AllAblation-base-repeat2.xlsx
VOTING_MODE: No-No-HierV, THRESHOLD_MODE: None, THRESHOLD_SCOPE: None
  0%|          | 0/13 [00:00<?, ?it/s]  8%|▊         | 1/13 [00:32<06:31, 32.65s/it] 15%|█▌        | 2/13 [01:16<07:11, 39.27s/it] 23%|██▎       | 3/13 [02:07<07:25, 44.60s/it] 31%|███       | 4/13 [02:48<06:30, 43.33s/it]/share/yangxizhong/env/anaconda/envs/deepconf/lib/python3.11/site-packages/sklearn/base.py:1365: ConvergenceWarning: Number of distinct clusters (1) found smaller than n_clusters (2). Possibly due to duplicate points in X.
  return fit_method(estimator, *args, **kwargs)
/share/yangxizhong/env/anaconda/envs/deepconf/lib/python3.11/site-packages/sklearn/base.py:1365: ConvergenceWarning: Number of distinct clusters (1) found smaller than n_clusters (2). Possibly due to duplicate points in X.
  return fit_method(estimator, *args, **kwargs)
/share/yangxizhong/env/anaconda/envs/deepconf/lib/python3.11/site-packages/sklearn/base.py:1365: ConvergenceWarning: Number of distinct clusters (1) found smaller than n_clusters (2). Possibly due to duplicate points in X.
  return fit_method(estimator, *args, **kwargs)
/share/yangxizhong/env/anaconda/envs/deepconf/lib/python3.11/site-packages/sklearn/base.py:1365: ConvergenceWarning: Number of distinct clusters (1) found smaller than n_clusters (2). Possibly due to duplicate points in X.
  return fit_method(estimator, *args, **kwargs)
/share/yangxizhong/env/anaconda/envs/deepconf/lib/python3.11/site-packages/sklearn/base.py:1365: ConvergenceWarning: Number of distinct clusters (1) found smaller than n_clusters (2). Possibly due to duplicate points in X.
  return fit_method(estimator, *args, **kwargs)
/share/yangxizhong/env/anaconda/envs/deepconf/lib/python3.11/site-packages/sklearn/base.py:1365: ConvergenceWarning: Number of distinct clusters (1) found smaller than n_clusters (2). Possibly due to duplicate points in X.
  return fit_method(estimator, *args, **kwargs)
/share/yangxizhong/env/anaconda/envs/deepconf/lib/python3.11/site-packages/sklearn/base.py:1365: ConvergenceWarning: Number of distinct clusters (1) found smaller than n_clusters (2). Possibly due to duplicate points in X.
  return fit_method(estimator, *args, **kwargs)
/share/yangxizhong/env/anaconda/envs/deepconf/lib/python3.11/site-packages/sklearn/base.py:1365: ConvergenceWarning: Number of distinct clusters (1) found smaller than n_clusters (2). Possibly due to duplicate points in X.
  return fit_method(estimator, *args, **kwargs)
/share/yangxizhong/env/anaconda/envs/deepconf/lib/python3.11/site-packages/sklearn/base.py:1365: ConvergenceWarning: Number of distinct clusters (1) found smaller than n_clusters (2). Possibly due to duplicate points in X.
  return fit_method(estimator, *args, **kwargs)
/share/yangxizhong/env/anaconda/envs/deepconf/lib/python3.11/site-packages/sklearn/base.py:1365: ConvergenceWarning: Number of distinct clusters (1) found smaller than n_clusters (2). Possibly due to duplicate points in X.
  return fit_method(estimator, *args, **kwargs)
/share/yangxizhong/env/anaconda/envs/deepconf/lib/python3.11/site-packages/sklearn/base.py:1365: ConvergenceWarning: Number of distinct clusters (1) found smaller than n_clusters (2). Possibly due to duplicate points in X.
  return fit_method(estimator, *args, **kwargs)
/share/yangxizhong/env/anaconda/envs/deepconf/lib/python3.11/site-packages/sklearn/base.py:1365: ConvergenceWarning: Number of distinct clusters (1) found smaller than n_clusters (2). Possibly due to duplicate points in X.
  return fit_method(estimator, *args, **kwargs)
/share/yangxizhong/env/anaconda/envs/deepconf/lib/python3.11/site-packages/sklearn/base.py:1365: ConvergenceWarning: Number of distinct clusters (1) found smaller than n_clusters (2). Possibly due to duplicate points in X.
  return fit_method(estimator, *args, **kwargs)
/share/yangxizhong/env/anaconda/envs/deepconf/lib/python3.11/site-packages/sklearn/base.py:1365: ConvergenceWarning: Number of distinct clusters (1) found smaller than n_clusters (2). Possibly due to duplicate points in X.
  return fit_method(estimator, *args, **kwargs)
/share/yangxizhong/env/anaconda/envs/deepconf/lib/python3.11/site-packages/sklearn/base.py:1365: ConvergenceWarning: Number of distinct clusters (1) found smaller than n_clusters (2). Possibly due to duplicate points in X.
  return fit_method(estimator, *args, **kwargs)
/share/yangxizhong/env/anaconda/envs/deepconf/lib/python3.11/site-packages/sklearn/base.py:1365: ConvergenceWarning: Number of distinct clusters (1) found smaller than n_clusters (2). Possibly due to duplicate points in X.
  return fit_method(estimator, *args, **kwargs)
/share/yangxizhong/env/anaconda/envs/deepconf/lib/python3.11/site-packages/sklearn/base.py:1365: ConvergenceWarning: Number of distinct clusters (1) found smaller than n_clusters (2). Possibly due to duplicate points in X.
  return fit_method(estimator, *args, **kwargs)
/share/yangxizhong/env/anaconda/envs/deepconf/lib/python3.11/site-packages/sklearn/base.py:1365: ConvergenceWarning: Number of distinct clusters (1) found smaller than n_clusters (2). Possibly due to duplicate points in X.
  return fit_method(estimator, *args, **kwargs)
/share/yangxizhong/env/anaconda/envs/deepconf/lib/python3.11/site-packages/sklearn/base.py:1365: ConvergenceWarning: Number of distinct clusters (1) found smaller than n_clusters (2). Possibly due to duplicate points in X.
  return fit_method(estimator, *args, **kwargs)
/share/yangxizhong/env/anaconda/envs/deepconf/lib/python3.11/site-packages/sklearn/base.py:1365: ConvergenceWarning: Number of distinct clusters (1) found smaller than n_clusters (2). Possibly due to duplicate points in X.
  return fit_method(estimator, *args, **kwargs)
/share/yangxizhong/env/anaconda/envs/deepconf/lib/python3.11/site-packages/sklearn/base.py:1365: ConvergenceWarning: Number of distinct clusters (1) found smaller than n_clusters (2). Possibly due to duplicate points in X.
  return fit_method(estimator, *args, **kwargs)
/share/yangxizhong/env/anaconda/envs/deepconf/lib/python3.11/site-packages/sklearn/base.py:1365: ConvergenceWarning: Number of distinct clusters (1) found smaller than n_clusters (2). Possibly due to duplicate points in X.
  return fit_method(estimator, *args, **kwargs)
/share/yangxizhong/env/anaconda/envs/deepconf/lib/python3.11/site-packages/sklearn/base.py:1365: ConvergenceWarning: Number of distinct clusters (1) found smaller than n_clusters (2). Possibly due to duplicate points in X.
  return fit_method(estimator, *args, **kwargs)
/share/yangxizhong/env/anaconda/envs/deepconf/lib/python3.11/site-packages/sklearn/base.py:1365: ConvergenceWarning: Number of distinct clusters (1) found smaller than n_clusters (2). Possibly due to duplicate points in X.
  return fit_method(estimator, *args, **kwargs)
/share/yangxizhong/env/anaconda/envs/deepconf/lib/python3.11/site-packages/sklearn/base.py:1365: ConvergenceWarning: Number of distinct clusters (1) found smaller than n_clusters (2). Possibly due to duplicate points in X.
  return fit_method(estimator, *args, **kwargs)
/share/yangxizhong/env/anaconda/envs/deepconf/lib/python3.11/site-packages/sklearn/base.py:1365: ConvergenceWarning: Number of distinct clusters (1) found smaller than n_clusters (2). Possibly due to duplicate points in X.
  return fit_method(estimator, *args, **kwargs)
/share/yangxizhong/env/anaconda/envs/deepconf/lib/python3.11/site-packages/sklearn/base.py:1365: ConvergenceWarning: Number of distinct clusters (1) found smaller than n_clusters (2). Possibly due to duplicate points in X.
  return fit_method(estimator, *args, **kwargs)
/share/yangxizhong/env/anaconda/envs/deepconf/lib/python3.11/site-packages/sklearn/base.py:1365: ConvergenceWarning: Number of distinct clusters (1) found smaller than n_clusters (2). Possibly due to duplicate points in X.
  return fit_method(estimator, *args, **kwargs)
/share/yangxizhong/env/anaconda/envs/deepconf/lib/python3.11/site-packages/sklearn/base.py:1365: ConvergenceWarning: Number of distinct clusters (1) found smaller than n_clusters (2). Possibly due to duplicate points in X.
  return fit_method(estimator, *args, **kwargs)
/share/yangxizhong/env/anaconda/envs/deepconf/lib/python3.11/site-packages/sklearn/base.py:1365: ConvergenceWarning: Number of distinct clusters (1) found smaller than n_clusters (2). Possibly due to duplicate points in X.
  return fit_method(estimator, *args, **kwargs)
/share/yangxizhong/env/anaconda/envs/deepconf/lib/python3.11/site-packages/sklearn/base.py:1365: ConvergenceWarning: Number of distinct clusters (1) found smaller than n_clusters (2). Possibly due to duplicate points in X.
  return fit_method(estimator, *args, **kwargs)
/share/yangxizhong/env/anaconda/envs/deepconf/lib/python3.11/site-packages/sklearn/base.py:1365: ConvergenceWarning: Number of distinct clusters (1) found smaller than n_clusters (2). Possibly due to duplicate points in X.
  return fit_method(estimator, *args, **kwargs)
/share/yangxizhong/env/anaconda/envs/deepconf/lib/python3.11/site-packages/sklearn/base.py:1365: ConvergenceWarning: Number of distinct clusters (1) found smaller than n_clusters (2). Possibly due to duplicate points in X.
  return fit_method(estimator, *args, **kwargs)
/share/yangxizhong/env/anaconda/envs/deepconf/lib/python3.11/site-packages/sklearn/base.py:1365: ConvergenceWarning: Number of distinct clusters (1) found smaller than n_clusters (2). Possibly due to duplicate points in X.
  return fit_method(estimator, *args, **kwargs)
/share/yangxizhong/env/anaconda/envs/deepconf/lib/python3.11/site-packages/sklearn/base.py:1365: ConvergenceWarning: Number of distinct clusters (1) found smaller than n_clusters (2). Possibly due to duplicate points in X.
  return fit_method(estimator, *args, **kwargs)
/share/yangxizhong/env/anaconda/envs/deepconf/lib/python3.11/site-packages/sklearn/base.py:1365: ConvergenceWarning: Number of distinct clusters (1) found smaller than n_clusters (2). Possibly due to duplicate points in X.
  return fit_method(estimator, *args, **kwargs)
/share/yangxizhong/env/anaconda/envs/deepconf/lib/python3.11/site-packages/sklearn/base.py:1365: ConvergenceWarning: Number of distinct clusters (1) found smaller than n_clusters (2). Possibly due to duplicate points in X.
  return fit_method(estimator, *args, **kwargs)
/share/yangxizhong/env/anaconda/envs/deepconf/lib/python3.11/site-packages/sklearn/base.py:1365: ConvergenceWarning: Number of distinct clusters (1) found smaller than n_clusters (2). Possibly due to duplicate points in X.
  return fit_method(estimator, *args, **kwargs)
/share/yangxizhong/env/anaconda/envs/deepconf/lib/python3.11/site-packages/sklearn/base.py:1365: ConvergenceWarning: Number of distinct clusters (1) found smaller than n_clusters (2). Possibly due to duplicate points in X.
  return fit_method(estimator, *args, **kwargs)
/share/yangxizhong/env/anaconda/envs/deepconf/lib/python3.11/site-packages/sklearn/base.py:1365: ConvergenceWarning: Number of distinct clusters (1) found smaller than n_clusters (2). Possibly due to duplicate points in X.
  return fit_method(estimator, *args, **kwargs)
/share/yangxizhong/env/anaconda/envs/deepconf/lib/python3.11/site-packages/sklearn/base.py:1365: ConvergenceWarning: Number of distinct clusters (1) found smaller than n_clusters (2). Possibly due to duplicate points in X.
  return fit_method(estimator, *args, **kwargs)
/share/yangxizhong/env/anaconda/envs/deepconf/lib/python3.11/site-packages/sklearn/base.py:1365: ConvergenceWarning: Number of distinct clusters (1) found smaller than n_clusters (2). Possibly due to duplicate points in X.
  return fit_method(estimator, *args, **kwargs)
/share/yangxizhong/env/anaconda/envs/deepconf/lib/python3.11/site-packages/sklearn/base.py:1365: ConvergenceWarning: Number of distinct clusters (1) found smaller than n_clusters (2). Possibly due to duplicate points in X.
  return fit_method(estimator, *args, **kwargs)
/share/yangxizhong/env/anaconda/envs/deepconf/lib/python3.11/site-packages/sklearn/base.py:1365: ConvergenceWarning: Number of distinct clusters (1) found smaller than n_clusters (2). Possibly due to duplicate points in X.
  return fit_method(estimator, *args, **kwargs)
/share/yangxizhong/env/anaconda/envs/deepconf/lib/python3.11/site-packages/sklearn/base.py:1365: ConvergenceWarning: Number of distinct clusters (1) found smaller than n_clusters (2). Possibly due to duplicate points in X.
  return fit_method(estimator, *args, **kwargs)
/share/yangxizhong/env/anaconda/envs/deepconf/lib/python3.11/site-packages/sklearn/base.py:1365: ConvergenceWarning: Number of distinct clusters (1) found smaller than n_clusters (2). Possibly due to duplicate points in X.
  return fit_method(estimator, *args, **kwargs)
/share/yangxizhong/env/anaconda/envs/deepconf/lib/python3.11/site-packages/sklearn/base.py:1365: ConvergenceWarning: Number of distinct clusters (1) found smaller than n_clusters (2). Possibly due to duplicate points in X.
  return fit_method(estimator, *args, **kwargs)
/share/yangxizhong/env/anaconda/envs/deepconf/lib/python3.11/site-packages/sklearn/base.py:1365: ConvergenceWarning: Number of distinct clusters (1) found smaller than n_clusters (2). Possibly due to duplicate points in X.
  return fit_method(estimator, *args, **kwargs)
/share/yangxizhong/env/anaconda/envs/deepconf/lib/python3.11/site-packages/sklearn/base.py:1365: ConvergenceWarning: Number of distinct clusters (1) found smaller than n_clusters (2). Possibly due to duplicate points in X.
  return fit_method(estimator, *args, **kwargs)
/share/yangxizhong/env/anaconda/envs/deepconf/lib/python3.11/site-packages/sklearn/base.py:1365: ConvergenceWarning: Number of distinct clusters (1) found smaller than n_clusters (2). Possibly due to duplicate points in X.
  return fit_method(estimator, *args, **kwargs)
/share/yangxizhong/env/anaconda/envs/deepconf/lib/python3.11/site-packages/sklearn/base.py:1365: ConvergenceWarning: Number of distinct clusters (1) found smaller than n_clusters (2). Possibly due to duplicate points in X.
  return fit_method(estimator, *args, **kwargs)
/share/yangxizhong/env/anaconda/envs/deepconf/lib/python3.11/site-packages/sklearn/base.py:1365: ConvergenceWarning: Number of distinct clusters (1) found smaller than n_clusters (2). Possibly due to duplicate points in X.
  return fit_method(estimator, *args, **kwargs)
/share/yangxizhong/env/anaconda/envs/deepconf/lib/python3.11/site-packages/sklearn/base.py:1365: ConvergenceWarning: Number of distinct clusters (1) found smaller than n_clusters (2). Possibly due to duplicate points in X.
  return fit_method(estimator, *args, **kwargs)
/share/yangxizhong/env/anaconda/envs/deepconf/lib/python3.11/site-packages/sklearn/base.py:1365: ConvergenceWarning: Number of distinct clusters (1) found smaller than n_clusters (2). Possibly due to duplicate points in X.
  return fit_method(estimator, *args, **kwargs)
/share/yangxizhong/env/anaconda/envs/deepconf/lib/python3.11/site-packages/sklearn/base.py:1365: ConvergenceWarning: Number of distinct clusters (1) found smaller than n_clusters (2). Possibly due to duplicate points in X.
  return fit_method(estimator, *args, **kwargs)
/share/yangxizhong/env/anaconda/envs/deepconf/lib/python3.11/site-packages/sklearn/base.py:1365: ConvergenceWarning: Number of distinct clusters (1) found smaller than n_clusters (2). Possibly due to duplicate points in X.
  return fit_method(estimator, *args, **kwargs)
/share/yangxizhong/env/anaconda/envs/deepconf/lib/python3.11/site-packages/sklearn/base.py:1365: ConvergenceWarning: Number of distinct clusters (1) found smaller than n_clusters (2). Possibly due to duplicate points in X.
  return fit_method(estimator, *args, **kwargs)
/share/yangxizhong/env/anaconda/envs/deepconf/lib/python3.11/site-packages/sklearn/base.py:1365: ConvergenceWarning: Number of distinct clusters (1) found smaller than n_clusters (2). Possibly due to duplicate points in X.
  return fit_method(estimator, *args, **kwargs)
/share/yangxizhong/env/anaconda/envs/deepconf/lib/python3.11/site-packages/sklearn/base.py:1365: ConvergenceWarning: Number of distinct clusters (1) found smaller than n_clusters (2). Possibly due to duplicate points in X.
  return fit_method(estimator, *args, **kwargs)
/share/yangxizhong/env/anaconda/envs/deepconf/lib/python3.11/site-packages/sklearn/base.py:1365: ConvergenceWarning: Number of distinct clusters (1) found smaller than n_clusters (2). Possibly due to duplicate points in X.
  return fit_method(estimator, *args, **kwargs)
/share/yangxizhong/env/anaconda/envs/deepconf/lib/python3.11/site-packages/sklearn/base.py:1365: ConvergenceWarning: Number of distinct clusters (1) found smaller than n_clusters (2). Possibly due to duplicate points in X.
  return fit_method(estimator, *args, **kwargs)
/share/yangxizhong/env/anaconda/envs/deepconf/lib/python3.11/site-packages/sklearn/base.py:1365: ConvergenceWarning: Number of distinct clusters (1) found smaller than n_clusters (2). Possibly due to duplicate points in X.
  return fit_method(estimator, *args, **kwargs)
/share/yangxizhong/env/anaconda/envs/deepconf/lib/python3.11/site-packages/sklearn/base.py:1365: ConvergenceWarning: Number of distinct clusters (1) found smaller than n_clusters (2). Possibly due to duplicate points in X.
  return fit_method(estimator, *args, **kwargs)
/share/yangxizhong/env/anaconda/envs/deepconf/lib/python3.11/site-packages/sklearn/base.py:1365: ConvergenceWarning: Number of distinct clusters (1) found smaller than n_clusters (2). Possibly due to duplicate points in X.
  return fit_method(estimator, *args, **kwargs)
/share/yangxizhong/env/anaconda/envs/deepconf/lib/python3.11/site-packages/sklearn/base.py:1365: ConvergenceWarning: Number of distinct clusters (1) found smaller than n_clusters (2). Possibly due to duplicate points in X.
  return fit_method(estimator, *args, **kwargs)
/share/yangxizhong/env/anaconda/envs/deepconf/lib/python3.11/site-packages/sklearn/base.py:1365: ConvergenceWarning: Number of distinct clusters (1) found smaller than n_clusters (2). Possibly due to duplicate points in X.
  return fit_method(estimator, *args, **kwargs)
/share/yangxizhong/env/anaconda/envs/deepconf/lib/python3.11/site-packages/sklearn/base.py:1365: ConvergenceWarning: Number of distinct clusters (1) found smaller than n_clusters (2). Possibly due to duplicate points in X.
  return fit_method(estimator, *args, **kwargs)
/share/yangxizhong/env/anaconda/envs/deepconf/lib/python3.11/site-packages/sklearn/base.py:1365: ConvergenceWarning: Number of distinct clusters (1) found smaller than n_clusters (2). Possibly due to duplicate points in X.
  return fit_method(estimator, *args, **kwargs)
/share/yangxizhong/env/anaconda/envs/deepconf/lib/python3.11/site-packages/sklearn/base.py:1365: ConvergenceWarning: Number of distinct clusters (1) found smaller than n_clusters (2). Possibly due to duplicate points in X.
  return fit_method(estimator, *args, **kwargs)
/share/yangxizhong/env/anaconda/envs/deepconf/lib/python3.11/site-packages/sklearn/base.py:1365: ConvergenceWarning: Number of distinct clusters (1) found smaller than n_clusters (2). Possibly due to duplicate points in X.
  return fit_method(estimator, *args, **kwargs)
/share/yangxizhong/env/anaconda/envs/deepconf/lib/python3.11/site-packages/sklearn/base.py:1365: ConvergenceWarning: Number of distinct clusters (1) found smaller than n_clusters (2). Possibly due to duplicate points in X.
  return fit_method(estimator, *args, **kwargs)
/share/yangxizhong/env/anaconda/envs/deepconf/lib/python3.11/site-packages/sklearn/base.py:1365: ConvergenceWarning: Number of distinct clusters (1) found smaller than n_clusters (2). Possibly due to duplicate points in X.
  return fit_method(estimator, *args, **kwargs)
/share/yangxizhong/env/anaconda/envs/deepconf/lib/python3.11/site-packages/sklearn/base.py:1365: ConvergenceWarning: Number of distinct clusters (1) found smaller than n_clusters (2). Possibly due to duplicate points in X.
  return fit_method(estimator, *args, **kwargs)
/share/yangxizhong/env/anaconda/envs/deepconf/lib/python3.11/site-packages/sklearn/base.py:1365: ConvergenceWarning: Number of distinct clusters (1) found smaller than n_clusters (2). Possibly due to duplicate points in X.
  return fit_method(estimator, *args, **kwargs)
/share/yangxizhong/env/anaconda/envs/deepconf/lib/python3.11/site-packages/sklearn/base.py:1365: ConvergenceWarning: Number of distinct clusters (1) found smaller than n_clusters (2). Possibly due to duplicate points in X.
  return fit_method(estimator, *args, **kwargs)
/share/yangxizhong/env/anaconda/envs/deepconf/lib/python3.11/site-packages/sklearn/base.py:1365: ConvergenceWarning: Number of distinct clusters (1) found smaller than n_clusters (2). Possibly due to duplicate points in X.
  return fit_method(estimator, *args, **kwargs)
/share/yangxizhong/env/anaconda/envs/deepconf/lib/python3.11/site-packages/sklearn/base.py:1365: ConvergenceWarning: Number of distinct clusters (1) found smaller than n_clusters (2). Possibly due to duplicate points in X.
  return fit_method(estimator, *args, **kwargs)
/share/yangxizhong/env/anaconda/envs/deepconf/lib/python3.11/site-packages/sklearn/base.py:1365: ConvergenceWarning: Number of distinct clusters (1) found smaller than n_clusters (2). Possibly due to duplicate points in X.
  return fit_method(estimator, *args, **kwargs)
/share/yangxizhong/env/anaconda/envs/deepconf/lib/python3.11/site-packages/sklearn/base.py:1365: ConvergenceWarning: Number of distinct clusters (1) found smaller than n_clusters (2). Possibly due to duplicate points in X.
  return fit_method(estimator, *args, **kwargs)
/share/yangxizhong/env/anaconda/envs/deepconf/lib/python3.11/site-packages/sklearn/base.py:1365: ConvergenceWarning: Number of distinct clusters (1) found smaller than n_clusters (2). Possibly due to duplicate points in X.
  return fit_method(estimator, *args, **kwargs)
/share/yangxizhong/env/anaconda/envs/deepconf/lib/python3.11/site-packages/sklearn/base.py:1365: ConvergenceWarning: Number of distinct clusters (1) found smaller than n_clusters (2). Possibly due to duplicate points in X.
  return fit_method(estimator, *args, **kwargs)
/share/yangxizhong/env/anaconda/envs/deepconf/lib/python3.11/site-packages/sklearn/base.py:1365: ConvergenceWarning: Number of distinct clusters (1) found smaller than n_clusters (2). Possibly due to duplicate points in X.
  return fit_method(estimator, *args, **kwargs)
/share/yangxizhong/env/anaconda/envs/deepconf/lib/python3.11/site-packages/sklearn/base.py:1365: ConvergenceWarning: Number of distinct clusters (1) found smaller than n_clusters (2). Possibly due to duplicate points in X.
  return fit_method(estimator, *args, **kwargs)
/share/yangxizhong/env/anaconda/envs/deepconf/lib/python3.11/site-packages/sklearn/base.py:1365: ConvergenceWarning: Number of distinct clusters (1) found smaller than n_clusters (2). Possibly due to duplicate points in X.
  return fit_method(estimator, *args, **kwargs)
/share/yangxizhong/env/anaconda/envs/deepconf/lib/python3.11/site-packages/sklearn/base.py:1365: ConvergenceWarning: Number of distinct clusters (1) found smaller than n_clusters (2). Possibly due to duplicate points in X.
  return fit_method(estimator, *args, **kwargs)
/share/yangxizhong/env/anaconda/envs/deepconf/lib/python3.11/site-packages/sklearn/base.py:1365: ConvergenceWarning: Number of distinct clusters (1) found smaller than n_clusters (2). Possibly due to duplicate points in X.
  return fit_method(estimator, *args, **kwargs)
/share/yangxizhong/env/anaconda/envs/deepconf/lib/python3.11/site-packages/sklearn/base.py:1365: ConvergenceWarning: Number of distinct clusters (1) found smaller than n_clusters (2). Possibly due to duplicate points in X.
  return fit_method(estimator, *args, **kwargs)
/share/yangxizhong/env/anaconda/envs/deepconf/lib/python3.11/site-packages/sklearn/base.py:1365: ConvergenceWarning: Number of distinct clusters (1) found smaller than n_clusters (2). Possibly due to duplicate points in X.
  return fit_method(estimator, *args, **kwargs)
/share/yangxizhong/env/anaconda/envs/deepconf/lib/python3.11/site-packages/sklearn/base.py:1365: ConvergenceWarning: Number of distinct clusters (1) found smaller than n_clusters (2). Possibly due to duplicate points in X.
  return fit_method(estimator, *args, **kwargs)
/share/yangxizhong/env/anaconda/envs/deepconf/lib/python3.11/site-packages/sklearn/base.py:1365: ConvergenceWarning: Number of distinct clusters (1) found smaller than n_clusters (2). Possibly due to duplicate points in X.
  return fit_method(estimator, *args, **kwargs)
/share/yangxizhong/env/anaconda/envs/deepconf/lib/python3.11/site-packages/sklearn/base.py:1365: ConvergenceWarning: Number of distinct clusters (1) found smaller than n_clusters (2). Possibly due to duplicate points in X.
  return fit_method(estimator, *args, **kwargs)
/share/yangxizhong/env/anaconda/envs/deepconf/lib/python3.11/site-packages/sklearn/base.py:1365: ConvergenceWarning: Number of distinct clusters (1) found smaller than n_clusters (2). Possibly due to duplicate points in X.
  return fit_method(estimator, *args, **kwargs)
 38%|███▊      | 5/13 [04:55<09:45, 73.20s/it] 46%|████▌     | 6/13 [06:17<08:53, 76.24s/it] 54%|█████▍    | 7/13 [07:02<06:36, 66.02s/it]/share/yangxizhong/env/anaconda/envs/deepconf/lib/python3.11/site-packages/sklearn/base.py:1365: ConvergenceWarning: Number of distinct clusters (1) found smaller than n_clusters (2). Possibly due to duplicate points in X.
  return fit_method(estimator, *args, **kwargs)
/share/yangxizhong/env/anaconda/envs/deepconf/lib/python3.11/site-packages/sklearn/base.py:1365: ConvergenceWarning: Number of distinct clusters (1) found smaller than n_clusters (2). Possibly due to duplicate points in X.
  return fit_method(estimator, *args, **kwargs)
/share/yangxizhong/env/anaconda/envs/deepconf/lib/python3.11/site-packages/sklearn/base.py:1365: ConvergenceWarning: Number of distinct clusters (1) found smaller than n_clusters (2). Possibly due to duplicate points in X.
  return fit_method(estimator, *args, **kwargs)
/share/yangxizhong/env/anaconda/envs/deepconf/lib/python3.11/site-packages/sklearn/base.py:1365: ConvergenceWarning: Number of distinct clusters (1) found smaller than n_clusters (2). Possibly due to duplicate points in X.
  return fit_method(estimator, *args, **kwargs)
/share/yangxizhong/env/anaconda/envs/deepconf/lib/python3.11/site-packages/sklearn/base.py:1365: ConvergenceWarning: Number of distinct clusters (1) found smaller than n_clusters (2). Possibly due to duplicate points in X.
  return fit_method(estimator, *args, **kwargs)
/share/yangxizhong/env/anaconda/envs/deepconf/lib/python3.11/site-packages/sklearn/base.py:1365: ConvergenceWarning: Number of distinct clusters (1) found smaller than n_clusters (2). Possibly due to duplicate points in X.
  return fit_method(estimator, *args, **kwargs)
/share/yangxizhong/env/anaconda/envs/deepconf/lib/python3.11/site-packages/sklearn/base.py:1365: ConvergenceWarning: Number of distinct clusters (1) found smaller than n_clusters (2). Possibly due to duplicate points in X.
  return fit_method(estimator, *args, **kwargs)
/share/yangxizhong/env/anaconda/envs/deepconf/lib/python3.11/site-packages/sklearn/base.py:1365: ConvergenceWarning: Number of distinct clusters (1) found smaller than n_clusters (2). Possibly due to duplicate points in X.
  return fit_method(estimator, *args, **kwargs)
/share/yangxizhong/env/anaconda/envs/deepconf/lib/python3.11/site-packages/sklearn/base.py:1365: ConvergenceWarning: Number of distinct clusters (1) found smaller than n_clusters (2). Possibly due to duplicate points in X.
  return fit_method(estimator, *args, **kwargs)
/share/yangxizhong/env/anaconda/envs/deepconf/lib/python3.11/site-packages/sklearn/base.py:1365: ConvergenceWarning: Number of distinct clusters (1) found smaller than n_clusters (2). Possibly due to duplicate points in X.
  return fit_method(estimator, *args, **kwargs)
/share/yangxizhong/env/anaconda/envs/deepconf/lib/python3.11/site-packages/sklearn/base.py:1365: ConvergenceWarning: Number of distinct clusters (1) found smaller than n_clusters (2). Possibly due to duplicate points in X.
  return fit_method(estimator, *args, **kwargs)
/share/yangxizhong/env/anaconda/envs/deepconf/lib/python3.11/site-packages/sklearn/base.py:1365: ConvergenceWarning: Number of distinct clusters (1) found smaller than n_clusters (2). Possibly due to duplicate points in X.
  return fit_method(estimator, *args, **kwargs)
/share/yangxizhong/env/anaconda/envs/deepconf/lib/python3.11/site-packages/sklearn/base.py:1365: ConvergenceWarning: Number of distinct clusters (1) found smaller than n_clusters (2). Possibly due to duplicate points in X.
  return fit_method(estimator, *args, **kwargs)
/share/yangxizhong/env/anaconda/envs/deepconf/lib/python3.11/site-packages/sklearn/base.py:1365: ConvergenceWarning: Number of distinct clusters (1) found smaller than n_clusters (2). Possibly due to duplicate points in X.
  return fit_method(estimator, *args, **kwargs)
/share/yangxizhong/env/anaconda/envs/deepconf/lib/python3.11/site-packages/sklearn/base.py:1365: ConvergenceWarning: Number of distinct clusters (1) found smaller than n_clusters (2). Possibly due to duplicate points in X.
  return fit_method(estimator, *args, **kwargs)
/share/yangxizhong/env/anaconda/envs/deepconf/lib/python3.11/site-packages/sklearn/base.py:1365: ConvergenceWarning: Number of distinct clusters (1) found smaller than n_clusters (2). Possibly due to duplicate points in X.
  return fit_method(estimator, *args, **kwargs)
/share/yangxizhong/env/anaconda/envs/deepconf/lib/python3.11/site-packages/sklearn/base.py:1365: ConvergenceWarning: Number of distinct clusters (1) found smaller than n_clusters (2). Possibly due to duplicate points in X.
  return fit_method(estimator, *args, **kwargs)
/share/yangxizhong/env/anaconda/envs/deepconf/lib/python3.11/site-packages/sklearn/base.py:1365: ConvergenceWarning: Number of distinct clusters (1) found smaller than n_clusters (2). Possibly due to duplicate points in X.
  return fit_method(estimator, *args, **kwargs)
/share/yangxizhong/env/anaconda/envs/deepconf/lib/python3.11/site-packages/sklearn/base.py:1365: ConvergenceWarning: Number of distinct clusters (1) found smaller than n_clusters (2). Possibly due to duplicate points in X.
  return fit_method(estimator, *args, **kwargs)
/share/yangxizhong/env/anaconda/envs/deepconf/lib/python3.11/site-packages/sklearn/base.py:1365: ConvergenceWarning: Number of distinct clusters (1) found smaller than n_clusters (2). Possibly due to duplicate points in X.
  return fit_method(estimator, *args, **kwargs)
/share/yangxizhong/env/anaconda/envs/deepconf/lib/python3.11/site-packages/sklearn/base.py:1365: ConvergenceWarning: Number of distinct clusters (1) found smaller than n_clusters (2). Possibly due to duplicate points in X.
  return fit_method(estimator, *args, **kwargs)
/share/yangxizhong/env/anaconda/envs/deepconf/lib/python3.11/site-packages/sklearn/base.py:1365: ConvergenceWarning: Number of distinct clusters (1) found smaller than n_clusters (2). Possibly due to duplicate points in X.
  return fit_method(estimator, *args, **kwargs)
/share/yangxizhong/env/anaconda/envs/deepconf/lib/python3.11/site-packages/sklearn/base.py:1365: ConvergenceWarning: Number of distinct clusters (1) found smaller than n_clusters (2). Possibly due to duplicate points in X.
  return fit_method(estimator, *args, **kwargs)
/share/yangxizhong/env/anaconda/envs/deepconf/lib/python3.11/site-packages/sklearn/base.py:1365: ConvergenceWarning: Number of distinct clusters (1) found smaller than n_clusters (2). Possibly due to duplicate points in X.
  return fit_method(estimator, *args, **kwargs)
/share/yangxizhong/env/anaconda/envs/deepconf/lib/python3.11/site-packages/sklearn/base.py:1365: ConvergenceWarning: Number of distinct clusters (1) found smaller than n_clusters (2). Possibly due to duplicate points in X.
  return fit_method(estimator, *args, **kwargs)
/share/yangxizhong/env/anaconda/envs/deepconf/lib/python3.11/site-packages/sklearn/base.py:1365: ConvergenceWarning: Number of distinct clusters (1) found smaller than n_clusters (2). Possibly due to duplicate points in X.
  return fit_method(estimator, *args, **kwargs)
/share/yangxizhong/env/anaconda/envs/deepconf/lib/python3.11/site-packages/sklearn/base.py:1365: ConvergenceWarning: Number of distinct clusters (1) found smaller than n_clusters (2). Possibly due to duplicate points in X.
  return fit_method(estimator, *args, **kwargs)
/share/yangxizhong/env/anaconda/envs/deepconf/lib/python3.11/site-packages/sklearn/base.py:1365: ConvergenceWarning: Number of distinct clusters (1) found smaller than n_clusters (2). Possibly due to duplicate points in X.
  return fit_method(estimator, *args, **kwargs)
/share/yangxizhong/env/anaconda/envs/deepconf/lib/python3.11/site-packages/sklearn/base.py:1365: ConvergenceWarning: Number of distinct clusters (1) found smaller than n_clusters (2). Possibly due to duplicate points in X.
  return fit_method(estimator, *args, **kwargs)
/share/yangxizhong/env/anaconda/envs/deepconf/lib/python3.11/site-packages/sklearn/base.py:1365: ConvergenceWarning: Number of distinct clusters (1) found smaller than n_clusters (2). Possibly due to duplicate points in X.
  return fit_method(estimator, *args, **kwargs)
/share/yangxizhong/env/anaconda/envs/deepconf/lib/python3.11/site-packages/sklearn/base.py:1365: ConvergenceWarning: Number of distinct clusters (1) found smaller than n_clusters (2). Possibly due to duplicate points in X.
  return fit_method(estimator, *args, **kwargs)
/share/yangxizhong/env/anaconda/envs/deepconf/lib/python3.11/site-packages/sklearn/base.py:1365: ConvergenceWarning: Number of distinct clusters (1) found smaller than n_clusters (2). Possibly due to duplicate points in X.
  return fit_method(estimator, *args, **kwargs)
/share/yangxizhong/env/anaconda/envs/deepconf/lib/python3.11/site-packages/sklearn/base.py:1365: ConvergenceWarning: Number of distinct clusters (1) found smaller than n_clusters (2). Possibly due to duplicate points in X.
  return fit_method(estimator, *args, **kwargs)
/share/yangxizhong/env/anaconda/envs/deepconf/lib/python3.11/site-packages/sklearn/base.py:1365: ConvergenceWarning: Number of distinct clusters (1) found smaller than n_clusters (2). Possibly due to duplicate points in X.
  return fit_method(estimator, *args, **kwargs)
/share/yangxizhong/env/anaconda/envs/deepconf/lib/python3.11/site-packages/sklearn/base.py:1365: ConvergenceWarning: Number of distinct clusters (1) found smaller than n_clusters (2). Possibly due to duplicate points in X.
  return fit_method(estimator, *args, **kwargs)
/share/yangxizhong/env/anaconda/envs/deepconf/lib/python3.11/site-packages/sklearn/base.py:1365: ConvergenceWarning: Number of distinct clusters (1) found smaller than n_clusters (2). Possibly due to duplicate points in X.
  return fit_method(estimator, *args, **kwargs)
/share/yangxizhong/env/anaconda/envs/deepconf/lib/python3.11/site-packages/sklearn/base.py:1365: ConvergenceWarning: Number of distinct clusters (1) found smaller than n_clusters (2). Possibly due to duplicate points in X.
  return fit_method(estimator, *args, **kwargs)
/share/yangxizhong/env/anaconda/envs/deepconf/lib/python3.11/site-packages/sklearn/base.py:1365: ConvergenceWarning: Number of distinct clusters (1) found smaller than n_clusters (2). Possibly due to duplicate points in X.
  return fit_method(estimator, *args, **kwargs)
/share/yangxizhong/env/anaconda/envs/deepconf/lib/python3.11/site-packages/sklearn/base.py:1365: ConvergenceWarning: Number of distinct clusters (1) found smaller than n_clusters (2). Possibly due to duplicate points in X.
  return fit_method(estimator, *args, **kwargs)
/share/yangxizhong/env/anaconda/envs/deepconf/lib/python3.11/site-packages/sklearn/base.py:1365: ConvergenceWarning: Number of distinct clusters (1) found smaller than n_clusters (2). Possibly due to duplicate points in X.
  return fit_method(estimator, *args, **kwargs)
/share/yangxizhong/env/anaconda/envs/deepconf/lib/python3.11/site-packages/sklearn/base.py:1365: ConvergenceWarning: Number of distinct clusters (1) found smaller than n_clusters (2). Possibly due to duplicate points in X.
  return fit_method(estimator, *args, **kwargs)
/share/yangxizhong/env/anaconda/envs/deepconf/lib/python3.11/site-packages/sklearn/base.py:1365: ConvergenceWarning: Number of distinct clusters (1) found smaller than n_clusters (2). Possibly due to duplicate points in X.
  return fit_method(estimator, *args, **kwargs)
/share/yangxizhong/env/anaconda/envs/deepconf/lib/python3.11/site-packages/sklearn/base.py:1365: ConvergenceWarning: Number of distinct clusters (1) found smaller than n_clusters (2). Possibly due to duplicate points in X.
  return fit_method(estimator, *args, **kwargs)
/share/yangxizhong/env/anaconda/envs/deepconf/lib/python3.11/site-packages/sklearn/base.py:1365: ConvergenceWarning: Number of distinct clusters (1) found smaller than n_clusters (2). Possibly due to duplicate points in X.
  return fit_method(estimator, *args, **kwargs)
/share/yangxizhong/env/anaconda/envs/deepconf/lib/python3.11/site-packages/sklearn/base.py:1365: ConvergenceWarning: Number of distinct clusters (1) found smaller than n_clusters (2). Possibly due to duplicate points in X.
  return fit_method(estimator, *args, **kwargs)
/share/yangxizhong/env/anaconda/envs/deepconf/lib/python3.11/site-packages/sklearn/base.py:1365: ConvergenceWarning: Number of distinct clusters (1) found smaller than n_clusters (2). Possibly due to duplicate points in X.
  return fit_method(estimator, *args, **kwargs)
/share/yangxizhong/env/anaconda/envs/deepconf/lib/python3.11/site-packages/sklearn/base.py:1365: ConvergenceWarning: Number of distinct clusters (1) found smaller than n_clusters (2). Possibly due to duplicate points in X.
  return fit_method(estimator, *args, **kwargs)
/share/yangxizhong/env/anaconda/envs/deepconf/lib/python3.11/site-packages/sklearn/base.py:1365: ConvergenceWarning: Number of distinct clusters (1) found smaller than n_clusters (2). Possibly due to duplicate points in X.
  return fit_method(estimator, *args, **kwargs)
/share/yangxizhong/env/anaconda/envs/deepconf/lib/python3.11/site-packages/sklearn/base.py:1365: ConvergenceWarning: Number of distinct clusters (1) found smaller than n_clusters (2). Possibly due to duplicate points in X.
  return fit_method(estimator, *args, **kwargs)
/share/yangxizhong/env/anaconda/envs/deepconf/lib/python3.11/site-packages/sklearn/base.py:1365: ConvergenceWarning: Number of distinct clusters (1) found smaller than n_clusters (2). Possibly due to duplicate points in X.
  return fit_method(estimator, *args, **kwargs)
/share/yangxizhong/env/anaconda/envs/deepconf/lib/python3.11/site-packages/sklearn/base.py:1365: ConvergenceWarning: Number of distinct clusters (1) found smaller than n_clusters (2). Possibly due to duplicate points in X.
  return fit_method(estimator, *args, **kwargs)
/share/yangxizhong/env/anaconda/envs/deepconf/lib/python3.11/site-packages/sklearn/base.py:1365: ConvergenceWarning: Number of distinct clusters (1) found smaller than n_clusters (2). Possibly due to duplicate points in X.
  return fit_method(estimator, *args, **kwargs)
/share/yangxizhong/env/anaconda/envs/deepconf/lib/python3.11/site-packages/sklearn/base.py:1365: ConvergenceWarning: Number of distinct clusters (1) found smaller than n_clusters (2). Possibly due to duplicate points in X.
  return fit_method(estimator, *args, **kwargs)
/share/yangxizhong/env/anaconda/envs/deepconf/lib/python3.11/site-packages/sklearn/base.py:1365: ConvergenceWarning: Number of distinct clusters (1) found smaller than n_clusters (2). Possibly due to duplicate points in X.
  return fit_method(estimator, *args, **kwargs)
/share/yangxizhong/env/anaconda/envs/deepconf/lib/python3.11/site-packages/sklearn/base.py:1365: ConvergenceWarning: Number of distinct clusters (1) found smaller than n_clusters (2). Possibly due to duplicate points in X.
  return fit_method(estimator, *args, **kwargs)
/share/yangxizhong/env/anaconda/envs/deepconf/lib/python3.11/site-packages/sklearn/base.py:1365: ConvergenceWarning: Number of distinct clusters (1) found smaller than n_clusters (2). Possibly due to duplicate points in X.
  return fit_method(estimator, *args, **kwargs)
/share/yangxizhong/env/anaconda/envs/deepconf/lib/python3.11/site-packages/sklearn/base.py:1365: ConvergenceWarning: Number of distinct clusters (1) found smaller than n_clusters (2). Possibly due to duplicate points in X.
  return fit_method(estimator, *args, **kwargs)
/share/yangxizhong/env/anaconda/envs/deepconf/lib/python3.11/site-packages/sklearn/base.py:1365: ConvergenceWarning: Number of distinct clusters (1) found smaller than n_clusters (2). Possibly due to duplicate points in X.
  return fit_method(estimator, *args, **kwargs)
/share/yangxizhong/env/anaconda/envs/deepconf/lib/python3.11/site-packages/sklearn/base.py:1365: ConvergenceWarning: Number of distinct clusters (1) found smaller than n_clusters (2). Possibly due to duplicate points in X.
  return fit_method(estimator, *args, **kwargs)
/share/yangxizhong/env/anaconda/envs/deepconf/lib/python3.11/site-packages/sklearn/base.py:1365: ConvergenceWarning: Number of distinct clusters (1) found smaller than n_clusters (2). Possibly due to duplicate points in X.
  return fit_method(estimator, *args, **kwargs)
/share/yangxizhong/env/anaconda/envs/deepconf/lib/python3.11/site-packages/sklearn/base.py:1365: ConvergenceWarning: Number of distinct clusters (1) found smaller than n_clusters (2). Possibly due to duplicate points in X.
  return fit_method(estimator, *args, **kwargs)
/share/yangxizhong/env/anaconda/envs/deepconf/lib/python3.11/site-packages/sklearn/base.py:1365: ConvergenceWarning: Number of distinct clusters (1) found smaller than n_clusters (2). Possibly due to duplicate points in X.
  return fit_method(estimator, *args, **kwargs)
/share/yangxizhong/env/anaconda/envs/deepconf/lib/python3.11/site-packages/sklearn/base.py:1365: ConvergenceWarning: Number of distinct clusters (1) found smaller than n_clusters (2). Possibly due to duplicate points in X.
  return fit_method(estimator, *args, **kwargs)
/share/yangxizhong/env/anaconda/envs/deepconf/lib/python3.11/site-packages/sklearn/base.py:1365: ConvergenceWarning: Number of distinct clusters (1) found smaller than n_clusters (2). Possibly due to duplicate points in X.
  return fit_method(estimator, *args, **kwargs)
/share/yangxizhong/env/anaconda/envs/deepconf/lib/python3.11/site-packages/sklearn/base.py:1365: ConvergenceWarning: Number of distinct clusters (1) found smaller than n_clusters (2). Possibly due to duplicate points in X.
  return fit_method(estimator, *args, **kwargs)
/share/yangxizhong/env/anaconda/envs/deepconf/lib/python3.11/site-packages/sklearn/base.py:1365: ConvergenceWarning: Number of distinct clusters (1) found smaller than n_clusters (2). Possibly due to duplicate points in X.
  return fit_method(estimator, *args, **kwargs)
/share/yangxizhong/env/anaconda/envs/deepconf/lib/python3.11/site-packages/sklearn/base.py:1365: ConvergenceWarning: Number of distinct clusters (1) found smaller than n_clusters (2). Possibly due to duplicate points in X.
  return fit_method(estimator, *args, **kwargs)
/share/yangxizhong/env/anaconda/envs/deepconf/lib/python3.11/site-packages/sklearn/base.py:1365: ConvergenceWarning: Number of distinct clusters (1) found smaller than n_clusters (2). Possibly due to duplicate points in X.
  return fit_method(estimator, *args, **kwargs)
/share/yangxizhong/env/anaconda/envs/deepconf/lib/python3.11/site-packages/sklearn/base.py:1365: ConvergenceWarning: Number of distinct clusters (1) found smaller than n_clusters (2). Possibly due to duplicate points in X.
  return fit_method(estimator, *args, **kwargs)
/share/yangxizhong/env/anaconda/envs/deepconf/lib/python3.11/site-packages/sklearn/base.py:1365: ConvergenceWarning: Number of distinct clusters (1) found smaller than n_clusters (2). Possibly due to duplicate points in X.
  return fit_method(estimator, *args, **kwargs)
/share/yangxizhong/env/anaconda/envs/deepconf/lib/python3.11/site-packages/sklearn/base.py:1365: ConvergenceWarning: Number of distinct clusters (1) found smaller than n_clusters (2). Possibly due to duplicate points in X.
  return fit_method(estimator, *args, **kwargs)
/share/yangxizhong/env/anaconda/envs/deepconf/lib/python3.11/site-packages/sklearn/base.py:1365: ConvergenceWarning: Number of distinct clusters (1) found smaller than n_clusters (2). Possibly due to duplicate points in X.
  return fit_method(estimator, *args, **kwargs)
/share/yangxizhong/env/anaconda/envs/deepconf/lib/python3.11/site-packages/sklearn/base.py:1365: ConvergenceWarning: Number of distinct clusters (1) found smaller than n_clusters (2). Possibly due to duplicate points in X.
  return fit_method(estimator, *args, **kwargs)
/share/yangxizhong/env/anaconda/envs/deepconf/lib/python3.11/site-packages/sklearn/base.py:1365: ConvergenceWarning: Number of distinct clusters (1) found smaller than n_clusters (2). Possibly due to duplicate points in X.
  return fit_method(estimator, *args, **kwargs)
/share/yangxizhong/env/anaconda/envs/deepconf/lib/python3.11/site-packages/sklearn/base.py:1365: ConvergenceWarning: Number of distinct clusters (1) found smaller than n_clusters (2). Possibly due to duplicate points in X.
  return fit_method(estimator, *args, **kwargs)
/share/yangxizhong/env/anaconda/envs/deepconf/lib/python3.11/site-packages/sklearn/base.py:1365: ConvergenceWarning: Number of distinct clusters (1) found smaller than n_clusters (2). Possibly due to duplicate points in X.
  return fit_method(estimator, *args, **kwargs)
/share/yangxizhong/env/anaconda/envs/deepconf/lib/python3.11/site-packages/sklearn/base.py:1365: ConvergenceWarning: Number of distinct clusters (1) found smaller than n_clusters (2). Possibly due to duplicate points in X.
  return fit_method(estimator, *args, **kwargs)
/share/yangxizhong/env/anaconda/envs/deepconf/lib/python3.11/site-packages/sklearn/base.py:1365: ConvergenceWarning: Number of distinct clusters (1) found smaller than n_clusters (2). Possibly due to duplicate points in X.
  return fit_method(estimator, *args, **kwargs)
/share/yangxizhong/env/anaconda/envs/deepconf/lib/python3.11/site-packages/sklearn/base.py:1365: ConvergenceWarning: Number of distinct clusters (1) found smaller than n_clusters (2). Possibly due to duplicate points in X.
  return fit_method(estimator, *args, **kwargs)
/share/yangxizhong/env/anaconda/envs/deepconf/lib/python3.11/site-packages/sklearn/base.py:1365: ConvergenceWarning: Number of distinct clusters (1) found smaller than n_clusters (2). Possibly due to duplicate points in X.
  return fit_method(estimator, *args, **kwargs)
/share/yangxizhong/env/anaconda/envs/deepconf/lib/python3.11/site-packages/sklearn/base.py:1365: ConvergenceWarning: Number of distinct clusters (1) found smaller than n_clusters (2). Possibly due to duplicate points in X.
  return fit_method(estimator, *args, **kwargs)
/share/yangxizhong/env/anaconda/envs/deepconf/lib/python3.11/site-packages/sklearn/base.py:1365: ConvergenceWarning: Number of distinct clusters (1) found smaller than n_clusters (2). Possibly due to duplicate points in X.
  return fit_method(estimator, *args, **kwargs)
/share/yangxizhong/env/anaconda/envs/deepconf/lib/python3.11/site-packages/sklearn/base.py:1365: ConvergenceWarning: Number of distinct clusters (1) found smaller than n_clusters (2). Possibly due to duplicate points in X.
  return fit_method(estimator, *args, **kwargs)
/share/yangxizhong/env/anaconda/envs/deepconf/lib/python3.11/site-packages/sklearn/base.py:1365: ConvergenceWarning: Number of distinct clusters (1) found smaller than n_clusters (2). Possibly due to duplicate points in X.
  return fit_method(estimator, *args, **kwargs)
/share/yangxizhong/env/anaconda/envs/deepconf/lib/python3.11/site-packages/sklearn/base.py:1365: ConvergenceWarning: Number of distinct clusters (1) found smaller than n_clusters (2). Possibly due to duplicate points in X.
  return fit_method(estimator, *args, **kwargs)
/share/yangxizhong/env/anaconda/envs/deepconf/lib/python3.11/site-packages/sklearn/base.py:1365: ConvergenceWarning: Number of distinct clusters (1) found smaller than n_clusters (2). Possibly due to duplicate points in X.
  return fit_method(estimator, *args, **kwargs)
/share/yangxizhong/env/anaconda/envs/deepconf/lib/python3.11/site-packages/sklearn/base.py:1365: ConvergenceWarning: Number of distinct clusters (1) found smaller than n_clusters (2). Possibly due to duplicate points in X.
  return fit_method(estimator, *args, **kwargs)
/share/yangxizhong/env/anaconda/envs/deepconf/lib/python3.11/site-packages/sklearn/base.py:1365: ConvergenceWarning: Number of distinct clusters (1) found smaller than n_clusters (2). Possibly due to duplicate points in X.
  return fit_method(estimator, *args, **kwargs)
/share/yangxizhong/env/anaconda/envs/deepconf/lib/python3.11/site-packages/sklearn/base.py:1365: ConvergenceWarning: Number of distinct clusters (1) found smaller than n_clusters (2). Possibly due to duplicate points in X.
  return fit_method(estimator, *args, **kwargs)
/share/yangxizhong/env/anaconda/envs/deepconf/lib/python3.11/site-packages/sklearn/base.py:1365: ConvergenceWarning: Number of distinct clusters (1) found smaller than n_clusters (2). Possibly due to duplicate points in X.
  return fit_method(estimator, *args, **kwargs)
/share/yangxizhong/env/anaconda/envs/deepconf/lib/python3.11/site-packages/sklearn/base.py:1365: ConvergenceWarning: Number of distinct clusters (1) found smaller than n_clusters (2). Possibly due to duplicate points in X.
  return fit_method(estimator, *args, **kwargs)
/share/yangxizhong/env/anaconda/envs/deepconf/lib/python3.11/site-packages/sklearn/base.py:1365: ConvergenceWarning: Number of distinct clusters (1) found smaller than n_clusters (2). Possibly due to duplicate points in X.
  return fit_method(estimator, *args, **kwargs)
/share/yangxizhong/env/anaconda/envs/deepconf/lib/python3.11/site-packages/sklearn/base.py:1365: ConvergenceWarning: Number of distinct clusters (1) found smaller than n_clusters (2). Possibly due to duplicate points in X.
  return fit_method(estimator, *args, **kwargs)
/share/yangxizhong/env/anaconda/envs/deepconf/lib/python3.11/site-packages/sklearn/base.py:1365: ConvergenceWarning: Number of distinct clusters (1) found smaller than n_clusters (2). Possibly due to duplicate points in X.
  return fit_method(estimator, *args, **kwargs)
/share/yangxizhong/env/anaconda/envs/deepconf/lib/python3.11/site-packages/sklearn/base.py:1365: ConvergenceWarning: Number of distinct clusters (1) found smaller than n_clusters (2). Possibly due to duplicate points in X.
  return fit_method(estimator, *args, **kwargs)
/share/yangxizhong/env/anaconda/envs/deepconf/lib/python3.11/site-packages/sklearn/base.py:1365: ConvergenceWarning: Number of distinct clusters (1) found smaller than n_clusters (2). Possibly due to duplicate points in X.
  return fit_method(estimator, *args, **kwargs)
/share/yangxizhong/env/anaconda/envs/deepconf/lib/python3.11/site-packages/sklearn/base.py:1365: ConvergenceWarning: Number of distinct clusters (1) found smaller than n_clusters (2). Possibly due to duplicate points in X.
  return fit_method(estimator, *args, **kwargs)
/share/yangxizhong/env/anaconda/envs/deepconf/lib/python3.11/site-packages/sklearn/base.py:1365: ConvergenceWarning: Number of distinct clusters (1) found smaller than n_clusters (2). Possibly due to duplicate points in X.
  return fit_method(estimator, *args, **kwargs)
/share/yangxizhong/env/anaconda/envs/deepconf/lib/python3.11/site-packages/sklearn/base.py:1365: ConvergenceWarning: Number of distinct clusters (1) found smaller than n_clusters (2). Possibly due to duplicate points in X.
  return fit_method(estimator, *args, **kwargs)
/share/yangxizhong/env/anaconda/envs/deepconf/lib/python3.11/site-packages/sklearn/base.py:1365: ConvergenceWarning: Number of distinct clusters (1) found smaller than n_clusters (2). Possibly due to duplicate points in X.
  return fit_method(estimator, *args, **kwargs)
/share/yangxizhong/env/anaconda/envs/deepconf/lib/python3.11/site-packages/sklearn/base.py:1365: ConvergenceWarning: Number of distinct clusters (1) found smaller than n_clusters (2). Possibly due to duplicate points in X.
  return fit_method(estimator, *args, **kwargs)
/share/yangxizhong/env/anaconda/envs/deepconf/lib/python3.11/site-packages/sklearn/base.py:1365: ConvergenceWarning: Number of distinct clusters (1) found smaller than n_clusters (2). Possibly due to duplicate points in X.
  return fit_method(estimator, *args, **kwargs)
/share/yangxizhong/env/anaconda/envs/deepconf/lib/python3.11/site-packages/sklearn/base.py:1365: ConvergenceWarning: Number of distinct clusters (1) found smaller than n_clusters (2). Possibly due to duplicate points in X.
  return fit_method(estimator, *args, **kwargs)
/share/yangxizhong/env/anaconda/envs/deepconf/lib/python3.11/site-packages/sklearn/base.py:1365: ConvergenceWarning: Number of distinct clusters (1) found smaller than n_clusters (2). Possibly due to duplicate points in X.
  return fit_method(estimator, *args, **kwargs)
/share/yangxizhong/env/anaconda/envs/deepconf/lib/python3.11/site-packages/sklearn/base.py:1365: ConvergenceWarning: Number of distinct clusters (1) found smaller than n_clusters (2). Possibly due to duplicate points in X.
  return fit_method(estimator, *args, **kwargs)
/share/yangxizhong/env/anaconda/envs/deepconf/lib/python3.11/site-packages/sklearn/base.py:1365: ConvergenceWarning: Number of distinct clusters (1) found smaller than n_clusters (2). Possibly due to duplicate points in X.
  return fit_method(estimator, *args, **kwargs)
/share/yangxizhong/env/anaconda/envs/deepconf/lib/python3.11/site-packages/sklearn/base.py:1365: ConvergenceWarning: Number of distinct clusters (1) found smaller than n_clusters (2). Possibly due to duplicate points in X.
  return fit_method(estimator, *args, **kwargs)
/share/yangxizhong/env/anaconda/envs/deepconf/lib/python3.11/site-packages/sklearn/base.py:1365: ConvergenceWarning: Number of distinct clusters (1) found smaller than n_clusters (2). Possibly due to duplicate points in X.
  return fit_method(estimator, *args, **kwargs)
/share/yangxizhong/env/anaconda/envs/deepconf/lib/python3.11/site-packages/sklearn/base.py:1365: ConvergenceWarning: Number of distinct clusters (1) found smaller than n_clusters (2). Possibly due to duplicate points in X.
  return fit_method(estimator, *args, **kwargs)
/share/yangxizhong/env/anaconda/envs/deepconf/lib/python3.11/site-packages/sklearn/base.py:1365: ConvergenceWarning: Number of distinct clusters (1) found smaller than n_clusters (2). Possibly due to duplicate points in X.
  return fit_method(estimator, *args, **kwargs)
/share/yangxizhong/env/anaconda/envs/deepconf/lib/python3.11/site-packages/sklearn/base.py:1365: ConvergenceWarning: Number of distinct clusters (1) found smaller than n_clusters (2). Possibly due to duplicate points in X.
  return fit_method(estimator, *args, **kwargs)
/share/yangxizhong/env/anaconda/envs/deepconf/lib/python3.11/site-packages/sklearn/base.py:1365: ConvergenceWarning: Number of distinct clusters (1) found smaller than n_clusters (2). Possibly due to duplicate points in X.
  return fit_method(estimator, *args, **kwargs)
/share/yangxizhong/env/anaconda/envs/deepconf/lib/python3.11/site-packages/sklearn/base.py:1365: ConvergenceWarning: Number of distinct clusters (1) found smaller than n_clusters (2). Possibly due to duplicate points in X.
  return fit_method(estimator, *args, **kwargs)
/share/yangxizhong/env/anaconda/envs/deepconf/lib/python3.11/site-packages/sklearn/base.py:1365: ConvergenceWarning: Number of distinct clusters (1) found smaller than n_clusters (2). Possibly due to duplicate points in X.
  return fit_method(estimator, *args, **kwargs)
/share/yangxizhong/env/anaconda/envs/deepconf/lib/python3.11/site-packages/sklearn/base.py:1365: ConvergenceWarning: Number of distinct clusters (1) found smaller than n_clusters (2). Possibly due to duplicate points in X.
  return fit_method(estimator, *args, **kwargs)
/share/yangxizhong/env/anaconda/envs/deepconf/lib/python3.11/site-packages/sklearn/base.py:1365: ConvergenceWarning: Number of distinct clusters (1) found smaller than n_clusters (2). Possibly due to duplicate points in X.
  return fit_method(estimator, *args, **kwargs)
/share/yangxizhong/env/anaconda/envs/deepconf/lib/python3.11/site-packages/sklearn/base.py:1365: ConvergenceWarning: Number of distinct clusters (1) found smaller than n_clusters (2). Possibly due to duplicate points in X.
  return fit_method(estimator, *args, **kwargs)
/share/yangxizhong/env/anaconda/envs/deepconf/lib/python3.11/site-packages/sklearn/base.py:1365: ConvergenceWarning: Number of distinct clusters (1) found smaller than n_clusters (2). Possibly due to duplicate points in X.
  return fit_method(estimator, *args, **kwargs)
/share/yangxizhong/env/anaconda/envs/deepconf/lib/python3.11/site-packages/sklearn/base.py:1365: ConvergenceWarning: Number of distinct clusters (1) found smaller than n_clusters (2). Possibly due to duplicate points in X.
  return fit_method(estimator, *args, **kwargs)
/share/yangxizhong/env/anaconda/envs/deepconf/lib/python3.11/site-packages/sklearn/base.py:1365: ConvergenceWarning: Number of distinct clusters (1) found smaller than n_clusters (2). Possibly due to duplicate points in X.
  return fit_method(estimator, *args, **kwargs)
/share/yangxizhong/env/anaconda/envs/deepconf/lib/python3.11/site-packages/sklearn/base.py:1365: ConvergenceWarning: Number of distinct clusters (1) found smaller than n_clusters (2). Possibly due to duplicate points in X.
  return fit_method(estimator, *args, **kwargs)
/share/yangxizhong/env/anaconda/envs/deepconf/lib/python3.11/site-packages/sklearn/base.py:1365: ConvergenceWarning: Number of distinct clusters (1) found smaller than n_clusters (2). Possibly due to duplicate points in X.
  return fit_method(estimator, *args, **kwargs)
/share/yangxizhong/env/anaconda/envs/deepconf/lib/python3.11/site-packages/sklearn/base.py:1365: ConvergenceWarning: Number of distinct clusters (1) found smaller than n_clusters (2). Possibly due to duplicate points in X.
  return fit_method(estimator, *args, **kwargs)
/share/yangxizhong/env/anaconda/envs/deepconf/lib/python3.11/site-packages/sklearn/base.py:1365: ConvergenceWarning: Number of distinct clusters (1) found smaller than n_clusters (2). Possibly due to duplicate points in X.
  return fit_method(estimator, *args, **kwargs)
/share/yangxizhong/env/anaconda/envs/deepconf/lib/python3.11/site-packages/sklearn/base.py:1365: ConvergenceWarning: Number of distinct clusters (1) found smaller than n_clusters (2). Possibly due to duplicate points in X.
  return fit_method(estimator, *args, **kwargs)
/share/yangxizhong/env/anaconda/envs/deepconf/lib/python3.11/site-packages/sklearn/base.py:1365: ConvergenceWarning: Number of distinct clusters (1) found smaller than n_clusters (2). Possibly due to duplicate points in X.
  return fit_method(estimator, *args, **kwargs)
/share/yangxizhong/env/anaconda/envs/deepconf/lib/python3.11/site-packages/sklearn/base.py:1365: ConvergenceWarning: Number of distinct clusters (1) found smaller than n_clusters (2). Possibly due to duplicate points in X.
  return fit_method(estimator, *args, **kwargs)
/share/yangxizhong/env/anaconda/envs/deepconf/lib/python3.11/site-packages/sklearn/base.py:1365: ConvergenceWarning: Number of distinct clusters (1) found smaller than n_clusters (2). Possibly due to duplicate points in X.
  return fit_method(estimator, *args, **kwargs)
/share/yangxizhong/env/anaconda/envs/deepconf/lib/python3.11/site-packages/sklearn/base.py:1365: ConvergenceWarning: Number of distinct clusters (1) found smaller than n_clusters (2). Possibly due to duplicate points in X.
  return fit_method(estimator, *args, **kwargs)
/share/yangxizhong/env/anaconda/envs/deepconf/lib/python3.11/site-packages/sklearn/base.py:1365: ConvergenceWarning: Number of distinct clusters (1) found smaller than n_clusters (2). Possibly due to duplicate points in X.
  return fit_method(estimator, *args, **kwargs)
/share/yangxizhong/env/anaconda/envs/deepconf/lib/python3.11/site-packages/sklearn/base.py:1365: ConvergenceWarning: Number of distinct clusters (1) found smaller than n_clusters (2). Possibly due to duplicate points in X.
  return fit_method(estimator, *args, **kwargs)
/share/yangxizhong/env/anaconda/envs/deepconf/lib/python3.11/site-packages/sklearn/base.py:1365: ConvergenceWarning: Number of distinct clusters (1) found smaller than n_clusters (2). Possibly due to duplicate points in X.
  return fit_method(estimator, *args, **kwargs)
/share/yangxizhong/env/anaconda/envs/deepconf/lib/python3.11/site-packages/sklearn/base.py:1365: ConvergenceWarning: Number of distinct clusters (1) found smaller than n_clusters (2). Possibly due to duplicate points in X.
  return fit_method(estimator, *args, **kwargs)
/share/yangxizhong/env/anaconda/envs/deepconf/lib/python3.11/site-packages/sklearn/base.py:1365: ConvergenceWarning: Number of distinct clusters (1) found smaller than n_clusters (2). Possibly due to duplicate points in X.
  return fit_method(estimator, *args, **kwargs)
/share/yangxizhong/env/anaconda/envs/deepconf/lib/python3.11/site-packages/sklearn/base.py:1365: ConvergenceWarning: Number of distinct clusters (1) found smaller than n_clusters (2). Possibly due to duplicate points in X.
  return fit_method(estimator, *args, **kwargs)
/share/yangxizhong/env/anaconda/envs/deepconf/lib/python3.11/site-packages/sklearn/base.py:1365: ConvergenceWarning: Number of distinct clusters (1) found smaller than n_clusters (2). Possibly due to duplicate points in X.
  return fit_method(estimator, *args, **kwargs)
/share/yangxizhong/env/anaconda/envs/deepconf/lib/python3.11/site-packages/sklearn/base.py:1365: ConvergenceWarning: Number of distinct clusters (1) found smaller than n_clusters (2). Possibly due to duplicate points in X.
  return fit_method(estimator, *args, **kwargs)
/share/yangxizhong/env/anaconda/envs/deepconf/lib/python3.11/site-packages/sklearn/base.py:1365: ConvergenceWarning: Number of distinct clusters (1) found smaller than n_clusters (2). Possibly due to duplicate points in X.
  return fit_method(estimator, *args, **kwargs)
/share/yangxizhong/env/anaconda/envs/deepconf/lib/python3.11/site-packages/sklearn/base.py:1365: ConvergenceWarning: Number of distinct clusters (1) found smaller than n_clusters (2). Possibly due to duplicate points in X.
  return fit_method(estimator, *args, **kwargs)
/share/yangxizhong/env/anaconda/envs/deepconf/lib/python3.11/site-packages/sklearn/base.py:1365: ConvergenceWarning: Number of distinct clusters (1) found smaller than n_clusters (2). Possibly due to duplicate points in X.
  return fit_method(estimator, *args, **kwargs)
/share/yangxizhong/env/anaconda/envs/deepconf/lib/python3.11/site-packages/sklearn/base.py:1365: ConvergenceWarning: Number of distinct clusters (1) found smaller than n_clusters (2). Possibly due to duplicate points in X.
  return fit_method(estimator, *args, **kwargs)
/share/yangxizhong/env/anaconda/envs/deepconf/lib/python3.11/site-packages/sklearn/base.py:1365: ConvergenceWarning: Number of distinct clusters (1) found smaller than n_clusters (2). Possibly due to duplicate points in X.
  return fit_method(estimator, *args, **kwargs)
/share/yangxizhong/env/anaconda/envs/deepconf/lib/python3.11/site-packages/sklearn/base.py:1365: ConvergenceWarning: Number of distinct clusters (1) found smaller than n_clusters (2). Possibly due to duplicate points in X.
  return fit_method(estimator, *args, **kwargs)
/share/yangxizhong/env/anaconda/envs/deepconf/lib/python3.11/site-packages/sklearn/base.py:1365: ConvergenceWarning: Number of distinct clusters (1) found smaller than n_clusters (2). Possibly due to duplicate points in X.
  return fit_method(estimator, *args, **kwargs)
/share/yangxizhong/env/anaconda/envs/deepconf/lib/python3.11/site-packages/sklearn/base.py:1365: ConvergenceWarning: Number of distinct clusters (1) found smaller than n_clusters (2). Possibly due to duplicate points in X.
  return fit_method(estimator, *args, **kwargs)
/share/yangxizhong/env/anaconda/envs/deepconf/lib/python3.11/site-packages/sklearn/base.py:1365: ConvergenceWarning: Number of distinct clusters (1) found smaller than n_clusters (2). Possibly due to duplicate points in X.
  return fit_method(estimator, *args, **kwargs)
/share/yangxizhong/env/anaconda/envs/deepconf/lib/python3.11/site-packages/sklearn/base.py:1365: ConvergenceWarning: Number of distinct clusters (1) found smaller than n_clusters (2). Possibly due to duplicate points in X.
  return fit_method(estimator, *args, **kwargs)
/share/yangxizhong/env/anaconda/envs/deepconf/lib/python3.11/site-packages/sklearn/base.py:1365: ConvergenceWarning: Number of distinct clusters (1) found smaller than n_clusters (2). Possibly due to duplicate points in X.
  return fit_method(estimator, *args, **kwargs)
/share/yangxizhong/env/anaconda/envs/deepconf/lib/python3.11/site-packages/sklearn/base.py:1365: ConvergenceWarning: Number of distinct clusters (1) found smaller than n_clusters (2). Possibly due to duplicate points in X.
  return fit_method(estimator, *args, **kwargs)
/share/yangxizhong/env/anaconda/envs/deepconf/lib/python3.11/site-packages/sklearn/base.py:1365: ConvergenceWarning: Number of distinct clusters (1) found smaller than n_clusters (2). Possibly due to duplicate points in X.
  return fit_method(estimator, *args, **kwargs)
/share/yangxizhong/env/anaconda/envs/deepconf/lib/python3.11/site-packages/sklearn/base.py:1365: ConvergenceWarning: Number of distinct clusters (1) found smaller than n_clusters (2). Possibly due to duplicate points in X.
  return fit_method(estimator, *args, **kwargs)
/share/yangxizhong/env/anaconda/envs/deepconf/lib/python3.11/site-packages/sklearn/base.py:1365: ConvergenceWarning: Number of distinct clusters (1) found smaller than n_clusters (2). Possibly due to duplicate points in X.
  return fit_method(estimator, *args, **kwargs)
/share/yangxizhong/env/anaconda/envs/deepconf/lib/python3.11/site-packages/sklearn/base.py:1365: ConvergenceWarning: Number of distinct clusters (1) found smaller than n_clusters (2). Possibly due to duplicate points in X.
  return fit_method(estimator, *args, **kwargs)
/share/yangxizhong/env/anaconda/envs/deepconf/lib/python3.11/site-packages/sklearn/base.py:1365: ConvergenceWarning: Number of distinct clusters (1) found smaller than n_clusters (2). Possibly due to duplicate points in X.
  return fit_method(estimator, *args, **kwargs)
/share/yangxizhong/env/anaconda/envs/deepconf/lib/python3.11/site-packages/sklearn/base.py:1365: ConvergenceWarning: Number of distinct clusters (1) found smaller than n_clusters (2). Possibly due to duplicate points in X.
  return fit_method(estimator, *args, **kwargs)
/share/yangxizhong/env/anaconda/envs/deepconf/lib/python3.11/site-packages/sklearn/base.py:1365: ConvergenceWarning: Number of distinct clusters (1) found smaller than n_clusters (2). Possibly due to duplicate points in X.
  return fit_method(estimator, *args, **kwargs)
/share/yangxizhong/env/anaconda/envs/deepconf/lib/python3.11/site-packages/sklearn/base.py:1365: ConvergenceWarning: Number of distinct clusters (1) found smaller than n_clusters (2). Possibly due to duplicate points in X.
  return fit_method(estimator, *args, **kwargs)
/share/yangxizhong/env/anaconda/envs/deepconf/lib/python3.11/site-packages/sklearn/base.py:1365: ConvergenceWarning: Number of distinct clusters (1) found smaller than n_clusters (2). Possibly due to duplicate points in X.
  return fit_method(estimator, *args, **kwargs)
/share/yangxizhong/env/anaconda/envs/deepconf/lib/python3.11/site-packages/sklearn/base.py:1365: ConvergenceWarning: Number of distinct clusters (1) found smaller than n_clusters (2). Possibly due to duplicate points in X.
  return fit_method(estimator, *args, **kwargs)
/share/yangxizhong/env/anaconda/envs/deepconf/lib/python3.11/site-packages/sklearn/base.py:1365: ConvergenceWarning: Number of distinct clusters (1) found smaller than n_clusters (2). Possibly due to duplicate points in X.
  return fit_method(estimator, *args, **kwargs)
/share/yangxizhong/env/anaconda/envs/deepconf/lib/python3.11/site-packages/sklearn/base.py:1365: ConvergenceWarning: Number of distinct clusters (1) found smaller than n_clusters (2). Possibly due to duplicate points in X.
  return fit_method(estimator, *args, **kwargs)
/share/yangxizhong/env/anaconda/envs/deepconf/lib/python3.11/site-packages/sklearn/base.py:1365: ConvergenceWarning: Number of distinct clusters (1) found smaller than n_clusters (2). Possibly due to duplicate points in X.
  return fit_method(estimator, *args, **kwargs)
/share/yangxizhong/env/anaconda/envs/deepconf/lib/python3.11/site-packages/sklearn/base.py:1365: ConvergenceWarning: Number of distinct clusters (1) found smaller than n_clusters (2). Possibly due to duplicate points in X.
  return fit_method(estimator, *args, **kwargs)
/share/yangxizhong/env/anaconda/envs/deepconf/lib/python3.11/site-packages/sklearn/base.py:1365: ConvergenceWarning: Number of distinct clusters (1) found smaller than n_clusters (2). Possibly due to duplicate points in X.
  return fit_method(estimator, *args, **kwargs)
/share/yangxizhong/env/anaconda/envs/deepconf/lib/python3.11/site-packages/sklearn/base.py:1365: ConvergenceWarning: Number of distinct clusters (1) found smaller than n_clusters (2). Possibly due to duplicate points in X.
  return fit_method(estimator, *args, **kwargs)
/share/yangxizhong/env/anaconda/envs/deepconf/lib/python3.11/site-packages/sklearn/base.py:1365: ConvergenceWarning: Number of distinct clusters (1) found smaller than n_clusters (2). Possibly due to duplicate points in X.
  return fit_method(estimator, *args, **kwargs)
/share/yangxizhong/env/anaconda/envs/deepconf/lib/python3.11/site-packages/sklearn/base.py:1365: ConvergenceWarning: Number of distinct clusters (1) found smaller than n_clusters (2). Possibly due to duplicate points in X.
  return fit_method(estimator, *args, **kwargs)
/share/yangxizhong/env/anaconda/envs/deepconf/lib/python3.11/site-packages/sklearn/base.py:1365: ConvergenceWarning: Number of distinct clusters (1) found smaller than n_clusters (2). Possibly due to duplicate points in X.
  return fit_method(estimator, *args, **kwargs)
/share/yangxizhong/env/anaconda/envs/deepconf/lib/python3.11/site-packages/sklearn/base.py:1365: ConvergenceWarning: Number of distinct clusters (1) found smaller than n_clusters (2). Possibly due to duplicate points in X.
  return fit_method(estimator, *args, **kwargs)
/share/yangxizhong/env/anaconda/envs/deepconf/lib/python3.11/site-packages/sklearn/base.py:1365: ConvergenceWarning: Number of distinct clusters (1) found smaller than n_clusters (2). Possibly due to duplicate points in X.
  return fit_method(estimator, *args, **kwargs)
/share/yangxizhong/env/anaconda/envs/deepconf/lib/python3.11/site-packages/sklearn/base.py:1365: ConvergenceWarning: Number of distinct clusters (1) found smaller than n_clusters (2). Possibly due to duplicate points in X.
  return fit_method(estimator, *args, **kwargs)
/share/yangxizhong/env/anaconda/envs/deepconf/lib/python3.11/site-packages/sklearn/base.py:1365: ConvergenceWarning: Number of distinct clusters (1) found smaller than n_clusters (2). Possibly due to duplicate points in X.
  return fit_method(estimator, *args, **kwargs)
/share/yangxizhong/env/anaconda/envs/deepconf/lib/python3.11/site-packages/sklearn/base.py:1365: ConvergenceWarning: Number of distinct clusters (1) found smaller than n_clusters (2). Possibly due to duplicate points in X.
  return fit_method(estimator, *args, **kwargs)
/share/yangxizhong/env/anaconda/envs/deepconf/lib/python3.11/site-packages/sklearn/base.py:1365: ConvergenceWarning: Number of distinct clusters (1) found smaller than n_clusters (2). Possibly due to duplicate points in X.
  return fit_method(estimator, *args, **kwargs)
/share/yangxizhong/env/anaconda/envs/deepconf/lib/python3.11/site-packages/sklearn/base.py:1365: ConvergenceWarning: Number of distinct clusters (1) found smaller than n_clusters (2). Possibly due to duplicate points in X.
  return fit_method(estimator, *args, **kwargs)
/share/yangxizhong/env/anaconda/envs/deepconf/lib/python3.11/site-packages/sklearn/base.py:1365: ConvergenceWarning: Number of distinct clusters (1) found smaller than n_clusters (2). Possibly due to duplicate points in X.
  return fit_method(estimator, *args, **kwargs)
/share/yangxizhong/env/anaconda/envs/deepconf/lib/python3.11/site-packages/sklearn/base.py:1365: ConvergenceWarning: Number of distinct clusters (1) found smaller than n_clusters (2). Possibly due to duplicate points in X.
  return fit_method(estimator, *args, **kwargs)
/share/yangxizhong/env/anaconda/envs/deepconf/lib/python3.11/site-packages/sklearn/base.py:1365: ConvergenceWarning: Number of distinct clusters (1) found smaller than n_clusters (2). Possibly due to duplicate points in X.
  return fit_method(estimator, *args, **kwargs)
/share/yangxizhong/env/anaconda/envs/deepconf/lib/python3.11/site-packages/sklearn/base.py:1365: ConvergenceWarning: Number of distinct clusters (1) found smaller than n_clusters (2). Possibly due to duplicate points in X.
  return fit_method(estimator, *args, **kwargs)
/share/yangxizhong/env/anaconda/envs/deepconf/lib/python3.11/site-packages/sklearn/base.py:1365: ConvergenceWarning: Number of distinct clusters (1) found smaller than n_clusters (2). Possibly due to duplicate points in X.
  return fit_method(estimator, *args, **kwargs)
/share/yangxizhong/env/anaconda/envs/deepconf/lib/python3.11/site-packages/sklearn/base.py:1365: ConvergenceWarning: Number of distinct clusters (1) found smaller than n_clusters (2). Possibly due to duplicate points in X.
  return fit_method(estimator, *args, **kwargs)
/share/yangxizhong/env/anaconda/envs/deepconf/lib/python3.11/site-packages/sklearn/base.py:1365: ConvergenceWarning: Number of distinct clusters (1) found smaller than n_clusters (2). Possibly due to duplicate points in X.
  return fit_method(estimator, *args, **kwargs)
/share/yangxizhong/env/anaconda/envs/deepconf/lib/python3.11/site-packages/sklearn/base.py:1365: ConvergenceWarning: Number of distinct clusters (1) found smaller than n_clusters (2). Possibly due to duplicate points in X.
  return fit_method(estimator, *args, **kwargs)
/share/yangxizhong/env/anaconda/envs/deepconf/lib/python3.11/site-packages/sklearn/base.py:1365: ConvergenceWarning: Number of distinct clusters (1) found smaller than n_clusters (2). Possibly due to duplicate points in X.
  return fit_method(estimator, *args, **kwargs)
 62%|██████▏   | 8/13 [12:26<12:20, 148.14s/it]/share/yangxizhong/env/anaconda/envs/deepconf/lib/python3.11/site-packages/sklearn/base.py:1365: ConvergenceWarning: Number of distinct clusters (1) found smaller than n_clusters (2). Possibly due to duplicate points in X.
  return fit_method(estimator, *args, **kwargs)
/share/yangxizhong/env/anaconda/envs/deepconf/lib/python3.11/site-packages/sklearn/base.py:1365: ConvergenceWarning: Number of distinct clusters (1) found smaller than n_clusters (2). Possibly due to duplicate points in X.
  return fit_method(estimator, *args, **kwargs)
/share/yangxizhong/env/anaconda/envs/deepconf/lib/python3.11/site-packages/sklearn/base.py:1365: ConvergenceWarning: Number of distinct clusters (1) found smaller than n_clusters (2). Possibly due to duplicate points in X.
  return fit_method(estimator, *args, **kwargs)
/share/yangxizhong/env/anaconda/envs/deepconf/lib/python3.11/site-packages/sklearn/base.py:1365: ConvergenceWarning: Number of distinct clusters (1) found smaller than n_clusters (2). Possibly due to duplicate points in X.
  return fit_method(estimator, *args, **kwargs)
/share/yangxizhong/env/anaconda/envs/deepconf/lib/python3.11/site-packages/sklearn/base.py:1365: ConvergenceWarning: Number of distinct clusters (1) found smaller than n_clusters (2). Possibly due to duplicate points in X.
  return fit_method(estimator, *args, **kwargs)
/share/yangxizhong/env/anaconda/envs/deepconf/lib/python3.11/site-packages/sklearn/base.py:1365: ConvergenceWarning: Number of distinct clusters (1) found smaller than n_clusters (2). Possibly due to duplicate points in X.
  return fit_method(estimator, *args, **kwargs)
/share/yangxizhong/env/anaconda/envs/deepconf/lib/python3.11/site-packages/sklearn/base.py:1365: ConvergenceWarning: Number of distinct clusters (1) found smaller than n_clusters (2). Possibly due to duplicate points in X.
  return fit_method(estimator, *args, **kwargs)
/share/yangxizhong/env/anaconda/envs/deepconf/lib/python3.11/site-packages/sklearn/base.py:1365: ConvergenceWarning: Number of distinct clusters (1) found smaller than n_clusters (2). Possibly due to duplicate points in X.
  return fit_method(estimator, *args, **kwargs)
/share/yangxizhong/env/anaconda/envs/deepconf/lib/python3.11/site-packages/sklearn/base.py:1365: ConvergenceWarning: Number of distinct clusters (1) found smaller than n_clusters (2). Possibly due to duplicate points in X.
  return fit_method(estimator, *args, **kwargs)
/share/yangxizhong/env/anaconda/envs/deepconf/lib/python3.11/site-packages/sklearn/base.py:1365: ConvergenceWarning: Number of distinct clusters (1) found smaller than n_clusters (2). Possibly due to duplicate points in X.
  return fit_method(estimator, *args, **kwargs)
/share/yangxizhong/env/anaconda/envs/deepconf/lib/python3.11/site-packages/sklearn/base.py:1365: ConvergenceWarning: Number of distinct clusters (1) found smaller than n_clusters (2). Possibly due to duplicate points in X.
  return fit_method(estimator, *args, **kwargs)
/share/yangxizhong/env/anaconda/envs/deepconf/lib/python3.11/site-packages/sklearn/base.py:1365: ConvergenceWarning: Number of distinct clusters (1) found smaller than n_clusters (2). Possibly due to duplicate points in X.
  return fit_method(estimator, *args, **kwargs)
/share/yangxizhong/env/anaconda/envs/deepconf/lib/python3.11/site-packages/sklearn/base.py:1365: ConvergenceWarning: Number of distinct clusters (1) found smaller than n_clusters (2). Possibly due to duplicate points in X.
  return fit_method(estimator, *args, **kwargs)
/share/yangxizhong/env/anaconda/envs/deepconf/lib/python3.11/site-packages/sklearn/base.py:1365: ConvergenceWarning: Number of distinct clusters (1) found smaller than n_clusters (2). Possibly due to duplicate points in X.
  return fit_method(estimator, *args, **kwargs)
/share/yangxizhong/env/anaconda/envs/deepconf/lib/python3.11/site-packages/sklearn/base.py:1365: ConvergenceWarning: Number of distinct clusters (1) found smaller than n_clusters (2). Possibly due to duplicate points in X.
  return fit_method(estimator, *args, **kwargs)
/share/yangxizhong/env/anaconda/envs/deepconf/lib/python3.11/site-packages/sklearn/base.py:1365: ConvergenceWarning: Number of distinct clusters (1) found smaller than n_clusters (2). Possibly due to duplicate points in X.
  return fit_method(estimator, *args, **kwargs)
/share/yangxizhong/env/anaconda/envs/deepconf/lib/python3.11/site-packages/sklearn/base.py:1365: ConvergenceWarning: Number of distinct clusters (1) found smaller than n_clusters (2). Possibly due to duplicate points in X.
  return fit_method(estimator, *args, **kwargs)
/share/yangxizhong/env/anaconda/envs/deepconf/lib/python3.11/site-packages/sklearn/base.py:1365: ConvergenceWarning: Number of distinct clusters (1) found smaller than n_clusters (2). Possibly due to duplicate points in X.
  return fit_method(estimator, *args, **kwargs)
/share/yangxizhong/env/anaconda/envs/deepconf/lib/python3.11/site-packages/sklearn/base.py:1365: ConvergenceWarning: Number of distinct clusters (1) found smaller than n_clusters (2). Possibly due to duplicate points in X.
  return fit_method(estimator, *args, **kwargs)
/share/yangxizhong/env/anaconda/envs/deepconf/lib/python3.11/site-packages/sklearn/base.py:1365: ConvergenceWarning: Number of distinct clusters (1) found smaller than n_clusters (2). Possibly due to duplicate points in X.
  return fit_method(estimator, *args, **kwargs)
/share/yangxizhong/env/anaconda/envs/deepconf/lib/python3.11/site-packages/sklearn/base.py:1365: ConvergenceWarning: Number of distinct clusters (1) found smaller than n_clusters (2). Possibly due to duplicate points in X.
  return fit_method(estimator, *args, **kwargs)
/share/yangxizhong/env/anaconda/envs/deepconf/lib/python3.11/site-packages/sklearn/base.py:1365: ConvergenceWarning: Number of distinct clusters (1) found smaller than n_clusters (2). Possibly due to duplicate points in X.
  return fit_method(estimator, *args, **kwargs)
/share/yangxizhong/env/anaconda/envs/deepconf/lib/python3.11/site-packages/sklearn/base.py:1365: ConvergenceWarning: Number of distinct clusters (1) found smaller than n_clusters (2). Possibly due to duplicate points in X.
  return fit_method(estimator, *args, **kwargs)
/share/yangxizhong/env/anaconda/envs/deepconf/lib/python3.11/site-packages/sklearn/base.py:1365: ConvergenceWarning: Number of distinct clusters (1) found smaller than n_clusters (2). Possibly due to duplicate points in X.
  return fit_method(estimator, *args, **kwargs)
/share/yangxizhong/env/anaconda/envs/deepconf/lib/python3.11/site-packages/sklearn/base.py:1365: ConvergenceWarning: Number of distinct clusters (1) found smaller than n_clusters (2). Possibly due to duplicate points in X.
  return fit_method(estimator, *args, **kwargs)
/share/yangxizhong/env/anaconda/envs/deepconf/lib/python3.11/site-packages/sklearn/base.py:1365: ConvergenceWarning: Number of distinct clusters (1) found smaller than n_clusters (2). Possibly due to duplicate points in X.
  return fit_method(estimator, *args, **kwargs)
/share/yangxizhong/env/anaconda/envs/deepconf/lib/python3.11/site-packages/sklearn/base.py:1365: ConvergenceWarning: Number of distinct clusters (1) found smaller than n_clusters (2). Possibly due to duplicate points in X.
  return fit_method(estimator, *args, **kwargs)
/share/yangxizhong/env/anaconda/envs/deepconf/lib/python3.11/site-packages/sklearn/base.py:1365: ConvergenceWarning: Number of distinct clusters (1) found smaller than n_clusters (2). Possibly due to duplicate points in X.
  return fit_method(estimator, *args, **kwargs)
/share/yangxizhong/env/anaconda/envs/deepconf/lib/python3.11/site-packages/sklearn/base.py:1365: ConvergenceWarning: Number of distinct clusters (1) found smaller than n_clusters (2). Possibly due to duplicate points in X.
  return fit_method(estimator, *args, **kwargs)
/share/yangxizhong/env/anaconda/envs/deepconf/lib/python3.11/site-packages/sklearn/base.py:1365: ConvergenceWarning: Number of distinct clusters (1) found smaller than n_clusters (2). Possibly due to duplicate points in X.
  return fit_method(estimator, *args, **kwargs)
/share/yangxizhong/env/anaconda/envs/deepconf/lib/python3.11/site-packages/sklearn/base.py:1365: ConvergenceWarning: Number of distinct clusters (1) found smaller than n_clusters (2). Possibly due to duplicate points in X.
  return fit_method(estimator, *args, **kwargs)
/share/yangxizhong/env/anaconda/envs/deepconf/lib/python3.11/site-packages/sklearn/base.py:1365: ConvergenceWarning: Number of distinct clusters (1) found smaller than n_clusters (2). Possibly due to duplicate points in X.
  return fit_method(estimator, *args, **kwargs)
/share/yangxizhong/env/anaconda/envs/deepconf/lib/python3.11/site-packages/sklearn/base.py:1365: ConvergenceWarning: Number of distinct clusters (1) found smaller than n_clusters (2). Possibly due to duplicate points in X.
  return fit_method(estimator, *args, **kwargs)
/share/yangxizhong/env/anaconda/envs/deepconf/lib/python3.11/site-packages/sklearn/base.py:1365: ConvergenceWarning: Number of distinct clusters (1) found smaller than n_clusters (2). Possibly due to duplicate points in X.
  return fit_method(estimator, *args, **kwargs)
/share/yangxizhong/env/anaconda/envs/deepconf/lib/python3.11/site-packages/sklearn/base.py:1365: ConvergenceWarning: Number of distinct clusters (1) found smaller than n_clusters (2). Possibly due to duplicate points in X.
  return fit_method(estimator, *args, **kwargs)
/share/yangxizhong/env/anaconda/envs/deepconf/lib/python3.11/site-packages/sklearn/base.py:1365: ConvergenceWarning: Number of distinct clusters (1) found smaller than n_clusters (2). Possibly due to duplicate points in X.
  return fit_method(estimator, *args, **kwargs)
/share/yangxizhong/env/anaconda/envs/deepconf/lib/python3.11/site-packages/sklearn/base.py:1365: ConvergenceWarning: Number of distinct clusters (1) found smaller than n_clusters (2). Possibly due to duplicate points in X.
  return fit_method(estimator, *args, **kwargs)
/share/yangxizhong/env/anaconda/envs/deepconf/lib/python3.11/site-packages/sklearn/base.py:1365: ConvergenceWarning: Number of distinct clusters (1) found smaller than n_clusters (2). Possibly due to duplicate points in X.
  return fit_method(estimator, *args, **kwargs)
/share/yangxizhong/env/anaconda/envs/deepconf/lib/python3.11/site-packages/sklearn/base.py:1365: ConvergenceWarning: Number of distinct clusters (1) found smaller than n_clusters (2). Possibly due to duplicate points in X.
  return fit_method(estimator, *args, **kwargs)
/share/yangxizhong/env/anaconda/envs/deepconf/lib/python3.11/site-packages/sklearn/base.py:1365: ConvergenceWarning: Number of distinct clusters (1) found smaller than n_clusters (2). Possibly due to duplicate points in X.
  return fit_method(estimator, *args, **kwargs)
/share/yangxizhong/env/anaconda/envs/deepconf/lib/python3.11/site-packages/sklearn/base.py:1365: ConvergenceWarning: Number of distinct clusters (1) found smaller than n_clusters (2). Possibly due to duplicate points in X.
  return fit_method(estimator, *args, **kwargs)
/share/yangxizhong/env/anaconda/envs/deepconf/lib/python3.11/site-packages/sklearn/base.py:1365: ConvergenceWarning: Number of distinct clusters (1) found smaller than n_clusters (2). Possibly due to duplicate points in X.
  return fit_method(estimator, *args, **kwargs)
/share/yangxizhong/env/anaconda/envs/deepconf/lib/python3.11/site-packages/sklearn/base.py:1365: ConvergenceWarning: Number of distinct clusters (1) found smaller than n_clusters (2). Possibly due to duplicate points in X.
  return fit_method(estimator, *args, **kwargs)
/share/yangxizhong/env/anaconda/envs/deepconf/lib/python3.11/site-packages/sklearn/base.py:1365: ConvergenceWarning: Number of distinct clusters (1) found smaller than n_clusters (2). Possibly due to duplicate points in X.
  return fit_method(estimator, *args, **kwargs)
/share/yangxizhong/env/anaconda/envs/deepconf/lib/python3.11/site-packages/sklearn/base.py:1365: ConvergenceWarning: Number of distinct clusters (1) found smaller than n_clusters (2). Possibly due to duplicate points in X.
  return fit_method(estimator, *args, **kwargs)
/share/yangxizhong/env/anaconda/envs/deepconf/lib/python3.11/site-packages/sklearn/base.py:1365: ConvergenceWarning: Number of distinct clusters (1) found smaller than n_clusters (2). Possibly due to duplicate points in X.
  return fit_method(estimator, *args, **kwargs)
/share/yangxizhong/env/anaconda/envs/deepconf/lib/python3.11/site-packages/sklearn/base.py:1365: ConvergenceWarning: Number of distinct clusters (1) found smaller than n_clusters (2). Possibly due to duplicate points in X.
  return fit_method(estimator, *args, **kwargs)
/share/yangxizhong/env/anaconda/envs/deepconf/lib/python3.11/site-packages/sklearn/base.py:1365: ConvergenceWarning: Number of distinct clusters (1) found smaller than n_clusters (2). Possibly due to duplicate points in X.
  return fit_method(estimator, *args, **kwargs)
/share/yangxizhong/env/anaconda/envs/deepconf/lib/python3.11/site-packages/sklearn/base.py:1365: ConvergenceWarning: Number of distinct clusters (1) found smaller than n_clusters (2). Possibly due to duplicate points in X.
  return fit_method(estimator, *args, **kwargs)
/share/yangxizhong/env/anaconda/envs/deepconf/lib/python3.11/site-packages/sklearn/base.py:1365: ConvergenceWarning: Number of distinct clusters (1) found smaller than n_clusters (2). Possibly due to duplicate points in X.
  return fit_method(estimator, *args, **kwargs)
/share/yangxizhong/env/anaconda/envs/deepconf/lib/python3.11/site-packages/sklearn/base.py:1365: ConvergenceWarning: Number of distinct clusters (1) found smaller than n_clusters (2). Possibly due to duplicate points in X.
  return fit_method(estimator, *args, **kwargs)
/share/yangxizhong/env/anaconda/envs/deepconf/lib/python3.11/site-packages/sklearn/base.py:1365: ConvergenceWarning: Number of distinct clusters (1) found smaller than n_clusters (2). Possibly due to duplicate points in X.
  return fit_method(estimator, *args, **kwargs)
/share/yangxizhong/env/anaconda/envs/deepconf/lib/python3.11/site-packages/sklearn/base.py:1365: ConvergenceWarning: Number of distinct clusters (1) found smaller than n_clusters (2). Possibly due to duplicate points in X.
  return fit_method(estimator, *args, **kwargs)
/share/yangxizhong/env/anaconda/envs/deepconf/lib/python3.11/site-packages/sklearn/base.py:1365: ConvergenceWarning: Number of distinct clusters (1) found smaller than n_clusters (2). Possibly due to duplicate points in X.
  return fit_method(estimator, *args, **kwargs)
/share/yangxizhong/env/anaconda/envs/deepconf/lib/python3.11/site-packages/sklearn/base.py:1365: ConvergenceWarning: Number of distinct clusters (1) found smaller than n_clusters (2). Possibly due to duplicate points in X.
  return fit_method(estimator, *args, **kwargs)
/share/yangxizhong/env/anaconda/envs/deepconf/lib/python3.11/site-packages/sklearn/base.py:1365: ConvergenceWarning: Number of distinct clusters (1) found smaller than n_clusters (2). Possibly due to duplicate points in X.
  return fit_method(estimator, *args, **kwargs)
/share/yangxizhong/env/anaconda/envs/deepconf/lib/python3.11/site-packages/sklearn/base.py:1365: ConvergenceWarning: Number of distinct clusters (1) found smaller than n_clusters (2). Possibly due to duplicate points in X.
  return fit_method(estimator, *args, **kwargs)
/share/yangxizhong/env/anaconda/envs/deepconf/lib/python3.11/site-packages/sklearn/base.py:1365: ConvergenceWarning: Number of distinct clusters (1) found smaller than n_clusters (2). Possibly due to duplicate points in X.
  return fit_method(estimator, *args, **kwargs)
/share/yangxizhong/env/anaconda/envs/deepconf/lib/python3.11/site-packages/sklearn/base.py:1365: ConvergenceWarning: Number of distinct clusters (1) found smaller than n_clusters (2). Possibly due to duplicate points in X.
  return fit_method(estimator, *args, **kwargs)
/share/yangxizhong/env/anaconda/envs/deepconf/lib/python3.11/site-packages/sklearn/base.py:1365: ConvergenceWarning: Number of distinct clusters (1) found smaller than n_clusters (2). Possibly due to duplicate points in X.
  return fit_method(estimator, *args, **kwargs)
/share/yangxizhong/env/anaconda/envs/deepconf/lib/python3.11/site-packages/sklearn/base.py:1365: ConvergenceWarning: Number of distinct clusters (1) found smaller than n_clusters (2). Possibly due to duplicate points in X.
  return fit_method(estimator, *args, **kwargs)
/share/yangxizhong/env/anaconda/envs/deepconf/lib/python3.11/site-packages/sklearn/base.py:1365: ConvergenceWarning: Number of distinct clusters (1) found smaller than n_clusters (2). Possibly due to duplicate points in X.
  return fit_method(estimator, *args, **kwargs)
/share/yangxizhong/env/anaconda/envs/deepconf/lib/python3.11/site-packages/sklearn/base.py:1365: ConvergenceWarning: Number of distinct clusters (1) found smaller than n_clusters (2). Possibly due to duplicate points in X.
  return fit_method(estimator, *args, **kwargs)
/share/yangxizhong/env/anaconda/envs/deepconf/lib/python3.11/site-packages/sklearn/base.py:1365: ConvergenceWarning: Number of distinct clusters (1) found smaller than n_clusters (2). Possibly due to duplicate points in X.
  return fit_method(estimator, *args, **kwargs)
/share/yangxizhong/env/anaconda/envs/deepconf/lib/python3.11/site-packages/sklearn/base.py:1365: ConvergenceWarning: Number of distinct clusters (1) found smaller than n_clusters (2). Possibly due to duplicate points in X.
  return fit_method(estimator, *args, **kwargs)
/share/yangxizhong/env/anaconda/envs/deepconf/lib/python3.11/site-packages/sklearn/base.py:1365: ConvergenceWarning: Number of distinct clusters (1) found smaller than n_clusters (2). Possibly due to duplicate points in X.
  return fit_method(estimator, *args, **kwargs)
/share/yangxizhong/env/anaconda/envs/deepconf/lib/python3.11/site-packages/sklearn/base.py:1365: ConvergenceWarning: Number of distinct clusters (1) found smaller than n_clusters (2). Possibly due to duplicate points in X.
  return fit_method(estimator, *args, **kwargs)
/share/yangxizhong/env/anaconda/envs/deepconf/lib/python3.11/site-packages/sklearn/base.py:1365: ConvergenceWarning: Number of distinct clusters (1) found smaller than n_clusters (2). Possibly due to duplicate points in X.
  return fit_method(estimator, *args, **kwargs)
/share/yangxizhong/env/anaconda/envs/deepconf/lib/python3.11/site-packages/sklearn/base.py:1365: ConvergenceWarning: Number of distinct clusters (1) found smaller than n_clusters (2). Possibly due to duplicate points in X.
  return fit_method(estimator, *args, **kwargs)
/share/yangxizhong/env/anaconda/envs/deepconf/lib/python3.11/site-packages/sklearn/base.py:1365: ConvergenceWarning: Number of distinct clusters (1) found smaller than n_clusters (2). Possibly due to duplicate points in X.
  return fit_method(estimator, *args, **kwargs)
/share/yangxizhong/env/anaconda/envs/deepconf/lib/python3.11/site-packages/sklearn/base.py:1365: ConvergenceWarning: Number of distinct clusters (1) found smaller than n_clusters (2). Possibly due to duplicate points in X.
  return fit_method(estimator, *args, **kwargs)
/share/yangxizhong/env/anaconda/envs/deepconf/lib/python3.11/site-packages/sklearn/base.py:1365: ConvergenceWarning: Number of distinct clusters (1) found smaller than n_clusters (2). Possibly due to duplicate points in X.
  return fit_method(estimator, *args, **kwargs)
/share/yangxizhong/env/anaconda/envs/deepconf/lib/python3.11/site-packages/sklearn/base.py:1365: ConvergenceWarning: Number of distinct clusters (1) found smaller than n_clusters (2). Possibly due to duplicate points in X.
  return fit_method(estimator, *args, **kwargs)
/share/yangxizhong/env/anaconda/envs/deepconf/lib/python3.11/site-packages/sklearn/base.py:1365: ConvergenceWarning: Number of distinct clusters (1) found smaller than n_clusters (2). Possibly due to duplicate points in X.
  return fit_method(estimator, *args, **kwargs)
/share/yangxizhong/env/anaconda/envs/deepconf/lib/python3.11/site-packages/sklearn/base.py:1365: ConvergenceWarning: Number of distinct clusters (1) found smaller than n_clusters (2). Possibly due to duplicate points in X.
  return fit_method(estimator, *args, **kwargs)
/share/yangxizhong/env/anaconda/envs/deepconf/lib/python3.11/site-packages/sklearn/base.py:1365: ConvergenceWarning: Number of distinct clusters (1) found smaller than n_clusters (2). Possibly due to duplicate points in X.
  return fit_method(estimator, *args, **kwargs)
/share/yangxizhong/env/anaconda/envs/deepconf/lib/python3.11/site-packages/sklearn/base.py:1365: ConvergenceWarning: Number of distinct clusters (1) found smaller than n_clusters (2). Possibly due to duplicate points in X.
  return fit_method(estimator, *args, **kwargs)
/share/yangxizhong/env/anaconda/envs/deepconf/lib/python3.11/site-packages/sklearn/base.py:1365: ConvergenceWarning: Number of distinct clusters (1) found smaller than n_clusters (2). Possibly due to duplicate points in X.
  return fit_method(estimator, *args, **kwargs)
/share/yangxizhong/env/anaconda/envs/deepconf/lib/python3.11/site-packages/sklearn/base.py:1365: ConvergenceWarning: Number of distinct clusters (1) found smaller than n_clusters (2). Possibly due to duplicate points in X.
  return fit_method(estimator, *args, **kwargs)
/share/yangxizhong/env/anaconda/envs/deepconf/lib/python3.11/site-packages/sklearn/base.py:1365: ConvergenceWarning: Number of distinct clusters (1) found smaller than n_clusters (2). Possibly due to duplicate points in X.
  return fit_method(estimator, *args, **kwargs)
/share/yangxizhong/env/anaconda/envs/deepconf/lib/python3.11/site-packages/sklearn/base.py:1365: ConvergenceWarning: Number of distinct clusters (1) found smaller than n_clusters (2). Possibly due to duplicate points in X.
  return fit_method(estimator, *args, **kwargs)
/share/yangxizhong/env/anaconda/envs/deepconf/lib/python3.11/site-packages/sklearn/base.py:1365: ConvergenceWarning: Number of distinct clusters (1) found smaller than n_clusters (2). Possibly due to duplicate points in X.
  return fit_method(estimator, *args, **kwargs)
/share/yangxizhong/env/anaconda/envs/deepconf/lib/python3.11/site-packages/sklearn/base.py:1365: ConvergenceWarning: Number of distinct clusters (1) found smaller than n_clusters (2). Possibly due to duplicate points in X.
  return fit_method(estimator, *args, **kwargs)
/share/yangxizhong/env/anaconda/envs/deepconf/lib/python3.11/site-packages/sklearn/base.py:1365: ConvergenceWarning: Number of distinct clusters (1) found smaller than n_clusters (2). Possibly due to duplicate points in X.
  return fit_method(estimator, *args, **kwargs)
/share/yangxizhong/env/anaconda/envs/deepconf/lib/python3.11/site-packages/sklearn/base.py:1365: ConvergenceWarning: Number of distinct clusters (1) found smaller than n_clusters (2). Possibly due to duplicate points in X.
  return fit_method(estimator, *args, **kwargs)
/share/yangxizhong/env/anaconda/envs/deepconf/lib/python3.11/site-packages/sklearn/base.py:1365: ConvergenceWarning: Number of distinct clusters (1) found smaller than n_clusters (2). Possibly due to duplicate points in X.
  return fit_method(estimator, *args, **kwargs)
/share/yangxizhong/env/anaconda/envs/deepconf/lib/python3.11/site-packages/sklearn/base.py:1365: ConvergenceWarning: Number of distinct clusters (1) found smaller than n_clusters (2). Possibly due to duplicate points in X.
  return fit_method(estimator, *args, **kwargs)
/share/yangxizhong/env/anaconda/envs/deepconf/lib/python3.11/site-packages/sklearn/base.py:1365: ConvergenceWarning: Number of distinct clusters (1) found smaller than n_clusters (2). Possibly due to duplicate points in X.
  return fit_method(estimator, *args, **kwargs)
/share/yangxizhong/env/anaconda/envs/deepconf/lib/python3.11/site-packages/sklearn/base.py:1365: ConvergenceWarning: Number of distinct clusters (1) found smaller than n_clusters (2). Possibly due to duplicate points in X.
  return fit_method(estimator, *args, **kwargs)
/share/yangxizhong/env/anaconda/envs/deepconf/lib/python3.11/site-packages/sklearn/base.py:1365: ConvergenceWarning: Number of distinct clusters (1) found smaller than n_clusters (2). Possibly due to duplicate points in X.
  return fit_method(estimator, *args, **kwargs)
/share/yangxizhong/env/anaconda/envs/deepconf/lib/python3.11/site-packages/sklearn/base.py:1365: ConvergenceWarning: Number of distinct clusters (1) found smaller than n_clusters (2). Possibly due to duplicate points in X.
  return fit_method(estimator, *args, **kwargs)
/share/yangxizhong/env/anaconda/envs/deepconf/lib/python3.11/site-packages/sklearn/base.py:1365: ConvergenceWarning: Number of distinct clusters (1) found smaller than n_clusters (2). Possibly due to duplicate points in X.
  return fit_method(estimator, *args, **kwargs)
 69%|██████▉   | 9/13 [14:37<09:31, 142.96s/it] 77%|███████▋  | 10/13 [16:03<06:16, 125.39s/it]/share/yangxizhong/env/anaconda/envs/deepconf/lib/python3.11/site-packages/sklearn/base.py:1365: ConvergenceWarning: Number of distinct clusters (1) found smaller than n_clusters (2). Possibly due to duplicate points in X.
  return fit_method(estimator, *args, **kwargs)
/share/yangxizhong/env/anaconda/envs/deepconf/lib/python3.11/site-packages/sklearn/base.py:1365: ConvergenceWarning: Number of distinct clusters (1) found smaller than n_clusters (2). Possibly due to duplicate points in X.
  return fit_method(estimator, *args, **kwargs)
/share/yangxizhong/env/anaconda/envs/deepconf/lib/python3.11/site-packages/sklearn/base.py:1365: ConvergenceWarning: Number of distinct clusters (1) found smaller than n_clusters (2). Possibly due to duplicate points in X.
  return fit_method(estimator, *args, **kwargs)
/share/yangxizhong/env/anaconda/envs/deepconf/lib/python3.11/site-packages/sklearn/base.py:1365: ConvergenceWarning: Number of distinct clusters (1) found smaller than n_clusters (2). Possibly due to duplicate points in X.
  return fit_method(estimator, *args, **kwargs)
/share/yangxizhong/env/anaconda/envs/deepconf/lib/python3.11/site-packages/sklearn/base.py:1365: ConvergenceWarning: Number of distinct clusters (1) found smaller than n_clusters (2). Possibly due to duplicate points in X.
  return fit_method(estimator, *args, **kwargs)
/share/yangxizhong/env/anaconda/envs/deepconf/lib/python3.11/site-packages/sklearn/base.py:1365: ConvergenceWarning: Number of distinct clusters (1) found smaller than n_clusters (2). Possibly due to duplicate points in X.
  return fit_method(estimator, *args, **kwargs)
/share/yangxizhong/env/anaconda/envs/deepconf/lib/python3.11/site-packages/sklearn/base.py:1365: ConvergenceWarning: Number of distinct clusters (1) found smaller than n_clusters (2). Possibly due to duplicate points in X.
  return fit_method(estimator, *args, **kwargs)
/share/yangxizhong/env/anaconda/envs/deepconf/lib/python3.11/site-packages/sklearn/base.py:1365: ConvergenceWarning: Number of distinct clusters (1) found smaller than n_clusters (2). Possibly due to duplicate points in X.
  return fit_method(estimator, *args, **kwargs)
/share/yangxizhong/env/anaconda/envs/deepconf/lib/python3.11/site-packages/sklearn/base.py:1365: ConvergenceWarning: Number of distinct clusters (1) found smaller than n_clusters (2). Possibly due to duplicate points in X.
  return fit_method(estimator, *args, **kwargs)
/share/yangxizhong/env/anaconda/envs/deepconf/lib/python3.11/site-packages/sklearn/base.py:1365: ConvergenceWarning: Number of distinct clusters (1) found smaller than n_clusters (2). Possibly due to duplicate points in X.
  return fit_method(estimator, *args, **kwargs)
/share/yangxizhong/env/anaconda/envs/deepconf/lib/python3.11/site-packages/sklearn/base.py:1365: ConvergenceWarning: Number of distinct clusters (1) found smaller than n_clusters (2). Possibly due to duplicate points in X.
  return fit_method(estimator, *args, **kwargs)
/share/yangxizhong/env/anaconda/envs/deepconf/lib/python3.11/site-packages/sklearn/base.py:1365: ConvergenceWarning: Number of distinct clusters (1) found smaller than n_clusters (2). Possibly due to duplicate points in X.
  return fit_method(estimator, *args, **kwargs)
/share/yangxizhong/env/anaconda/envs/deepconf/lib/python3.11/site-packages/sklearn/base.py:1365: ConvergenceWarning: Number of distinct clusters (1) found smaller than n_clusters (2). Possibly due to duplicate points in X.
  return fit_method(estimator, *args, **kwargs)
/share/yangxizhong/env/anaconda/envs/deepconf/lib/python3.11/site-packages/sklearn/base.py:1365: ConvergenceWarning: Number of distinct clusters (1) found smaller than n_clusters (2). Possibly due to duplicate points in X.
  return fit_method(estimator, *args, **kwargs)
/share/yangxizhong/env/anaconda/envs/deepconf/lib/python3.11/site-packages/sklearn/base.py:1365: ConvergenceWarning: Number of distinct clusters (1) found smaller than n_clusters (2). Possibly due to duplicate points in X.
  return fit_method(estimator, *args, **kwargs)
/share/yangxizhong/env/anaconda/envs/deepconf/lib/python3.11/site-packages/sklearn/base.py:1365: ConvergenceWarning: Number of distinct clusters (1) found smaller than n_clusters (2). Possibly due to duplicate points in X.
  return fit_method(estimator, *args, **kwargs)
/share/yangxizhong/env/anaconda/envs/deepconf/lib/python3.11/site-packages/sklearn/base.py:1365: ConvergenceWarning: Number of distinct clusters (1) found smaller than n_clusters (2). Possibly due to duplicate points in X.
  return fit_method(estimator, *args, **kwargs)
/share/yangxizhong/env/anaconda/envs/deepconf/lib/python3.11/site-packages/sklearn/base.py:1365: ConvergenceWarning: Number of distinct clusters (1) found smaller than n_clusters (2). Possibly due to duplicate points in X.
  return fit_method(estimator, *args, **kwargs)
/share/yangxizhong/env/anaconda/envs/deepconf/lib/python3.11/site-packages/sklearn/base.py:1365: ConvergenceWarning: Number of distinct clusters (1) found smaller than n_clusters (2). Possibly due to duplicate points in X.
  return fit_method(estimator, *args, **kwargs)
/share/yangxizhong/env/anaconda/envs/deepconf/lib/python3.11/site-packages/sklearn/base.py:1365: ConvergenceWarning: Number of distinct clusters (1) found smaller than n_clusters (2). Possibly due to duplicate points in X.
  return fit_method(estimator, *args, **kwargs)
/share/yangxizhong/env/anaconda/envs/deepconf/lib/python3.11/site-packages/sklearn/base.py:1365: ConvergenceWarning: Number of distinct clusters (1) found smaller than n_clusters (2). Possibly due to duplicate points in X.
  return fit_method(estimator, *args, **kwargs)
/share/yangxizhong/env/anaconda/envs/deepconf/lib/python3.11/site-packages/sklearn/base.py:1365: ConvergenceWarning: Number of distinct clusters (1) found smaller than n_clusters (2). Possibly due to duplicate points in X.
  return fit_method(estimator, *args, **kwargs)
/share/yangxizhong/env/anaconda/envs/deepconf/lib/python3.11/site-packages/sklearn/base.py:1365: ConvergenceWarning: Number of distinct clusters (1) found smaller than n_clusters (2). Possibly due to duplicate points in X.
  return fit_method(estimator, *args, **kwargs)
/share/yangxizhong/env/anaconda/envs/deepconf/lib/python3.11/site-packages/sklearn/base.py:1365: ConvergenceWarning: Number of distinct clusters (1) found smaller than n_clusters (2). Possibly due to duplicate points in X.
  return fit_method(estimator, *args, **kwargs)
/share/yangxizhong/env/anaconda/envs/deepconf/lib/python3.11/site-packages/sklearn/base.py:1365: ConvergenceWarning: Number of distinct clusters (1) found smaller than n_clusters (2). Possibly due to duplicate points in X.
  return fit_method(estimator, *args, **kwargs)
/share/yangxizhong/env/anaconda/envs/deepconf/lib/python3.11/site-packages/sklearn/base.py:1365: ConvergenceWarning: Number of distinct clusters (1) found smaller than n_clusters (2). Possibly due to duplicate points in X.
  return fit_method(estimator, *args, **kwargs)
/share/yangxizhong/env/anaconda/envs/deepconf/lib/python3.11/site-packages/sklearn/base.py:1365: ConvergenceWarning: Number of distinct clusters (1) found smaller than n_clusters (2). Possibly due to duplicate points in X.
  return fit_method(estimator, *args, **kwargs)
/share/yangxizhong/env/anaconda/envs/deepconf/lib/python3.11/site-packages/sklearn/base.py:1365: ConvergenceWarning: Number of distinct clusters (1) found smaller than n_clusters (2). Possibly due to duplicate points in X.
  return fit_method(estimator, *args, **kwargs)
/share/yangxizhong/env/anaconda/envs/deepconf/lib/python3.11/site-packages/sklearn/base.py:1365: ConvergenceWarning: Number of distinct clusters (1) found smaller than n_clusters (2). Possibly due to duplicate points in X.
  return fit_method(estimator, *args, **kwargs)
/share/yangxizhong/env/anaconda/envs/deepconf/lib/python3.11/site-packages/sklearn/base.py:1365: ConvergenceWarning: Number of distinct clusters (1) found smaller than n_clusters (2). Possibly due to duplicate points in X.
  return fit_method(estimator, *args, **kwargs)
/share/yangxizhong/env/anaconda/envs/deepconf/lib/python3.11/site-packages/sklearn/base.py:1365: ConvergenceWarning: Number of distinct clusters (1) found smaller than n_clusters (2). Possibly due to duplicate points in X.
  return fit_method(estimator, *args, **kwargs)
/share/yangxizhong/env/anaconda/envs/deepconf/lib/python3.11/site-packages/sklearn/base.py:1365: ConvergenceWarning: Number of distinct clusters (1) found smaller than n_clusters (2). Possibly due to duplicate points in X.
  return fit_method(estimator, *args, **kwargs)
/share/yangxizhong/env/anaconda/envs/deepconf/lib/python3.11/site-packages/sklearn/base.py:1365: ConvergenceWarning: Number of distinct clusters (1) found smaller than n_clusters (2). Possibly due to duplicate points in X.
  return fit_method(estimator, *args, **kwargs)
/share/yangxizhong/env/anaconda/envs/deepconf/lib/python3.11/site-packages/sklearn/base.py:1365: ConvergenceWarning: Number of distinct clusters (1) found smaller than n_clusters (2). Possibly due to duplicate points in X.
  return fit_method(estimator, *args, **kwargs)
/share/yangxizhong/env/anaconda/envs/deepconf/lib/python3.11/site-packages/sklearn/base.py:1365: ConvergenceWarning: Number of distinct clusters (1) found smaller than n_clusters (2). Possibly due to duplicate points in X.
  return fit_method(estimator, *args, **kwargs)
/share/yangxizhong/env/anaconda/envs/deepconf/lib/python3.11/site-packages/sklearn/base.py:1365: ConvergenceWarning: Number of distinct clusters (1) found smaller than n_clusters (2). Possibly due to duplicate points in X.
  return fit_method(estimator, *args, **kwargs)
/share/yangxizhong/env/anaconda/envs/deepconf/lib/python3.11/site-packages/sklearn/base.py:1365: ConvergenceWarning: Number of distinct clusters (1) found smaller than n_clusters (2). Possibly due to duplicate points in X.
  return fit_method(estimator, *args, **kwargs)
/share/yangxizhong/env/anaconda/envs/deepconf/lib/python3.11/site-packages/sklearn/base.py:1365: ConvergenceWarning: Number of distinct clusters (1) found smaller than n_clusters (2). Possibly due to duplicate points in X.
  return fit_method(estimator, *args, **kwargs)
/share/yangxizhong/env/anaconda/envs/deepconf/lib/python3.11/site-packages/sklearn/base.py:1365: ConvergenceWarning: Number of distinct clusters (1) found smaller than n_clusters (2). Possibly due to duplicate points in X.
  return fit_method(estimator, *args, **kwargs)
/share/yangxizhong/env/anaconda/envs/deepconf/lib/python3.11/site-packages/sklearn/base.py:1365: ConvergenceWarning: Number of distinct clusters (1) found smaller than n_clusters (2). Possibly due to duplicate points in X.
  return fit_method(estimator, *args, **kwargs)
/share/yangxizhong/env/anaconda/envs/deepconf/lib/python3.11/site-packages/sklearn/base.py:1365: ConvergenceWarning: Number of distinct clusters (1) found smaller than n_clusters (2). Possibly due to duplicate points in X.
  return fit_method(estimator, *args, **kwargs)
/share/yangxizhong/env/anaconda/envs/deepconf/lib/python3.11/site-packages/sklearn/base.py:1365: ConvergenceWarning: Number of distinct clusters (1) found smaller than n_clusters (2). Possibly due to duplicate points in X.
  return fit_method(estimator, *args, **kwargs)
/share/yangxizhong/env/anaconda/envs/deepconf/lib/python3.11/site-packages/sklearn/base.py:1365: ConvergenceWarning: Number of distinct clusters (1) found smaller than n_clusters (2). Possibly due to duplicate points in X.
  return fit_method(estimator, *args, **kwargs)
/share/yangxizhong/env/anaconda/envs/deepconf/lib/python3.11/site-packages/sklearn/base.py:1365: ConvergenceWarning: Number of distinct clusters (1) found smaller than n_clusters (2). Possibly due to duplicate points in X.
  return fit_method(estimator, *args, **kwargs)
/share/yangxizhong/env/anaconda/envs/deepconf/lib/python3.11/site-packages/sklearn/base.py:1365: ConvergenceWarning: Number of distinct clusters (1) found smaller than n_clusters (2). Possibly due to duplicate points in X.
  return fit_method(estimator, *args, **kwargs)
/share/yangxizhong/env/anaconda/envs/deepconf/lib/python3.11/site-packages/sklearn/base.py:1365: ConvergenceWarning: Number of distinct clusters (1) found smaller than n_clusters (2). Possibly due to duplicate points in X.
  return fit_method(estimator, *args, **kwargs)
/share/yangxizhong/env/anaconda/envs/deepconf/lib/python3.11/site-packages/sklearn/base.py:1365: ConvergenceWarning: Number of distinct clusters (1) found smaller than n_clusters (2). Possibly due to duplicate points in X.
  return fit_method(estimator, *args, **kwargs)
/share/yangxizhong/env/anaconda/envs/deepconf/lib/python3.11/site-packages/sklearn/base.py:1365: ConvergenceWarning: Number of distinct clusters (1) found smaller than n_clusters (2). Possibly due to duplicate points in X.
  return fit_method(estimator, *args, **kwargs)
/share/yangxizhong/env/anaconda/envs/deepconf/lib/python3.11/site-packages/sklearn/base.py:1365: ConvergenceWarning: Number of distinct clusters (1) found smaller than n_clusters (2). Possibly due to duplicate points in X.
  return fit_method(estimator, *args, **kwargs)
/share/yangxizhong/env/anaconda/envs/deepconf/lib/python3.11/site-packages/sklearn/base.py:1365: ConvergenceWarning: Number of distinct clusters (1) found smaller than n_clusters (2). Possibly due to duplicate points in X.
  return fit_method(estimator, *args, **kwargs)
/share/yangxizhong/env/anaconda/envs/deepconf/lib/python3.11/site-packages/sklearn/base.py:1365: ConvergenceWarning: Number of distinct clusters (1) found smaller than n_clusters (2). Possibly due to duplicate points in X.
  return fit_method(estimator, *args, **kwargs)
/share/yangxizhong/env/anaconda/envs/deepconf/lib/python3.11/site-packages/sklearn/base.py:1365: ConvergenceWarning: Number of distinct clusters (1) found smaller than n_clusters (2). Possibly due to duplicate points in X.
  return fit_method(estimator, *args, **kwargs)
/share/yangxizhong/env/anaconda/envs/deepconf/lib/python3.11/site-packages/sklearn/base.py:1365: ConvergenceWarning: Number of distinct clusters (1) found smaller than n_clusters (2). Possibly due to duplicate points in X.
  return fit_method(estimator, *args, **kwargs)
/share/yangxizhong/env/anaconda/envs/deepconf/lib/python3.11/site-packages/sklearn/base.py:1365: ConvergenceWarning: Number of distinct clusters (1) found smaller than n_clusters (2). Possibly due to duplicate points in X.
  return fit_method(estimator, *args, **kwargs)
/share/yangxizhong/env/anaconda/envs/deepconf/lib/python3.11/site-packages/sklearn/base.py:1365: ConvergenceWarning: Number of distinct clusters (1) found smaller than n_clusters (2). Possibly due to duplicate points in X.
  return fit_method(estimator, *args, **kwargs)
/share/yangxizhong/env/anaconda/envs/deepconf/lib/python3.11/site-packages/sklearn/base.py:1365: ConvergenceWarning: Number of distinct clusters (1) found smaller than n_clusters (2). Possibly due to duplicate points in X.
  return fit_method(estimator, *args, **kwargs)
/share/yangxizhong/env/anaconda/envs/deepconf/lib/python3.11/site-packages/sklearn/base.py:1365: ConvergenceWarning: Number of distinct clusters (1) found smaller than n_clusters (2). Possibly due to duplicate points in X.
  return fit_method(estimator, *args, **kwargs)
/share/yangxizhong/env/anaconda/envs/deepconf/lib/python3.11/site-packages/sklearn/base.py:1365: ConvergenceWarning: Number of distinct clusters (1) found smaller than n_clusters (2). Possibly due to duplicate points in X.
  return fit_method(estimator, *args, **kwargs)
/share/yangxizhong/env/anaconda/envs/deepconf/lib/python3.11/site-packages/sklearn/base.py:1365: ConvergenceWarning: Number of distinct clusters (1) found smaller than n_clusters (2). Possibly due to duplicate points in X.
  return fit_method(estimator, *args, **kwargs)
/share/yangxizhong/env/anaconda/envs/deepconf/lib/python3.11/site-packages/sklearn/base.py:1365: ConvergenceWarning: Number of distinct clusters (1) found smaller than n_clusters (2). Possibly due to duplicate points in X.
  return fit_method(estimator, *args, **kwargs)
/share/yangxizhong/env/anaconda/envs/deepconf/lib/python3.11/site-packages/sklearn/base.py:1365: ConvergenceWarning: Number of distinct clusters (1) found smaller than n_clusters (2). Possibly due to duplicate points in X.
  return fit_method(estimator, *args, **kwargs)
/share/yangxizhong/env/anaconda/envs/deepconf/lib/python3.11/site-packages/sklearn/base.py:1365: ConvergenceWarning: Number of distinct clusters (1) found smaller than n_clusters (2). Possibly due to duplicate points in X.
  return fit_method(estimator, *args, **kwargs)
/share/yangxizhong/env/anaconda/envs/deepconf/lib/python3.11/site-packages/sklearn/base.py:1365: ConvergenceWarning: Number of distinct clusters (1) found smaller than n_clusters (2). Possibly due to duplicate points in X.
  return fit_method(estimator, *args, **kwargs)
/share/yangxizhong/env/anaconda/envs/deepconf/lib/python3.11/site-packages/sklearn/base.py:1365: ConvergenceWarning: Number of distinct clusters (1) found smaller than n_clusters (2). Possibly due to duplicate points in X.
  return fit_method(estimator, *args, **kwargs)
/share/yangxizhong/env/anaconda/envs/deepconf/lib/python3.11/site-packages/sklearn/base.py:1365: ConvergenceWarning: Number of distinct clusters (1) found smaller than n_clusters (2). Possibly due to duplicate points in X.
  return fit_method(estimator, *args, **kwargs)
/share/yangxizhong/env/anaconda/envs/deepconf/lib/python3.11/site-packages/sklearn/base.py:1365: ConvergenceWarning: Number of distinct clusters (1) found smaller than n_clusters (2). Possibly due to duplicate points in X.
  return fit_method(estimator, *args, **kwargs)
/share/yangxizhong/env/anaconda/envs/deepconf/lib/python3.11/site-packages/sklearn/base.py:1365: ConvergenceWarning: Number of distinct clusters (1) found smaller than n_clusters (2). Possibly due to duplicate points in X.
  return fit_method(estimator, *args, **kwargs)
/share/yangxizhong/env/anaconda/envs/deepconf/lib/python3.11/site-packages/sklearn/base.py:1365: ConvergenceWarning: Number of distinct clusters (1) found smaller than n_clusters (2). Possibly due to duplicate points in X.
  return fit_method(estimator, *args, **kwargs)
/share/yangxizhong/env/anaconda/envs/deepconf/lib/python3.11/site-packages/sklearn/base.py:1365: ConvergenceWarning: Number of distinct clusters (1) found smaller than n_clusters (2). Possibly due to duplicate points in X.
  return fit_method(estimator, *args, **kwargs)
/share/yangxizhong/env/anaconda/envs/deepconf/lib/python3.11/site-packages/sklearn/base.py:1365: ConvergenceWarning: Number of distinct clusters (1) found smaller than n_clusters (2). Possibly due to duplicate points in X.
  return fit_method(estimator, *args, **kwargs)
/share/yangxizhong/env/anaconda/envs/deepconf/lib/python3.11/site-packages/sklearn/base.py:1365: ConvergenceWarning: Number of distinct clusters (1) found smaller than n_clusters (2). Possibly due to duplicate points in X.
  return fit_method(estimator, *args, **kwargs)
/share/yangxizhong/env/anaconda/envs/deepconf/lib/python3.11/site-packages/sklearn/base.py:1365: ConvergenceWarning: Number of distinct clusters (1) found smaller than n_clusters (2). Possibly due to duplicate points in X.
  return fit_method(estimator, *args, **kwargs)
/share/yangxizhong/env/anaconda/envs/deepconf/lib/python3.11/site-packages/sklearn/base.py:1365: ConvergenceWarning: Number of distinct clusters (1) found smaller than n_clusters (2). Possibly due to duplicate points in X.
  return fit_method(estimator, *args, **kwargs)
/share/yangxizhong/env/anaconda/envs/deepconf/lib/python3.11/site-packages/sklearn/base.py:1365: ConvergenceWarning: Number of distinct clusters (1) found smaller than n_clusters (2). Possibly due to duplicate points in X.
  return fit_method(estimator, *args, **kwargs)
/share/yangxizhong/env/anaconda/envs/deepconf/lib/python3.11/site-packages/sklearn/base.py:1365: ConvergenceWarning: Number of distinct clusters (1) found smaller than n_clusters (2). Possibly due to duplicate points in X.
  return fit_method(estimator, *args, **kwargs)
/share/yangxizhong/env/anaconda/envs/deepconf/lib/python3.11/site-packages/sklearn/base.py:1365: ConvergenceWarning: Number of distinct clusters (1) found smaller than n_clusters (2). Possibly due to duplicate points in X.
  return fit_method(estimator, *args, **kwargs)
/share/yangxizhong/env/anaconda/envs/deepconf/lib/python3.11/site-packages/sklearn/base.py:1365: ConvergenceWarning: Number of distinct clusters (1) found smaller than n_clusters (2). Possibly due to duplicate points in X.
  return fit_method(estimator, *args, **kwargs)
/share/yangxizhong/env/anaconda/envs/deepconf/lib/python3.11/site-packages/sklearn/base.py:1365: ConvergenceWarning: Number of distinct clusters (1) found smaller than n_clusters (2). Possibly due to duplicate points in X.
  return fit_method(estimator, *args, **kwargs)
/share/yangxizhong/env/anaconda/envs/deepconf/lib/python3.11/site-packages/sklearn/base.py:1365: ConvergenceWarning: Number of distinct clusters (1) found smaller than n_clusters (2). Possibly due to duplicate points in X.
  return fit_method(estimator, *args, **kwargs)
/share/yangxizhong/env/anaconda/envs/deepconf/lib/python3.11/site-packages/sklearn/base.py:1365: ConvergenceWarning: Number of distinct clusters (1) found smaller than n_clusters (2). Possibly due to duplicate points in X.
  return fit_method(estimator, *args, **kwargs)
/share/yangxizhong/env/anaconda/envs/deepconf/lib/python3.11/site-packages/sklearn/base.py:1365: ConvergenceWarning: Number of distinct clusters (1) found smaller than n_clusters (2). Possibly due to duplicate points in X.
  return fit_method(estimator, *args, **kwargs)
/share/yangxizhong/env/anaconda/envs/deepconf/lib/python3.11/site-packages/sklearn/base.py:1365: ConvergenceWarning: Number of distinct clusters (1) found smaller than n_clusters (2). Possibly due to duplicate points in X.
  return fit_method(estimator, *args, **kwargs)
/share/yangxizhong/env/anaconda/envs/deepconf/lib/python3.11/site-packages/sklearn/base.py:1365: ConvergenceWarning: Number of distinct clusters (1) found smaller than n_clusters (2). Possibly due to duplicate points in X.
  return fit_method(estimator, *args, **kwargs)
/share/yangxizhong/env/anaconda/envs/deepconf/lib/python3.11/site-packages/sklearn/base.py:1365: ConvergenceWarning: Number of distinct clusters (1) found smaller than n_clusters (2). Possibly due to duplicate points in X.
  return fit_method(estimator, *args, **kwargs)
/share/yangxizhong/env/anaconda/envs/deepconf/lib/python3.11/site-packages/sklearn/base.py:1365: ConvergenceWarning: Number of distinct clusters (1) found smaller than n_clusters (2). Possibly due to duplicate points in X.
  return fit_method(estimator, *args, **kwargs)
/share/yangxizhong/env/anaconda/envs/deepconf/lib/python3.11/site-packages/sklearn/base.py:1365: ConvergenceWarning: Number of distinct clusters (1) found smaller than n_clusters (2). Possibly due to duplicate points in X.
  return fit_method(estimator, *args, **kwargs)
/share/yangxizhong/env/anaconda/envs/deepconf/lib/python3.11/site-packages/sklearn/base.py:1365: ConvergenceWarning: Number of distinct clusters (1) found smaller than n_clusters (2). Possibly due to duplicate points in X.
  return fit_method(estimator, *args, **kwargs)
/share/yangxizhong/env/anaconda/envs/deepconf/lib/python3.11/site-packages/sklearn/base.py:1365: ConvergenceWarning: Number of distinct clusters (1) found smaller than n_clusters (2). Possibly due to duplicate points in X.
  return fit_method(estimator, *args, **kwargs)
/share/yangxizhong/env/anaconda/envs/deepconf/lib/python3.11/site-packages/sklearn/base.py:1365: ConvergenceWarning: Number of distinct clusters (1) found smaller than n_clusters (2). Possibly due to duplicate points in X.
  return fit_method(estimator, *args, **kwargs)
/share/yangxizhong/env/anaconda/envs/deepconf/lib/python3.11/site-packages/sklearn/base.py:1365: ConvergenceWarning: Number of distinct clusters (1) found smaller than n_clusters (2). Possibly due to duplicate points in X.
  return fit_method(estimator, *args, **kwargs)
/share/yangxizhong/env/anaconda/envs/deepconf/lib/python3.11/site-packages/sklearn/base.py:1365: ConvergenceWarning: Number of distinct clusters (1) found smaller than n_clusters (2). Possibly due to duplicate points in X.
  return fit_method(estimator, *args, **kwargs)
/share/yangxizhong/env/anaconda/envs/deepconf/lib/python3.11/site-packages/sklearn/base.py:1365: ConvergenceWarning: Number of distinct clusters (1) found smaller than n_clusters (2). Possibly due to duplicate points in X.
  return fit_method(estimator, *args, **kwargs)
/share/yangxizhong/env/anaconda/envs/deepconf/lib/python3.11/site-packages/sklearn/base.py:1365: ConvergenceWarning: Number of distinct clusters (1) found smaller than n_clusters (2). Possibly due to duplicate points in X.
  return fit_method(estimator, *args, **kwargs)
/share/yangxizhong/env/anaconda/envs/deepconf/lib/python3.11/site-packages/sklearn/base.py:1365: ConvergenceWarning: Number of distinct clusters (1) found smaller than n_clusters (2). Possibly due to duplicate points in X.
  return fit_method(estimator, *args, **kwargs)
/share/yangxizhong/env/anaconda/envs/deepconf/lib/python3.11/site-packages/sklearn/base.py:1365: ConvergenceWarning: Number of distinct clusters (1) found smaller than n_clusters (2). Possibly due to duplicate points in X.
  return fit_method(estimator, *args, **kwargs)
/share/yangxizhong/env/anaconda/envs/deepconf/lib/python3.11/site-packages/sklearn/base.py:1365: ConvergenceWarning: Number of distinct clusters (1) found smaller than n_clusters (2). Possibly due to duplicate points in X.
  return fit_method(estimator, *args, **kwargs)
/share/yangxizhong/env/anaconda/envs/deepconf/lib/python3.11/site-packages/sklearn/base.py:1365: ConvergenceWarning: Number of distinct clusters (1) found smaller than n_clusters (2). Possibly due to duplicate points in X.
  return fit_method(estimator, *args, **kwargs)
/share/yangxizhong/env/anaconda/envs/deepconf/lib/python3.11/site-packages/sklearn/base.py:1365: ConvergenceWarning: Number of distinct clusters (1) found smaller than n_clusters (2). Possibly due to duplicate points in X.
  return fit_method(estimator, *args, **kwargs)
/share/yangxizhong/env/anaconda/envs/deepconf/lib/python3.11/site-packages/sklearn/base.py:1365: ConvergenceWarning: Number of distinct clusters (1) found smaller than n_clusters (2). Possibly due to duplicate points in X.
  return fit_method(estimator, *args, **kwargs)
/share/yangxizhong/env/anaconda/envs/deepconf/lib/python3.11/site-packages/sklearn/base.py:1365: ConvergenceWarning: Number of distinct clusters (1) found smaller than n_clusters (2). Possibly due to duplicate points in X.
  return fit_method(estimator, *args, **kwargs)
/share/yangxizhong/env/anaconda/envs/deepconf/lib/python3.11/site-packages/sklearn/base.py:1365: ConvergenceWarning: Number of distinct clusters (1) found smaller than n_clusters (2). Possibly due to duplicate points in X.
  return fit_method(estimator, *args, **kwargs)
/share/yangxizhong/env/anaconda/envs/deepconf/lib/python3.11/site-packages/sklearn/base.py:1365: ConvergenceWarning: Number of distinct clusters (1) found smaller than n_clusters (2). Possibly due to duplicate points in X.
  return fit_method(estimator, *args, **kwargs)
/share/yangxizhong/env/anaconda/envs/deepconf/lib/python3.11/site-packages/sklearn/base.py:1365: ConvergenceWarning: Number of distinct clusters (1) found smaller than n_clusters (2). Possibly due to duplicate points in X.
  return fit_method(estimator, *args, **kwargs)
/share/yangxizhong/env/anaconda/envs/deepconf/lib/python3.11/site-packages/sklearn/base.py:1365: ConvergenceWarning: Number of distinct clusters (1) found smaller than n_clusters (2). Possibly due to duplicate points in X.
  return fit_method(estimator, *args, **kwargs)
/share/yangxizhong/env/anaconda/envs/deepconf/lib/python3.11/site-packages/sklearn/base.py:1365: ConvergenceWarning: Number of distinct clusters (1) found smaller than n_clusters (2). Possibly due to duplicate points in X.
  return fit_method(estimator, *args, **kwargs)
/share/yangxizhong/env/anaconda/envs/deepconf/lib/python3.11/site-packages/sklearn/base.py:1365: ConvergenceWarning: Number of distinct clusters (1) found smaller than n_clusters (2). Possibly due to duplicate points in X.
  return fit_method(estimator, *args, **kwargs)
/share/yangxizhong/env/anaconda/envs/deepconf/lib/python3.11/site-packages/sklearn/base.py:1365: ConvergenceWarning: Number of distinct clusters (1) found smaller than n_clusters (2). Possibly due to duplicate points in X.
  return fit_method(estimator, *args, **kwargs)
/share/yangxizhong/env/anaconda/envs/deepconf/lib/python3.11/site-packages/sklearn/base.py:1365: ConvergenceWarning: Number of distinct clusters (1) found smaller than n_clusters (2). Possibly due to duplicate points in X.
  return fit_method(estimator, *args, **kwargs)
/share/yangxizhong/env/anaconda/envs/deepconf/lib/python3.11/site-packages/sklearn/base.py:1365: ConvergenceWarning: Number of distinct clusters (1) found smaller than n_clusters (2). Possibly due to duplicate points in X.
  return fit_method(estimator, *args, **kwargs)
/share/yangxizhong/env/anaconda/envs/deepconf/lib/python3.11/site-packages/sklearn/base.py:1365: ConvergenceWarning: Number of distinct clusters (1) found smaller than n_clusters (2). Possibly due to duplicate points in X.
  return fit_method(estimator, *args, **kwargs)
/share/yangxizhong/env/anaconda/envs/deepconf/lib/python3.11/site-packages/sklearn/base.py:1365: ConvergenceWarning: Number of distinct clusters (1) found smaller than n_clusters (2). Possibly due to duplicate points in X.
  return fit_method(estimator, *args, **kwargs)
/share/yangxizhong/env/anaconda/envs/deepconf/lib/python3.11/site-packages/sklearn/base.py:1365: ConvergenceWarning: Number of distinct clusters (1) found smaller than n_clusters (2). Possibly due to duplicate points in X.
  return fit_method(estimator, *args, **kwargs)
/share/yangxizhong/env/anaconda/envs/deepconf/lib/python3.11/site-packages/sklearn/base.py:1365: ConvergenceWarning: Number of distinct clusters (1) found smaller than n_clusters (2). Possibly due to duplicate points in X.
  return fit_method(estimator, *args, **kwargs)
/share/yangxizhong/env/anaconda/envs/deepconf/lib/python3.11/site-packages/sklearn/base.py:1365: ConvergenceWarning: Number of distinct clusters (1) found smaller than n_clusters (2). Possibly due to duplicate points in X.
  return fit_method(estimator, *args, **kwargs)
/share/yangxizhong/env/anaconda/envs/deepconf/lib/python3.11/site-packages/sklearn/base.py:1365: ConvergenceWarning: Number of distinct clusters (1) found smaller than n_clusters (2). Possibly due to duplicate points in X.
  return fit_method(estimator, *args, **kwargs)
/share/yangxizhong/env/anaconda/envs/deepconf/lib/python3.11/site-packages/sklearn/base.py:1365: ConvergenceWarning: Number of distinct clusters (1) found smaller than n_clusters (2). Possibly due to duplicate points in X.
  return fit_method(estimator, *args, **kwargs)
/share/yangxizhong/env/anaconda/envs/deepconf/lib/python3.11/site-packages/sklearn/base.py:1365: ConvergenceWarning: Number of distinct clusters (1) found smaller than n_clusters (2). Possibly due to duplicate points in X.
  return fit_method(estimator, *args, **kwargs)
/share/yangxizhong/env/anaconda/envs/deepconf/lib/python3.11/site-packages/sklearn/base.py:1365: ConvergenceWarning: Number of distinct clusters (1) found smaller than n_clusters (2). Possibly due to duplicate points in X.
  return fit_method(estimator, *args, **kwargs)
/share/yangxizhong/env/anaconda/envs/deepconf/lib/python3.11/site-packages/sklearn/base.py:1365: ConvergenceWarning: Number of distinct clusters (1) found smaller than n_clusters (2). Possibly due to duplicate points in X.
  return fit_method(estimator, *args, **kwargs)
/share/yangxizhong/env/anaconda/envs/deepconf/lib/python3.11/site-packages/sklearn/base.py:1365: ConvergenceWarning: Number of distinct clusters (1) found smaller than n_clusters (2). Possibly due to duplicate points in X.
  return fit_method(estimator, *args, **kwargs)
/share/yangxizhong/env/anaconda/envs/deepconf/lib/python3.11/site-packages/sklearn/base.py:1365: ConvergenceWarning: Number of distinct clusters (1) found smaller than n_clusters (2). Possibly due to duplicate points in X.
  return fit_method(estimator, *args, **kwargs)
/share/yangxizhong/env/anaconda/envs/deepconf/lib/python3.11/site-packages/sklearn/base.py:1365: ConvergenceWarning: Number of distinct clusters (1) found smaller than n_clusters (2). Possibly due to duplicate points in X.
  return fit_method(estimator, *args, **kwargs)
/share/yangxizhong/env/anaconda/envs/deepconf/lib/python3.11/site-packages/sklearn/base.py:1365: ConvergenceWarning: Number of distinct clusters (1) found smaller than n_clusters (2). Possibly due to duplicate points in X.
  return fit_method(estimator, *args, **kwargs)
/share/yangxizhong/env/anaconda/envs/deepconf/lib/python3.11/site-packages/sklearn/base.py:1365: ConvergenceWarning: Number of distinct clusters (1) found smaller than n_clusters (2). Possibly due to duplicate points in X.
  return fit_method(estimator, *args, **kwargs)
/share/yangxizhong/env/anaconda/envs/deepconf/lib/python3.11/site-packages/sklearn/base.py:1365: ConvergenceWarning: Number of distinct clusters (1) found smaller than n_clusters (2). Possibly due to duplicate points in X.
  return fit_method(estimator, *args, **kwargs)
/share/yangxizhong/env/anaconda/envs/deepconf/lib/python3.11/site-packages/sklearn/base.py:1365: ConvergenceWarning: Number of distinct clusters (1) found smaller than n_clusters (2). Possibly due to duplicate points in X.
  return fit_method(estimator, *args, **kwargs)
/share/yangxizhong/env/anaconda/envs/deepconf/lib/python3.11/site-packages/sklearn/base.py:1365: ConvergenceWarning: Number of distinct clusters (1) found smaller than n_clusters (2). Possibly due to duplicate points in X.
  return fit_method(estimator, *args, **kwargs)
/share/yangxizhong/env/anaconda/envs/deepconf/lib/python3.11/site-packages/sklearn/base.py:1365: ConvergenceWarning: Number of distinct clusters (1) found smaller than n_clusters (2). Possibly due to duplicate points in X.
  return fit_method(estimator, *args, **kwargs)
/share/yangxizhong/env/anaconda/envs/deepconf/lib/python3.11/site-packages/sklearn/base.py:1365: ConvergenceWarning: Number of distinct clusters (1) found smaller than n_clusters (2). Possibly due to duplicate points in X.
  return fit_method(estimator, *args, **kwargs)
/share/yangxizhong/env/anaconda/envs/deepconf/lib/python3.11/site-packages/sklearn/base.py:1365: ConvergenceWarning: Number of distinct clusters (1) found smaller than n_clusters (2). Possibly due to duplicate points in X.
  return fit_method(estimator, *args, **kwargs)
/share/yangxizhong/env/anaconda/envs/deepconf/lib/python3.11/site-packages/sklearn/base.py:1365: ConvergenceWarning: Number of distinct clusters (1) found smaller than n_clusters (2). Possibly due to duplicate points in X.
  return fit_method(estimator, *args, **kwargs)
/share/yangxizhong/env/anaconda/envs/deepconf/lib/python3.11/site-packages/sklearn/base.py:1365: ConvergenceWarning: Number of distinct clusters (1) found smaller than n_clusters (2). Possibly due to duplicate points in X.
  return fit_method(estimator, *args, **kwargs)
/share/yangxizhong/env/anaconda/envs/deepconf/lib/python3.11/site-packages/sklearn/base.py:1365: ConvergenceWarning: Number of distinct clusters (1) found smaller than n_clusters (2). Possibly due to duplicate points in X.
  return fit_method(estimator, *args, **kwargs)
/share/yangxizhong/env/anaconda/envs/deepconf/lib/python3.11/site-packages/sklearn/base.py:1365: ConvergenceWarning: Number of distinct clusters (1) found smaller than n_clusters (2). Possibly due to duplicate points in X.
  return fit_method(estimator, *args, **kwargs)
/share/yangxizhong/env/anaconda/envs/deepconf/lib/python3.11/site-packages/sklearn/base.py:1365: ConvergenceWarning: Number of distinct clusters (1) found smaller than n_clusters (2). Possibly due to duplicate points in X.
  return fit_method(estimator, *args, **kwargs)
/share/yangxizhong/env/anaconda/envs/deepconf/lib/python3.11/site-packages/sklearn/base.py:1365: ConvergenceWarning: Number of distinct clusters (1) found smaller than n_clusters (2). Possibly due to duplicate points in X.
  return fit_method(estimator, *args, **kwargs)
/share/yangxizhong/env/anaconda/envs/deepconf/lib/python3.11/site-packages/sklearn/base.py:1365: ConvergenceWarning: Number of distinct clusters (1) found smaller than n_clusters (2). Possibly due to duplicate points in X.
  return fit_method(estimator, *args, **kwargs)
/share/yangxizhong/env/anaconda/envs/deepconf/lib/python3.11/site-packages/sklearn/base.py:1365: ConvergenceWarning: Number of distinct clusters (1) found smaller than n_clusters (2). Possibly due to duplicate points in X.
  return fit_method(estimator, *args, **kwargs)
/share/yangxizhong/env/anaconda/envs/deepconf/lib/python3.11/site-packages/sklearn/base.py:1365: ConvergenceWarning: Number of distinct clusters (1) found smaller than n_clusters (2). Possibly due to duplicate points in X.
  return fit_method(estimator, *args, **kwargs)
/share/yangxizhong/env/anaconda/envs/deepconf/lib/python3.11/site-packages/sklearn/base.py:1365: ConvergenceWarning: Number of distinct clusters (1) found smaller than n_clusters (2). Possibly due to duplicate points in X.
  return fit_method(estimator, *args, **kwargs)
/share/yangxizhong/env/anaconda/envs/deepconf/lib/python3.11/site-packages/sklearn/base.py:1365: ConvergenceWarning: Number of distinct clusters (1) found smaller than n_clusters (2). Possibly due to duplicate points in X.
  return fit_method(estimator, *args, **kwargs)
/share/yangxizhong/env/anaconda/envs/deepconf/lib/python3.11/site-packages/sklearn/base.py:1365: ConvergenceWarning: Number of distinct clusters (1) found smaller than n_clusters (2). Possibly due to duplicate points in X.
  return fit_method(estimator, *args, **kwargs)
/share/yangxizhong/env/anaconda/envs/deepconf/lib/python3.11/site-packages/sklearn/base.py:1365: ConvergenceWarning: Number of distinct clusters (1) found smaller than n_clusters (2). Possibly due to duplicate points in X.
  return fit_method(estimator, *args, **kwargs)
/share/yangxizhong/env/anaconda/envs/deepconf/lib/python3.11/site-packages/sklearn/base.py:1365: ConvergenceWarning: Number of distinct clusters (1) found smaller than n_clusters (2). Possibly due to duplicate points in X.
  return fit_method(estimator, *args, **kwargs)
/share/yangxizhong/env/anaconda/envs/deepconf/lib/python3.11/site-packages/sklearn/base.py:1365: ConvergenceWarning: Number of distinct clusters (1) found smaller than n_clusters (2). Possibly due to duplicate points in X.
  return fit_method(estimator, *args, **kwargs)
/share/yangxizhong/env/anaconda/envs/deepconf/lib/python3.11/site-packages/sklearn/base.py:1365: ConvergenceWarning: Number of distinct clusters (1) found smaller than n_clusters (2). Possibly due to duplicate points in X.
  return fit_method(estimator, *args, **kwargs)
/share/yangxizhong/env/anaconda/envs/deepconf/lib/python3.11/site-packages/sklearn/base.py:1365: ConvergenceWarning: Number of distinct clusters (1) found smaller than n_clusters (2). Possibly due to duplicate points in X.
  return fit_method(estimator, *args, **kwargs)
/share/yangxizhong/env/anaconda/envs/deepconf/lib/python3.11/site-packages/sklearn/base.py:1365: ConvergenceWarning: Number of distinct clusters (1) found smaller than n_clusters (2). Possibly due to duplicate points in X.
  return fit_method(estimator, *args, **kwargs)
/share/yangxizhong/env/anaconda/envs/deepconf/lib/python3.11/site-packages/sklearn/base.py:1365: ConvergenceWarning: Number of distinct clusters (1) found smaller than n_clusters (2). Possibly due to duplicate points in X.
  return fit_method(estimator, *args, **kwargs)
/share/yangxizhong/env/anaconda/envs/deepconf/lib/python3.11/site-packages/sklearn/base.py:1365: ConvergenceWarning: Number of distinct clusters (1) found smaller than n_clusters (2). Possibly due to duplicate points in X.
  return fit_method(estimator, *args, **kwargs)
/share/yangxizhong/env/anaconda/envs/deepconf/lib/python3.11/site-packages/sklearn/base.py:1365: ConvergenceWarning: Number of distinct clusters (1) found smaller than n_clusters (2). Possibly due to duplicate points in X.
  return fit_method(estimator, *args, **kwargs)
/share/yangxizhong/env/anaconda/envs/deepconf/lib/python3.11/site-packages/sklearn/base.py:1365: ConvergenceWarning: Number of distinct clusters (1) found smaller than n_clusters (2). Possibly due to duplicate points in X.
  return fit_method(estimator, *args, **kwargs)
/share/yangxizhong/env/anaconda/envs/deepconf/lib/python3.11/site-packages/sklearn/base.py:1365: ConvergenceWarning: Number of distinct clusters (1) found smaller than n_clusters (2). Possibly due to duplicate points in X.
  return fit_method(estimator, *args, **kwargs)
/share/yangxizhong/env/anaconda/envs/deepconf/lib/python3.11/site-packages/sklearn/base.py:1365: ConvergenceWarning: Number of distinct clusters (1) found smaller than n_clusters (2). Possibly due to duplicate points in X.
  return fit_method(estimator, *args, **kwargs)
/share/yangxizhong/env/anaconda/envs/deepconf/lib/python3.11/site-packages/sklearn/base.py:1365: ConvergenceWarning: Number of distinct clusters (1) found smaller than n_clusters (2). Possibly due to duplicate points in X.
  return fit_method(estimator, *args, **kwargs)
/share/yangxizhong/env/anaconda/envs/deepconf/lib/python3.11/site-packages/sklearn/base.py:1365: ConvergenceWarning: Number of distinct clusters (1) found smaller than n_clusters (2). Possibly due to duplicate points in X.
  return fit_method(estimator, *args, **kwargs)
/share/yangxizhong/env/anaconda/envs/deepconf/lib/python3.11/site-packages/sklearn/base.py:1365: ConvergenceWarning: Number of distinct clusters (1) found smaller than n_clusters (2). Possibly due to duplicate points in X.
  return fit_method(estimator, *args, **kwargs)
/share/yangxizhong/env/anaconda/envs/deepconf/lib/python3.11/site-packages/sklearn/base.py:1365: ConvergenceWarning: Number of distinct clusters (1) found smaller than n_clusters (2). Possibly due to duplicate points in X.
  return fit_method(estimator, *args, **kwargs)
/share/yangxizhong/env/anaconda/envs/deepconf/lib/python3.11/site-packages/sklearn/base.py:1365: ConvergenceWarning: Number of distinct clusters (1) found smaller than n_clusters (2). Possibly due to duplicate points in X.
  return fit_method(estimator, *args, **kwargs)
/share/yangxizhong/env/anaconda/envs/deepconf/lib/python3.11/site-packages/sklearn/base.py:1365: ConvergenceWarning: Number of distinct clusters (1) found smaller than n_clusters (2). Possibly due to duplicate points in X.
  return fit_method(estimator, *args, **kwargs)
/share/yangxizhong/env/anaconda/envs/deepconf/lib/python3.11/site-packages/sklearn/base.py:1365: ConvergenceWarning: Number of distinct clusters (1) found smaller than n_clusters (2). Possibly due to duplicate points in X.
  return fit_method(estimator, *args, **kwargs)
/share/yangxizhong/env/anaconda/envs/deepconf/lib/python3.11/site-packages/sklearn/base.py:1365: ConvergenceWarning: Number of distinct clusters (1) found smaller than n_clusters (2). Possibly due to duplicate points in X.
  return fit_method(estimator, *args, **kwargs)
/share/yangxizhong/env/anaconda/envs/deepconf/lib/python3.11/site-packages/sklearn/base.py:1365: ConvergenceWarning: Number of distinct clusters (1) found smaller than n_clusters (2). Possibly due to duplicate points in X.
  return fit_method(estimator, *args, **kwargs)
/share/yangxizhong/env/anaconda/envs/deepconf/lib/python3.11/site-packages/sklearn/base.py:1365: ConvergenceWarning: Number of distinct clusters (1) found smaller than n_clusters (2). Possibly due to duplicate points in X.
  return fit_method(estimator, *args, **kwargs)
/share/yangxizhong/env/anaconda/envs/deepconf/lib/python3.11/site-packages/sklearn/base.py:1365: ConvergenceWarning: Number of distinct clusters (1) found smaller than n_clusters (2). Possibly due to duplicate points in X.
  return fit_method(estimator, *args, **kwargs)
/share/yangxizhong/env/anaconda/envs/deepconf/lib/python3.11/site-packages/sklearn/base.py:1365: ConvergenceWarning: Number of distinct clusters (1) found smaller than n_clusters (2). Possibly due to duplicate points in X.
  return fit_method(estimator, *args, **kwargs)
/share/yangxizhong/env/anaconda/envs/deepconf/lib/python3.11/site-packages/sklearn/base.py:1365: ConvergenceWarning: Number of distinct clusters (1) found smaller than n_clusters (2). Possibly due to duplicate points in X.
  return fit_method(estimator, *args, **kwargs)
/share/yangxizhong/env/anaconda/envs/deepconf/lib/python3.11/site-packages/sklearn/base.py:1365: ConvergenceWarning: Number of distinct clusters (1) found smaller than n_clusters (2). Possibly due to duplicate points in X.
  return fit_method(estimator, *args, **kwargs)
/share/yangxizhong/env/anaconda/envs/deepconf/lib/python3.11/site-packages/sklearn/base.py:1365: ConvergenceWarning: Number of distinct clusters (1) found smaller than n_clusters (2). Possibly due to duplicate points in X.
  return fit_method(estimator, *args, **kwargs)
/share/yangxizhong/env/anaconda/envs/deepconf/lib/python3.11/site-packages/sklearn/base.py:1365: ConvergenceWarning: Number of distinct clusters (1) found smaller than n_clusters (2). Possibly due to duplicate points in X.
  return fit_method(estimator, *args, **kwargs)
/share/yangxizhong/env/anaconda/envs/deepconf/lib/python3.11/site-packages/sklearn/base.py:1365: ConvergenceWarning: Number of distinct clusters (1) found smaller than n_clusters (2). Possibly due to duplicate points in X.
  return fit_method(estimator, *args, **kwargs)
/share/yangxizhong/env/anaconda/envs/deepconf/lib/python3.11/site-packages/sklearn/base.py:1365: ConvergenceWarning: Number of distinct clusters (1) found smaller than n_clusters (2). Possibly due to duplicate points in X.
  return fit_method(estimator, *args, **kwargs)
/share/yangxizhong/env/anaconda/envs/deepconf/lib/python3.11/site-packages/sklearn/base.py:1365: ConvergenceWarning: Number of distinct clusters (1) found smaller than n_clusters (2). Possibly due to duplicate points in X.
  return fit_method(estimator, *args, **kwargs)
/share/yangxizhong/env/anaconda/envs/deepconf/lib/python3.11/site-packages/sklearn/base.py:1365: ConvergenceWarning: Number of distinct clusters (1) found smaller than n_clusters (2). Possibly due to duplicate points in X.
  return fit_method(estimator, *args, **kwargs)
/share/yangxizhong/env/anaconda/envs/deepconf/lib/python3.11/site-packages/sklearn/base.py:1365: ConvergenceWarning: Number of distinct clusters (1) found smaller than n_clusters (2). Possibly due to duplicate points in X.
  return fit_method(estimator, *args, **kwargs)
/share/yangxizhong/env/anaconda/envs/deepconf/lib/python3.11/site-packages/sklearn/base.py:1365: ConvergenceWarning: Number of distinct clusters (1) found smaller than n_clusters (2). Possibly due to duplicate points in X.
  return fit_method(estimator, *args, **kwargs)
/share/yangxizhong/env/anaconda/envs/deepconf/lib/python3.11/site-packages/sklearn/base.py:1365: ConvergenceWarning: Number of distinct clusters (1) found smaller than n_clusters (2). Possibly due to duplicate points in X.
  return fit_method(estimator, *args, **kwargs)
/share/yangxizhong/env/anaconda/envs/deepconf/lib/python3.11/site-packages/sklearn/base.py:1365: ConvergenceWarning: Number of distinct clusters (1) found smaller than n_clusters (2). Possibly due to duplicate points in X.
  return fit_method(estimator, *args, **kwargs)
/share/yangxizhong/env/anaconda/envs/deepconf/lib/python3.11/site-packages/sklearn/base.py:1365: ConvergenceWarning: Number of distinct clusters (1) found smaller than n_clusters (2). Possibly due to duplicate points in X.
  return fit_method(estimator, *args, **kwargs)
/share/yangxizhong/env/anaconda/envs/deepconf/lib/python3.11/site-packages/sklearn/base.py:1365: ConvergenceWarning: Number of distinct clusters (1) found smaller than n_clusters (2). Possibly due to duplicate points in X.
  return fit_method(estimator, *args, **kwargs)
/share/yangxizhong/env/anaconda/envs/deepconf/lib/python3.11/site-packages/sklearn/base.py:1365: ConvergenceWarning: Number of distinct clusters (1) found smaller than n_clusters (2). Possibly due to duplicate points in X.
  return fit_method(estimator, *args, **kwargs)
/share/yangxizhong/env/anaconda/envs/deepconf/lib/python3.11/site-packages/sklearn/base.py:1365: ConvergenceWarning: Number of distinct clusters (1) found smaller than n_clusters (2). Possibly due to duplicate points in X.
  return fit_method(estimator, *args, **kwargs)
/share/yangxizhong/env/anaconda/envs/deepconf/lib/python3.11/site-packages/sklearn/base.py:1365: ConvergenceWarning: Number of distinct clusters (1) found smaller than n_clusters (2). Possibly due to duplicate points in X.
  return fit_method(estimator, *args, **kwargs)
/share/yangxizhong/env/anaconda/envs/deepconf/lib/python3.11/site-packages/sklearn/base.py:1365: ConvergenceWarning: Number of distinct clusters (1) found smaller than n_clusters (2). Possibly due to duplicate points in X.
  return fit_method(estimator, *args, **kwargs)
 85%|████████▍ | 11/13 [21:17<06:05, 182.95s/it] 92%|█████████▏| 12/13 [21:50<02:17, 137.28s/it]100%|██████████| 13/13 [22:27<00:00, 107.19s/it]100%|██████████| 13/13 [22:27<00:00, 103.69s/it]
Processing SC with params (0, 0, 'SC', None, None)
Processing 29 files with threading...
hmmt2025_ssc voting acc: 0.20581896551724138
Processing 198 files with threading...
gpqad_ssc voting acc: 0.5597380050505051
Processing 30 files with threading...
aime2024_ssc voting acc: 0.49635416666666665
Processing 29 files with threading...
aime2025_ssc voting acc: 0.32004310344827586
Processing 29 files with threading...
brumo2025_ssc voting acc: 0.509698275862069
结果已动态更新到: /share/yangxizhong/workspace/step_level_deepconf/output/result/voting/Qwen3-14B-NonThinking-core-All-Avg64ofB128-AllAblation-ssc-repeat2.xlsx
Processing BoN with params (0, 0, 'BoN', None, None)
Processing 29 files with threading...
hmmt2025_ssc voting acc: 0.1740301724137931
Processing 198 files with threading...
gpqad_ssc voting acc: 0.5402462121212122
Processing 30 files with threading...
aime2024_ssc voting acc: 0.40989583333333335
Processing 29 files with threading...
aime2025_ssc voting acc: 0.36637931034482757
Processing 29 files with threading...
brumo2025_ssc voting acc: 0.3615301724137931
结果已动态更新到: /share/yangxizhong/workspace/step_level_deepconf/output/result/voting/Qwen3-14B-NonThinking-core-All-Avg64ofB128-AllAblation-ssc-repeat2.xlsx
Processing MoB-Adaptive with params (1, 0, 'MoB-Adaptive', None, None)
Processing 29 files with threading...
hmmt2025_ssc voting acc: 0.2365301724137931
Processing 198 files with threading...
gpqad_ssc voting acc: 0.5725220959595959
Processing 30 files with threading...
aime2024_ssc voting acc: 0.4979166666666667
Processing 29 files with threading...
aime2025_ssc voting acc: 0.4482758620689655
Processing 29 files with threading...
brumo2025_ssc voting acc: 0.5334051724137931
结果已动态更新到: /share/yangxizhong/workspace/step_level_deepconf/output/result/voting/Qwen3-14B-NonThinking-core-All-Avg64ofB128-AllAblation-ssc-repeat2.xlsx
Processing 0000-Top50-No-WSC with params (0, 0, 'Top50-No-WSC', 'top10', None)
Processing 29 files with threading...
hmmt2025_ssc voting acc: 0.2640086206896552
Processing 198 files with threading...
gpqad_ssc voting acc: 0.5665246212121212
Processing 30 files with threading...
aime2024_ssc voting acc: 0.5119791666666667
Processing 29 files with threading...
aime2025_ssc voting acc: 0.36799568965517243
Processing 29 files with threading...
brumo2025_ssc voting acc: 0.4973060344827586
结果已动态更新到: /share/yangxizhong/workspace/step_level_deepconf/output/result/voting/Qwen3-14B-NonThinking-core-All-Avg64ofB128-AllAblation-ssc-repeat2.xlsx
Processing 0100-GMM-No-WSC with params (0, 0, 'GMM-No-WSC', 'gmm', None)
Processing 29 files with threading...
hmmt2025_ssc voting acc: 0.25862068965517243
Processing 198 files with threading...
gpqad_ssc voting acc: 0.563604797979798
Processing 30 files with threading...
aime2024_ssc voting acc: 0.49895833333333334
Processing 29 files with threading...
aime2025_ssc voting acc: 0.3744612068965517
Processing 29 files with threading...
brumo2025_ssc voting acc: 0.515625
结果已动态更新到: /share/yangxizhong/workspace/step_level_deepconf/output/result/voting/Qwen3-14B-NonThinking-core-All-Avg64ofB128-AllAblation-ssc-repeat2.xlsx
Processing 0010-Top50-Reject-WSC with params (0, 0, 'Top50-Reject-WSC', 'top10', None)
Processing 29 files with threading...
hmmt2025_ssc voting acc: 0.2645474137931034
Processing 198 files with threading...
gpqad_ssc voting acc: 0.5662089646464646
Processing 30 files with threading...
aime2024_ssc voting acc: 0.5119791666666667
Processing 29 files with threading...
aime2025_ssc voting acc: 0.36799568965517243
Processing 29 files with threading...
brumo2025_ssc voting acc: 0.4983836206896552
结果已动态更新到: /share/yangxizhong/workspace/step_level_deepconf/output/result/voting/Qwen3-14B-NonThinking-core-All-Avg64ofB128-AllAblation-ssc-repeat2.xlsx
Processing 0001-Top50-No-HierV with params (0, 0, 'Top50-No-HierV', 'top10', None)
Processing 29 files with threading...
hmmt2025_ssc voting acc: 0.26185344827586204
Processing 198 files with threading...
gpqad_ssc voting acc: 0.5703125
Processing 30 files with threading...
aime2024_ssc voting acc: 0.5177083333333333
Processing 29 files with threading...
aime2025_ssc voting acc: 0.39870689655172414
Processing 29 files with threading...
brumo2025_ssc voting acc: 0.5344827586206896
结果已动态更新到: /share/yangxizhong/workspace/step_level_deepconf/output/result/voting/Qwen3-14B-NonThinking-core-All-Avg64ofB128-AllAblation-ssc-repeat2.xlsx
Processing 0110-GMM-Reject-WSC with params (0, 0, 'GMM-Reject-WSC', 'gmm', None)
Processing 29 files with threading...
hmmt2025_ssc voting acc: 0.26023706896551724
Processing 198 files with threading...
gpqad_ssc voting acc: 0.5636837121212122
Processing 30 files with threading...
aime2024_ssc voting acc: 0.5026041666666666
Processing 29 files with threading...
aime2025_ssc voting acc: 0.3744612068965517
Processing 29 files with threading...
brumo2025_ssc voting acc: 0.5172413793103449
结果已动态更新到: /share/yangxizhong/workspace/step_level_deepconf/output/result/voting/Qwen3-14B-NonThinking-core-All-Avg64ofB128-AllAblation-ssc-repeat2.xlsx
Processing 0101-GMM-No-HierV with params (0, 0, 'GMM-No-HierV', 'gmm', None)
Processing 29 files with threading...
hmmt2025_ssc voting acc: 0.2510775862068966
Processing 198 files with threading...
gpqad_ssc voting acc: 0.5629734848484849
Processing 30 files with threading...
aime2024_ssc voting acc: 0.5046875
Processing 29 files with threading...
aime2025_ssc voting acc: 0.3949353448275862
Processing 29 files with threading...
brumo2025_ssc voting acc: 0.5134698275862069
结果已动态更新到: /share/yangxizhong/workspace/step_level_deepconf/output/result/voting/Qwen3-14B-NonThinking-core-All-Avg64ofB128-AllAblation-ssc-repeat2.xlsx
Processing 0011-Top50-Reject-HierV with params (0, 0, 'Top50-Reject-HierV', 'top10', None)
Processing 29 files with threading...
hmmt2025_ssc voting acc: 0.26185344827586204
Processing 198 files with threading...
gpqad_ssc voting acc: 0.5692866161616161
Processing 30 files with threading...
aime2024_ssc voting acc: 0.5182291666666666
Processing 29 files with threading...
aime2025_ssc voting acc: 0.4014008620689655
Processing 29 files with threading...
brumo2025_ssc voting acc: 0.5382543103448276
结果已动态更新到: /share/yangxizhong/workspace/step_level_deepconf/output/result/voting/Qwen3-14B-NonThinking-core-All-Avg64ofB128-AllAblation-ssc-repeat2.xlsx
Processing 0111-GMM-Reject-HierV with params (0, 0, 'GMM-Reject-HierV', 'gmm', None)
Processing 29 files with threading...
hmmt2025_ssc voting acc: 0.2505387931034483
Processing 198 files with threading...
gpqad_ssc voting acc: 0.5616319444444444
Processing 30 files with threading...
aime2024_ssc voting acc: 0.503125
Processing 29 files with threading...
aime2025_ssc voting acc: 0.39439655172413796
Processing 29 files with threading...
brumo2025_ssc voting acc: 0.5167025862068966
结果已动态更新到: /share/yangxizhong/workspace/step_level_deepconf/output/result/voting/Qwen3-14B-NonThinking-core-All-Avg64ofB128-AllAblation-ssc-repeat2.xlsx
Processing 0000-No-No-WSC with params (0, 0, 'No-No-WSC', None, None)
Processing 29 files with threading...
hmmt2025_ssc voting acc: 0.20635775862068967
Processing 198 files with threading...
gpqad_ssc voting acc: 0.5615530303030303
Processing 30 files with threading...
aime2024_ssc voting acc: 0.5015625
Processing 29 files with threading...
aime2025_ssc voting acc: 0.32489224137931033
Processing 29 files with threading...
brumo2025_ssc voting acc: 0.5080818965517241
结果已动态更新到: /share/yangxizhong/workspace/step_level_deepconf/output/result/voting/Qwen3-14B-NonThinking-core-All-Avg64ofB128-AllAblation-ssc-repeat2.xlsx
Processing 0001-No-No-HierV with params (0, 0, 'No-No-HierV', None, None)
Processing 29 files with threading...
hmmt2025_ssc voting acc: 0.20797413793103448
Processing 198 files with threading...
gpqad_ssc voting acc: 0.5639204545454546
Processing 30 files with threading...
aime2024_ssc voting acc: 0.4984375
Processing 29 files with threading...
aime2025_ssc voting acc: 0.3426724137931034
Processing 29 files with threading...
brumo2025_ssc voting acc: 0.5123922413793104
结果已动态更新到: /share/yangxizhong/workspace/step_level_deepconf/output/result/voting/Qwen3-14B-NonThinking-core-All-Avg64ofB128-AllAblation-ssc-repeat2.xlsx
