  0%|          | 0/64 [00:00<?, ?it/s]100%|██████████| 64/64 [00:00<00:00, 20004.13it/s]
generate and save random trace info to /share/yangxizhong/workspace/step_level_deepconf/output/result/voting/tmp_random_trace_64x128_Qwen3-14B-NonThinking-repeat1.pkl
VOTING_MODE: mob, THRESHOLD_MODE: gmm, THRESHOLD_SCOPE: all
  0%|          | 0/13 [00:00<?, ?it/s]  8%|▊         | 1/13 [00:34<06:59, 34.99s/it] 15%|█▌        | 2/13 [21:03<2:15:07, 737.01s/it] 23%|██▎       | 3/13 [22:02<1:11:16, 427.64s/it] 31%|███       | 4/13 [22:47<41:26, 276.33s/it]  /share/yangxizhong/env/anaconda/envs/deepconf/lib/python3.11/site-packages/sklearn/base.py:1365: ConvergenceWarning: Number of distinct clusters (1) found smaller than n_clusters (2). Possibly due to duplicate points in X.
  return fit_method(estimator, *args, **kwargs)
/share/yangxizhong/env/anaconda/envs/deepconf/lib/python3.11/site-packages/sklearn/base.py:1365: ConvergenceWarning: Number of distinct clusters (1) found smaller than n_clusters (2). Possibly due to duplicate points in X.
  return fit_method(estimator, *args, **kwargs)
/share/yangxizhong/env/anaconda/envs/deepconf/lib/python3.11/site-packages/sklearn/base.py:1365: ConvergenceWarning: Number of distinct clusters (1) found smaller than n_clusters (2). Possibly due to duplicate points in X.
  return fit_method(estimator, *args, **kwargs)
/share/yangxizhong/env/anaconda/envs/deepconf/lib/python3.11/site-packages/sklearn/base.py:1365: ConvergenceWarning: Number of distinct clusters (1) found smaller than n_clusters (2). Possibly due to duplicate points in X.
  return fit_method(estimator, *args, **kwargs)
/share/yangxizhong/env/anaconda/envs/deepconf/lib/python3.11/site-packages/sklearn/base.py:1365: ConvergenceWarning: Number of distinct clusters (1) found smaller than n_clusters (2). Possibly due to duplicate points in X.
  return fit_method(estimator, *args, **kwargs)
/share/yangxizhong/env/anaconda/envs/deepconf/lib/python3.11/site-packages/sklearn/base.py:1365: ConvergenceWarning: Number of distinct clusters (1) found smaller than n_clusters (2). Possibly due to duplicate points in X.
  return fit_method(estimator, *args, **kwargs)
/share/yangxizhong/env/anaconda/envs/deepconf/lib/python3.11/site-packages/sklearn/base.py:1365: ConvergenceWarning: Number of distinct clusters (1) found smaller than n_clusters (2). Possibly due to duplicate points in X.
  return fit_method(estimator, *args, **kwargs)
/share/yangxizhong/env/anaconda/envs/deepconf/lib/python3.11/site-packages/sklearn/base.py:1365: ConvergenceWarning: Number of distinct clusters (1) found smaller than n_clusters (2). Possibly due to duplicate points in X.
  return fit_method(estimator, *args, **kwargs)
/share/yangxizhong/env/anaconda/envs/deepconf/lib/python3.11/site-packages/sklearn/base.py:1365: ConvergenceWarning: Number of distinct clusters (1) found smaller than n_clusters (2). Possibly due to duplicate points in X.
  return fit_method(estimator, *args, **kwargs)
/share/yangxizhong/env/anaconda/envs/deepconf/lib/python3.11/site-packages/sklearn/base.py:1365: ConvergenceWarning: Number of distinct clusters (1) found smaller than n_clusters (2). Possibly due to duplicate points in X.
  return fit_method(estimator, *args, **kwargs)
/share/yangxizhong/env/anaconda/envs/deepconf/lib/python3.11/site-packages/sklearn/base.py:1365: ConvergenceWarning: Number of distinct clusters (1) found smaller than n_clusters (2). Possibly due to duplicate points in X.
  return fit_method(estimator, *args, **kwargs)
/share/yangxizhong/env/anaconda/envs/deepconf/lib/python3.11/site-packages/sklearn/base.py:1365: ConvergenceWarning: Number of distinct clusters (1) found smaller than n_clusters (2). Possibly due to duplicate points in X.
  return fit_method(estimator, *args, **kwargs)
/share/yangxizhong/env/anaconda/envs/deepconf/lib/python3.11/site-packages/sklearn/base.py:1365: ConvergenceWarning: Number of distinct clusters (1) found smaller than n_clusters (2). Possibly due to duplicate points in X.
  return fit_method(estimator, *args, **kwargs)
/share/yangxizhong/env/anaconda/envs/deepconf/lib/python3.11/site-packages/sklearn/base.py:1365: ConvergenceWarning: Number of distinct clusters (1) found smaller than n_clusters (2). Possibly due to duplicate points in X.
  return fit_method(estimator, *args, **kwargs)
/share/yangxizhong/env/anaconda/envs/deepconf/lib/python3.11/site-packages/sklearn/base.py:1365: ConvergenceWarning: Number of distinct clusters (1) found smaller than n_clusters (2). Possibly due to duplicate points in X.
  return fit_method(estimator, *args, **kwargs)
/share/yangxizhong/env/anaconda/envs/deepconf/lib/python3.11/site-packages/sklearn/base.py:1365: ConvergenceWarning: Number of distinct clusters (1) found smaller than n_clusters (2). Possibly due to duplicate points in X.
  return fit_method(estimator, *args, **kwargs)
/share/yangxizhong/env/anaconda/envs/deepconf/lib/python3.11/site-packages/sklearn/base.py:1365: ConvergenceWarning: Number of distinct clusters (1) found smaller than n_clusters (2). Possibly due to duplicate points in X.
  return fit_method(estimator, *args, **kwargs)
/share/yangxizhong/env/anaconda/envs/deepconf/lib/python3.11/site-packages/sklearn/base.py:1365: ConvergenceWarning: Number of distinct clusters (1) found smaller than n_clusters (2). Possibly due to duplicate points in X.
  return fit_method(estimator, *args, **kwargs)
/share/yangxizhong/env/anaconda/envs/deepconf/lib/python3.11/site-packages/sklearn/base.py:1365: ConvergenceWarning: Number of distinct clusters (1) found smaller than n_clusters (2). Possibly due to duplicate points in X.
  return fit_method(estimator, *args, **kwargs)
/share/yangxizhong/env/anaconda/envs/deepconf/lib/python3.11/site-packages/sklearn/base.py:1365: ConvergenceWarning: Number of distinct clusters (1) found smaller than n_clusters (2). Possibly due to duplicate points in X.
  return fit_method(estimator, *args, **kwargs)
/share/yangxizhong/env/anaconda/envs/deepconf/lib/python3.11/site-packages/sklearn/base.py:1365: ConvergenceWarning: Number of distinct clusters (1) found smaller than n_clusters (2). Possibly due to duplicate points in X.
  return fit_method(estimator, *args, **kwargs)
/share/yangxizhong/env/anaconda/envs/deepconf/lib/python3.11/site-packages/sklearn/base.py:1365: ConvergenceWarning: Number of distinct clusters (1) found smaller than n_clusters (2). Possibly due to duplicate points in X.
  return fit_method(estimator, *args, **kwargs)
/share/yangxizhong/env/anaconda/envs/deepconf/lib/python3.11/site-packages/sklearn/base.py:1365: ConvergenceWarning: Number of distinct clusters (1) found smaller than n_clusters (2). Possibly due to duplicate points in X.
  return fit_method(estimator, *args, **kwargs)
/share/yangxizhong/env/anaconda/envs/deepconf/lib/python3.11/site-packages/sklearn/base.py:1365: ConvergenceWarning: Number of distinct clusters (1) found smaller than n_clusters (2). Possibly due to duplicate points in X.
  return fit_method(estimator, *args, **kwargs)
/share/yangxizhong/env/anaconda/envs/deepconf/lib/python3.11/site-packages/sklearn/base.py:1365: ConvergenceWarning: Number of distinct clusters (1) found smaller than n_clusters (2). Possibly due to duplicate points in X.
  return fit_method(estimator, *args, **kwargs)
/share/yangxizhong/env/anaconda/envs/deepconf/lib/python3.11/site-packages/sklearn/base.py:1365: ConvergenceWarning: Number of distinct clusters (1) found smaller than n_clusters (2). Possibly due to duplicate points in X.
  return fit_method(estimator, *args, **kwargs)
/share/yangxizhong/env/anaconda/envs/deepconf/lib/python3.11/site-packages/sklearn/base.py:1365: ConvergenceWarning: Number of distinct clusters (1) found smaller than n_clusters (2). Possibly due to duplicate points in X.
  return fit_method(estimator, *args, **kwargs)
/share/yangxizhong/env/anaconda/envs/deepconf/lib/python3.11/site-packages/sklearn/base.py:1365: ConvergenceWarning: Number of distinct clusters (1) found smaller than n_clusters (2). Possibly due to duplicate points in X.
  return fit_method(estimator, *args, **kwargs)
/share/yangxizhong/env/anaconda/envs/deepconf/lib/python3.11/site-packages/sklearn/base.py:1365: ConvergenceWarning: Number of distinct clusters (1) found smaller than n_clusters (2). Possibly due to duplicate points in X.
  return fit_method(estimator, *args, **kwargs)
/share/yangxizhong/env/anaconda/envs/deepconf/lib/python3.11/site-packages/sklearn/base.py:1365: ConvergenceWarning: Number of distinct clusters (1) found smaller than n_clusters (2). Possibly due to duplicate points in X.
  return fit_method(estimator, *args, **kwargs)
/share/yangxizhong/env/anaconda/envs/deepconf/lib/python3.11/site-packages/sklearn/base.py:1365: ConvergenceWarning: Number of distinct clusters (1) found smaller than n_clusters (2). Possibly due to duplicate points in X.
  return fit_method(estimator, *args, **kwargs)
/share/yangxizhong/env/anaconda/envs/deepconf/lib/python3.11/site-packages/sklearn/base.py:1365: ConvergenceWarning: Number of distinct clusters (1) found smaller than n_clusters (2). Possibly due to duplicate points in X.
  return fit_method(estimator, *args, **kwargs)
/share/yangxizhong/env/anaconda/envs/deepconf/lib/python3.11/site-packages/sklearn/base.py:1365: ConvergenceWarning: Number of distinct clusters (1) found smaller than n_clusters (2). Possibly due to duplicate points in X.
  return fit_method(estimator, *args, **kwargs)
/share/yangxizhong/env/anaconda/envs/deepconf/lib/python3.11/site-packages/sklearn/base.py:1365: ConvergenceWarning: Number of distinct clusters (1) found smaller than n_clusters (2). Possibly due to duplicate points in X.
  return fit_method(estimator, *args, **kwargs)
/share/yangxizhong/env/anaconda/envs/deepconf/lib/python3.11/site-packages/sklearn/base.py:1365: ConvergenceWarning: Number of distinct clusters (1) found smaller than n_clusters (2). Possibly due to duplicate points in X.
  return fit_method(estimator, *args, **kwargs)
/share/yangxizhong/env/anaconda/envs/deepconf/lib/python3.11/site-packages/sklearn/base.py:1365: ConvergenceWarning: Number of distinct clusters (1) found smaller than n_clusters (2). Possibly due to duplicate points in X.
  return fit_method(estimator, *args, **kwargs)
/share/yangxizhong/env/anaconda/envs/deepconf/lib/python3.11/site-packages/sklearn/base.py:1365: ConvergenceWarning: Number of distinct clusters (1) found smaller than n_clusters (2). Possibly due to duplicate points in X.
  return fit_method(estimator, *args, **kwargs)
/share/yangxizhong/env/anaconda/envs/deepconf/lib/python3.11/site-packages/sklearn/base.py:1365: ConvergenceWarning: Number of distinct clusters (1) found smaller than n_clusters (2). Possibly due to duplicate points in X.
  return fit_method(estimator, *args, **kwargs)
/share/yangxizhong/env/anaconda/envs/deepconf/lib/python3.11/site-packages/sklearn/base.py:1365: ConvergenceWarning: Number of distinct clusters (1) found smaller than n_clusters (2). Possibly due to duplicate points in X.
  return fit_method(estimator, *args, **kwargs)
/share/yangxizhong/env/anaconda/envs/deepconf/lib/python3.11/site-packages/sklearn/base.py:1365: ConvergenceWarning: Number of distinct clusters (1) found smaller than n_clusters (2). Possibly due to duplicate points in X.
  return fit_method(estimator, *args, **kwargs)
/share/yangxizhong/env/anaconda/envs/deepconf/lib/python3.11/site-packages/sklearn/base.py:1365: ConvergenceWarning: Number of distinct clusters (1) found smaller than n_clusters (2). Possibly due to duplicate points in X.
  return fit_method(estimator, *args, **kwargs)
/share/yangxizhong/env/anaconda/envs/deepconf/lib/python3.11/site-packages/sklearn/base.py:1365: ConvergenceWarning: Number of distinct clusters (1) found smaller than n_clusters (2). Possibly due to duplicate points in X.
  return fit_method(estimator, *args, **kwargs)
/share/yangxizhong/env/anaconda/envs/deepconf/lib/python3.11/site-packages/sklearn/base.py:1365: ConvergenceWarning: Number of distinct clusters (1) found smaller than n_clusters (2). Possibly due to duplicate points in X.
  return fit_method(estimator, *args, **kwargs)
/share/yangxizhong/env/anaconda/envs/deepconf/lib/python3.11/site-packages/sklearn/base.py:1365: ConvergenceWarning: Number of distinct clusters (1) found smaller than n_clusters (2). Possibly due to duplicate points in X.
  return fit_method(estimator, *args, **kwargs)
/share/yangxizhong/env/anaconda/envs/deepconf/lib/python3.11/site-packages/sklearn/base.py:1365: ConvergenceWarning: Number of distinct clusters (1) found smaller than n_clusters (2). Possibly due to duplicate points in X.
  return fit_method(estimator, *args, **kwargs)
/share/yangxizhong/env/anaconda/envs/deepconf/lib/python3.11/site-packages/sklearn/base.py:1365: ConvergenceWarning: Number of distinct clusters (1) found smaller than n_clusters (2). Possibly due to duplicate points in X.
  return fit_method(estimator, *args, **kwargs)
 38%|███▊      | 5/13 [41:30<1:17:34, 581.75s/it] 46%|████▌     | 6/13 [42:57<48:13, 413.39s/it]   54%|█████▍    | 7/13 [43:45<29:24, 294.02s/it]/share/yangxizhong/env/anaconda/envs/deepconf/lib/python3.11/site-packages/sklearn/base.py:1365: ConvergenceWarning: Number of distinct clusters (1) found smaller than n_clusters (2). Possibly due to duplicate points in X.
  return fit_method(estimator, *args, **kwargs)
/share/yangxizhong/env/anaconda/envs/deepconf/lib/python3.11/site-packages/sklearn/base.py:1365: ConvergenceWarning: Number of distinct clusters (1) found smaller than n_clusters (2). Possibly due to duplicate points in X.
  return fit_method(estimator, *args, **kwargs)
/share/yangxizhong/env/anaconda/envs/deepconf/lib/python3.11/site-packages/sklearn/base.py:1365: ConvergenceWarning: Number of distinct clusters (1) found smaller than n_clusters (2). Possibly due to duplicate points in X.
  return fit_method(estimator, *args, **kwargs)
/share/yangxizhong/env/anaconda/envs/deepconf/lib/python3.11/site-packages/sklearn/base.py:1365: ConvergenceWarning: Number of distinct clusters (1) found smaller than n_clusters (2). Possibly due to duplicate points in X.
  return fit_method(estimator, *args, **kwargs)
/share/yangxizhong/env/anaconda/envs/deepconf/lib/python3.11/site-packages/sklearn/base.py:1365: ConvergenceWarning: Number of distinct clusters (1) found smaller than n_clusters (2). Possibly due to duplicate points in X.
  return fit_method(estimator, *args, **kwargs)
/share/yangxizhong/env/anaconda/envs/deepconf/lib/python3.11/site-packages/sklearn/base.py:1365: ConvergenceWarning: Number of distinct clusters (1) found smaller than n_clusters (2). Possibly due to duplicate points in X.
  return fit_method(estimator, *args, **kwargs)
/share/yangxizhong/env/anaconda/envs/deepconf/lib/python3.11/site-packages/sklearn/base.py:1365: ConvergenceWarning: Number of distinct clusters (1) found smaller than n_clusters (2). Possibly due to duplicate points in X.
  return fit_method(estimator, *args, **kwargs)
/share/yangxizhong/env/anaconda/envs/deepconf/lib/python3.11/site-packages/sklearn/base.py:1365: ConvergenceWarning: Number of distinct clusters (1) found smaller than n_clusters (2). Possibly due to duplicate points in X.
  return fit_method(estimator, *args, **kwargs)
/share/yangxizhong/env/anaconda/envs/deepconf/lib/python3.11/site-packages/sklearn/base.py:1365: ConvergenceWarning: Number of distinct clusters (1) found smaller than n_clusters (2). Possibly due to duplicate points in X.
  return fit_method(estimator, *args, **kwargs)
/share/yangxizhong/env/anaconda/envs/deepconf/lib/python3.11/site-packages/sklearn/base.py:1365: ConvergenceWarning: Number of distinct clusters (1) found smaller than n_clusters (2). Possibly due to duplicate points in X.
  return fit_method(estimator, *args, **kwargs)
/share/yangxizhong/env/anaconda/envs/deepconf/lib/python3.11/site-packages/sklearn/base.py:1365: ConvergenceWarning: Number of distinct clusters (1) found smaller than n_clusters (2). Possibly due to duplicate points in X.
  return fit_method(estimator, *args, **kwargs)
/share/yangxizhong/env/anaconda/envs/deepconf/lib/python3.11/site-packages/sklearn/base.py:1365: ConvergenceWarning: Number of distinct clusters (1) found smaller than n_clusters (2). Possibly due to duplicate points in X.
  return fit_method(estimator, *args, **kwargs)
/share/yangxizhong/env/anaconda/envs/deepconf/lib/python3.11/site-packages/sklearn/base.py:1365: ConvergenceWarning: Number of distinct clusters (1) found smaller than n_clusters (2). Possibly due to duplicate points in X.
  return fit_method(estimator, *args, **kwargs)
/share/yangxizhong/env/anaconda/envs/deepconf/lib/python3.11/site-packages/sklearn/base.py:1365: ConvergenceWarning: Number of distinct clusters (1) found smaller than n_clusters (2). Possibly due to duplicate points in X.
  return fit_method(estimator, *args, **kwargs)
/share/yangxizhong/env/anaconda/envs/deepconf/lib/python3.11/site-packages/sklearn/base.py:1365: ConvergenceWarning: Number of distinct clusters (1) found smaller than n_clusters (2). Possibly due to duplicate points in X.
  return fit_method(estimator, *args, **kwargs)
/share/yangxizhong/env/anaconda/envs/deepconf/lib/python3.11/site-packages/sklearn/base.py:1365: ConvergenceWarning: Number of distinct clusters (1) found smaller than n_clusters (2). Possibly due to duplicate points in X.
  return fit_method(estimator, *args, **kwargs)
/share/yangxizhong/env/anaconda/envs/deepconf/lib/python3.11/site-packages/sklearn/base.py:1365: ConvergenceWarning: Number of distinct clusters (1) found smaller than n_clusters (2). Possibly due to duplicate points in X.
  return fit_method(estimator, *args, **kwargs)
/share/yangxizhong/env/anaconda/envs/deepconf/lib/python3.11/site-packages/sklearn/base.py:1365: ConvergenceWarning: Number of distinct clusters (1) found smaller than n_clusters (2). Possibly due to duplicate points in X.
  return fit_method(estimator, *args, **kwargs)
/share/yangxizhong/env/anaconda/envs/deepconf/lib/python3.11/site-packages/sklearn/base.py:1365: ConvergenceWarning: Number of distinct clusters (1) found smaller than n_clusters (2). Possibly due to duplicate points in X.
  return fit_method(estimator, *args, **kwargs)
/share/yangxizhong/env/anaconda/envs/deepconf/lib/python3.11/site-packages/sklearn/base.py:1365: ConvergenceWarning: Number of distinct clusters (1) found smaller than n_clusters (2). Possibly due to duplicate points in X.
  return fit_method(estimator, *args, **kwargs)
/share/yangxizhong/env/anaconda/envs/deepconf/lib/python3.11/site-packages/sklearn/base.py:1365: ConvergenceWarning: Number of distinct clusters (1) found smaller than n_clusters (2). Possibly due to duplicate points in X.
  return fit_method(estimator, *args, **kwargs)
/share/yangxizhong/env/anaconda/envs/deepconf/lib/python3.11/site-packages/sklearn/base.py:1365: ConvergenceWarning: Number of distinct clusters (1) found smaller than n_clusters (2). Possibly due to duplicate points in X.
  return fit_method(estimator, *args, **kwargs)
/share/yangxizhong/env/anaconda/envs/deepconf/lib/python3.11/site-packages/sklearn/base.py:1365: ConvergenceWarning: Number of distinct clusters (1) found smaller than n_clusters (2). Possibly due to duplicate points in X.
  return fit_method(estimator, *args, **kwargs)
/share/yangxizhong/env/anaconda/envs/deepconf/lib/python3.11/site-packages/sklearn/base.py:1365: ConvergenceWarning: Number of distinct clusters (1) found smaller than n_clusters (2). Possibly due to duplicate points in X.
  return fit_method(estimator, *args, **kwargs)
/share/yangxizhong/env/anaconda/envs/deepconf/lib/python3.11/site-packages/sklearn/base.py:1365: ConvergenceWarning: Number of distinct clusters (1) found smaller than n_clusters (2). Possibly due to duplicate points in X.
  return fit_method(estimator, *args, **kwargs)
/share/yangxizhong/env/anaconda/envs/deepconf/lib/python3.11/site-packages/sklearn/base.py:1365: ConvergenceWarning: Number of distinct clusters (1) found smaller than n_clusters (2). Possibly due to duplicate points in X.
  return fit_method(estimator, *args, **kwargs)
/share/yangxizhong/env/anaconda/envs/deepconf/lib/python3.11/site-packages/sklearn/base.py:1365: ConvergenceWarning: Number of distinct clusters (1) found smaller than n_clusters (2). Possibly due to duplicate points in X.
  return fit_method(estimator, *args, **kwargs)
/share/yangxizhong/env/anaconda/envs/deepconf/lib/python3.11/site-packages/sklearn/base.py:1365: ConvergenceWarning: Number of distinct clusters (1) found smaller than n_clusters (2). Possibly due to duplicate points in X.
  return fit_method(estimator, *args, **kwargs)
/share/yangxizhong/env/anaconda/envs/deepconf/lib/python3.11/site-packages/sklearn/base.py:1365: ConvergenceWarning: Number of distinct clusters (1) found smaller than n_clusters (2). Possibly due to duplicate points in X.
  return fit_method(estimator, *args, **kwargs)
/share/yangxizhong/env/anaconda/envs/deepconf/lib/python3.11/site-packages/sklearn/base.py:1365: ConvergenceWarning: Number of distinct clusters (1) found smaller than n_clusters (2). Possibly due to duplicate points in X.
  return fit_method(estimator, *args, **kwargs)
/share/yangxizhong/env/anaconda/envs/deepconf/lib/python3.11/site-packages/sklearn/base.py:1365: ConvergenceWarning: Number of distinct clusters (1) found smaller than n_clusters (2). Possibly due to duplicate points in X.
  return fit_method(estimator, *args, **kwargs)
/share/yangxizhong/env/anaconda/envs/deepconf/lib/python3.11/site-packages/sklearn/base.py:1365: ConvergenceWarning: Number of distinct clusters (1) found smaller than n_clusters (2). Possibly due to duplicate points in X.
  return fit_method(estimator, *args, **kwargs)
/share/yangxizhong/env/anaconda/envs/deepconf/lib/python3.11/site-packages/sklearn/base.py:1365: ConvergenceWarning: Number of distinct clusters (1) found smaller than n_clusters (2). Possibly due to duplicate points in X.
  return fit_method(estimator, *args, **kwargs)
/share/yangxizhong/env/anaconda/envs/deepconf/lib/python3.11/site-packages/sklearn/base.py:1365: ConvergenceWarning: Number of distinct clusters (1) found smaller than n_clusters (2). Possibly due to duplicate points in X.
  return fit_method(estimator, *args, **kwargs)
/share/yangxizhong/env/anaconda/envs/deepconf/lib/python3.11/site-packages/sklearn/base.py:1365: ConvergenceWarning: Number of distinct clusters (1) found smaller than n_clusters (2). Possibly due to duplicate points in X.
  return fit_method(estimator, *args, **kwargs)
/share/yangxizhong/env/anaconda/envs/deepconf/lib/python3.11/site-packages/sklearn/base.py:1365: ConvergenceWarning: Number of distinct clusters (1) found smaller than n_clusters (2). Possibly due to duplicate points in X.
  return fit_method(estimator, *args, **kwargs)
/share/yangxizhong/env/anaconda/envs/deepconf/lib/python3.11/site-packages/sklearn/base.py:1365: ConvergenceWarning: Number of distinct clusters (1) found smaller than n_clusters (2). Possibly due to duplicate points in X.
  return fit_method(estimator, *args, **kwargs)
/share/yangxizhong/env/anaconda/envs/deepconf/lib/python3.11/site-packages/sklearn/base.py:1365: ConvergenceWarning: Number of distinct clusters (1) found smaller than n_clusters (2). Possibly due to duplicate points in X.
  return fit_method(estimator, *args, **kwargs)
/share/yangxizhong/env/anaconda/envs/deepconf/lib/python3.11/site-packages/sklearn/base.py:1365: ConvergenceWarning: Number of distinct clusters (1) found smaller than n_clusters (2). Possibly due to duplicate points in X.
  return fit_method(estimator, *args, **kwargs)
/share/yangxizhong/env/anaconda/envs/deepconf/lib/python3.11/site-packages/sklearn/base.py:1365: ConvergenceWarning: Number of distinct clusters (1) found smaller than n_clusters (2). Possibly due to duplicate points in X.
  return fit_method(estimator, *args, **kwargs)
/share/yangxizhong/env/anaconda/envs/deepconf/lib/python3.11/site-packages/sklearn/base.py:1365: ConvergenceWarning: Number of distinct clusters (1) found smaller than n_clusters (2). Possibly due to duplicate points in X.
  return fit_method(estimator, *args, **kwargs)
/share/yangxizhong/env/anaconda/envs/deepconf/lib/python3.11/site-packages/sklearn/base.py:1365: ConvergenceWarning: Number of distinct clusters (1) found smaller than n_clusters (2). Possibly due to duplicate points in X.
  return fit_method(estimator, *args, **kwargs)
/share/yangxizhong/env/anaconda/envs/deepconf/lib/python3.11/site-packages/sklearn/base.py:1365: ConvergenceWarning: Number of distinct clusters (1) found smaller than n_clusters (2). Possibly due to duplicate points in X.
  return fit_method(estimator, *args, **kwargs)
/share/yangxizhong/env/anaconda/envs/deepconf/lib/python3.11/site-packages/sklearn/base.py:1365: ConvergenceWarning: Number of distinct clusters (1) found smaller than n_clusters (2). Possibly due to duplicate points in X.
  return fit_method(estimator, *args, **kwargs)
/share/yangxizhong/env/anaconda/envs/deepconf/lib/python3.11/site-packages/sklearn/base.py:1365: ConvergenceWarning: Number of distinct clusters (1) found smaller than n_clusters (2). Possibly due to duplicate points in X.
  return fit_method(estimator, *args, **kwargs)
/share/yangxizhong/env/anaconda/envs/deepconf/lib/python3.11/site-packages/sklearn/base.py:1365: ConvergenceWarning: Number of distinct clusters (1) found smaller than n_clusters (2). Possibly due to duplicate points in X.
  return fit_method(estimator, *args, **kwargs)
/share/yangxizhong/env/anaconda/envs/deepconf/lib/python3.11/site-packages/sklearn/base.py:1365: ConvergenceWarning: Number of distinct clusters (1) found smaller than n_clusters (2). Possibly due to duplicate points in X.
  return fit_method(estimator, *args, **kwargs)
/share/yangxizhong/env/anaconda/envs/deepconf/lib/python3.11/site-packages/sklearn/base.py:1365: ConvergenceWarning: Number of distinct clusters (1) found smaller than n_clusters (2). Possibly due to duplicate points in X.
  return fit_method(estimator, *args, **kwargs)
/share/yangxizhong/env/anaconda/envs/deepconf/lib/python3.11/site-packages/sklearn/base.py:1365: ConvergenceWarning: Number of distinct clusters (1) found smaller than n_clusters (2). Possibly due to duplicate points in X.
  return fit_method(estimator, *args, **kwargs)
/share/yangxizhong/env/anaconda/envs/deepconf/lib/python3.11/site-packages/sklearn/base.py:1365: ConvergenceWarning: Number of distinct clusters (1) found smaller than n_clusters (2). Possibly due to duplicate points in X.
  return fit_method(estimator, *args, **kwargs)
/share/yangxizhong/env/anaconda/envs/deepconf/lib/python3.11/site-packages/sklearn/base.py:1365: ConvergenceWarning: Number of distinct clusters (1) found smaller than n_clusters (2). Possibly due to duplicate points in X.
  return fit_method(estimator, *args, **kwargs)
/share/yangxizhong/env/anaconda/envs/deepconf/lib/python3.11/site-packages/sklearn/base.py:1365: ConvergenceWarning: Number of distinct clusters (1) found smaller than n_clusters (2). Possibly due to duplicate points in X.
  return fit_method(estimator, *args, **kwargs)
/share/yangxizhong/env/anaconda/envs/deepconf/lib/python3.11/site-packages/sklearn/base.py:1365: ConvergenceWarning: Number of distinct clusters (1) found smaller than n_clusters (2). Possibly due to duplicate points in X.
  return fit_method(estimator, *args, **kwargs)
/share/yangxizhong/env/anaconda/envs/deepconf/lib/python3.11/site-packages/sklearn/base.py:1365: ConvergenceWarning: Number of distinct clusters (1) found smaller than n_clusters (2). Possibly due to duplicate points in X.
  return fit_method(estimator, *args, **kwargs)
/share/yangxizhong/env/anaconda/envs/deepconf/lib/python3.11/site-packages/sklearn/base.py:1365: ConvergenceWarning: Number of distinct clusters (1) found smaller than n_clusters (2). Possibly due to duplicate points in X.
  return fit_method(estimator, *args, **kwargs)
/share/yangxizhong/env/anaconda/envs/deepconf/lib/python3.11/site-packages/sklearn/base.py:1365: ConvergenceWarning: Number of distinct clusters (1) found smaller than n_clusters (2). Possibly due to duplicate points in X.
  return fit_method(estimator, *args, **kwargs)
/share/yangxizhong/env/anaconda/envs/deepconf/lib/python3.11/site-packages/sklearn/base.py:1365: ConvergenceWarning: Number of distinct clusters (1) found smaller than n_clusters (2). Possibly due to duplicate points in X.
  return fit_method(estimator, *args, **kwargs)
/share/yangxizhong/env/anaconda/envs/deepconf/lib/python3.11/site-packages/sklearn/base.py:1365: ConvergenceWarning: Number of distinct clusters (1) found smaller than n_clusters (2). Possibly due to duplicate points in X.
  return fit_method(estimator, *args, **kwargs)
/share/yangxizhong/env/anaconda/envs/deepconf/lib/python3.11/site-packages/sklearn/base.py:1365: ConvergenceWarning: Number of distinct clusters (1) found smaller than n_clusters (2). Possibly due to duplicate points in X.
  return fit_method(estimator, *args, **kwargs)
/share/yangxizhong/env/anaconda/envs/deepconf/lib/python3.11/site-packages/sklearn/base.py:1365: ConvergenceWarning: Number of distinct clusters (1) found smaller than n_clusters (2). Possibly due to duplicate points in X.
  return fit_method(estimator, *args, **kwargs)
/share/yangxizhong/env/anaconda/envs/deepconf/lib/python3.11/site-packages/sklearn/base.py:1365: ConvergenceWarning: Number of distinct clusters (1) found smaller than n_clusters (2). Possibly due to duplicate points in X.
  return fit_method(estimator, *args, **kwargs)
/share/yangxizhong/env/anaconda/envs/deepconf/lib/python3.11/site-packages/sklearn/base.py:1365: ConvergenceWarning: Number of distinct clusters (1) found smaller than n_clusters (2). Possibly due to duplicate points in X.
  return fit_method(estimator, *args, **kwargs)
/share/yangxizhong/env/anaconda/envs/deepconf/lib/python3.11/site-packages/sklearn/base.py:1365: ConvergenceWarning: Number of distinct clusters (1) found smaller than n_clusters (2). Possibly due to duplicate points in X.
  return fit_method(estimator, *args, **kwargs)
/share/yangxizhong/env/anaconda/envs/deepconf/lib/python3.11/site-packages/sklearn/base.py:1365: ConvergenceWarning: Number of distinct clusters (1) found smaller than n_clusters (2). Possibly due to duplicate points in X.
  return fit_method(estimator, *args, **kwargs)
/share/yangxizhong/env/anaconda/envs/deepconf/lib/python3.11/site-packages/sklearn/base.py:1365: ConvergenceWarning: Number of distinct clusters (1) found smaller than n_clusters (2). Possibly due to duplicate points in X.
  return fit_method(estimator, *args, **kwargs)
/share/yangxizhong/env/anaconda/envs/deepconf/lib/python3.11/site-packages/sklearn/base.py:1365: ConvergenceWarning: Number of distinct clusters (1) found smaller than n_clusters (2). Possibly due to duplicate points in X.
  return fit_method(estimator, *args, **kwargs)
/share/yangxizhong/env/anaconda/envs/deepconf/lib/python3.11/site-packages/sklearn/base.py:1365: ConvergenceWarning: Number of distinct clusters (1) found smaller than n_clusters (2). Possibly due to duplicate points in X.
  return fit_method(estimator, *args, **kwargs)
/share/yangxizhong/env/anaconda/envs/deepconf/lib/python3.11/site-packages/sklearn/base.py:1365: ConvergenceWarning: Number of distinct clusters (1) found smaller than n_clusters (2). Possibly due to duplicate points in X.
  return fit_method(estimator, *args, **kwargs)
/share/yangxizhong/env/anaconda/envs/deepconf/lib/python3.11/site-packages/sklearn/base.py:1365: ConvergenceWarning: Number of distinct clusters (1) found smaller than n_clusters (2). Possibly due to duplicate points in X.
  return fit_method(estimator, *args, **kwargs)
/share/yangxizhong/env/anaconda/envs/deepconf/lib/python3.11/site-packages/sklearn/base.py:1365: ConvergenceWarning: Number of distinct clusters (1) found smaller than n_clusters (2). Possibly due to duplicate points in X.
  return fit_method(estimator, *args, **kwargs)
/share/yangxizhong/env/anaconda/envs/deepconf/lib/python3.11/site-packages/sklearn/base.py:1365: ConvergenceWarning: Number of distinct clusters (1) found smaller than n_clusters (2). Possibly due to duplicate points in X.
  return fit_method(estimator, *args, **kwargs)
/share/yangxizhong/env/anaconda/envs/deepconf/lib/python3.11/site-packages/sklearn/base.py:1365: ConvergenceWarning: Number of distinct clusters (1) found smaller than n_clusters (2). Possibly due to duplicate points in X.
  return fit_method(estimator, *args, **kwargs)
/share/yangxizhong/env/anaconda/envs/deepconf/lib/python3.11/site-packages/sklearn/base.py:1365: ConvergenceWarning: Number of distinct clusters (1) found smaller than n_clusters (2). Possibly due to duplicate points in X.
  return fit_method(estimator, *args, **kwargs)
/share/yangxizhong/env/anaconda/envs/deepconf/lib/python3.11/site-packages/sklearn/base.py:1365: ConvergenceWarning: Number of distinct clusters (1) found smaller than n_clusters (2). Possibly due to duplicate points in X.
  return fit_method(estimator, *args, **kwargs)
/share/yangxizhong/env/anaconda/envs/deepconf/lib/python3.11/site-packages/sklearn/base.py:1365: ConvergenceWarning: Number of distinct clusters (1) found smaller than n_clusters (2). Possibly due to duplicate points in X.
  return fit_method(estimator, *args, **kwargs)
/share/yangxizhong/env/anaconda/envs/deepconf/lib/python3.11/site-packages/sklearn/base.py:1365: ConvergenceWarning: Number of distinct clusters (1) found smaller than n_clusters (2). Possibly due to duplicate points in X.
  return fit_method(estimator, *args, **kwargs)
/share/yangxizhong/env/anaconda/envs/deepconf/lib/python3.11/site-packages/sklearn/base.py:1365: ConvergenceWarning: Number of distinct clusters (1) found smaller than n_clusters (2). Possibly due to duplicate points in X.
  return fit_method(estimator, *args, **kwargs)
/share/yangxizhong/env/anaconda/envs/deepconf/lib/python3.11/site-packages/sklearn/base.py:1365: ConvergenceWarning: Number of distinct clusters (1) found smaller than n_clusters (2). Possibly due to duplicate points in X.
  return fit_method(estimator, *args, **kwargs)
/share/yangxizhong/env/anaconda/envs/deepconf/lib/python3.11/site-packages/sklearn/base.py:1365: ConvergenceWarning: Number of distinct clusters (1) found smaller than n_clusters (2). Possibly due to duplicate points in X.
  return fit_method(estimator, *args, **kwargs)
/share/yangxizhong/env/anaconda/envs/deepconf/lib/python3.11/site-packages/sklearn/base.py:1365: ConvergenceWarning: Number of distinct clusters (1) found smaller than n_clusters (2). Possibly due to duplicate points in X.
  return fit_method(estimator, *args, **kwargs)
/share/yangxizhong/env/anaconda/envs/deepconf/lib/python3.11/site-packages/sklearn/base.py:1365: ConvergenceWarning: Number of distinct clusters (1) found smaller than n_clusters (2). Possibly due to duplicate points in X.
  return fit_method(estimator, *args, **kwargs)
/share/yangxizhong/env/anaconda/envs/deepconf/lib/python3.11/site-packages/sklearn/base.py:1365: ConvergenceWarning: Number of distinct clusters (1) found smaller than n_clusters (2). Possibly due to duplicate points in X.
  return fit_method(estimator, *args, **kwargs)
/share/yangxizhong/env/anaconda/envs/deepconf/lib/python3.11/site-packages/sklearn/base.py:1365: ConvergenceWarning: Number of distinct clusters (1) found smaller than n_clusters (2). Possibly due to duplicate points in X.
  return fit_method(estimator, *args, **kwargs)
/share/yangxizhong/env/anaconda/envs/deepconf/lib/python3.11/site-packages/sklearn/base.py:1365: ConvergenceWarning: Number of distinct clusters (1) found smaller than n_clusters (2). Possibly due to duplicate points in X.
  return fit_method(estimator, *args, **kwargs)
/share/yangxizhong/env/anaconda/envs/deepconf/lib/python3.11/site-packages/sklearn/base.py:1365: ConvergenceWarning: Number of distinct clusters (1) found smaller than n_clusters (2). Possibly due to duplicate points in X.
  return fit_method(estimator, *args, **kwargs)
/share/yangxizhong/env/anaconda/envs/deepconf/lib/python3.11/site-packages/sklearn/base.py:1365: ConvergenceWarning: Number of distinct clusters (1) found smaller than n_clusters (2). Possibly due to duplicate points in X.
  return fit_method(estimator, *args, **kwargs)
/share/yangxizhong/env/anaconda/envs/deepconf/lib/python3.11/site-packages/sklearn/base.py:1365: ConvergenceWarning: Number of distinct clusters (1) found smaller than n_clusters (2). Possibly due to duplicate points in X.
  return fit_method(estimator, *args, **kwargs)
/share/yangxizhong/env/anaconda/envs/deepconf/lib/python3.11/site-packages/sklearn/base.py:1365: ConvergenceWarning: Number of distinct clusters (1) found smaller than n_clusters (2). Possibly due to duplicate points in X.
  return fit_method(estimator, *args, **kwargs)
/share/yangxizhong/env/anaconda/envs/deepconf/lib/python3.11/site-packages/sklearn/base.py:1365: ConvergenceWarning: Number of distinct clusters (1) found smaller than n_clusters (2). Possibly due to duplicate points in X.
  return fit_method(estimator, *args, **kwargs)
/share/yangxizhong/env/anaconda/envs/deepconf/lib/python3.11/site-packages/sklearn/base.py:1365: ConvergenceWarning: Number of distinct clusters (1) found smaller than n_clusters (2). Possibly due to duplicate points in X.
  return fit_method(estimator, *args, **kwargs)
/share/yangxizhong/env/anaconda/envs/deepconf/lib/python3.11/site-packages/sklearn/base.py:1365: ConvergenceWarning: Number of distinct clusters (1) found smaller than n_clusters (2). Possibly due to duplicate points in X.
  return fit_method(estimator, *args, **kwargs)
/share/yangxizhong/env/anaconda/envs/deepconf/lib/python3.11/site-packages/sklearn/base.py:1365: ConvergenceWarning: Number of distinct clusters (1) found smaller than n_clusters (2). Possibly due to duplicate points in X.
  return fit_method(estimator, *args, **kwargs)
 62%|██████▏   | 8/13 [1:03:19<47:51, 574.34s/it]/share/yangxizhong/env/anaconda/envs/deepconf/lib/python3.11/site-packages/sklearn/base.py:1365: ConvergenceWarning: Number of distinct clusters (1) found smaller than n_clusters (2). Possibly due to duplicate points in X.
  return fit_method(estimator, *args, **kwargs)
/share/yangxizhong/env/anaconda/envs/deepconf/lib/python3.11/site-packages/sklearn/base.py:1365: ConvergenceWarning: Number of distinct clusters (1) found smaller than n_clusters (2). Possibly due to duplicate points in X.
  return fit_method(estimator, *args, **kwargs)
/share/yangxizhong/env/anaconda/envs/deepconf/lib/python3.11/site-packages/sklearn/base.py:1365: ConvergenceWarning: Number of distinct clusters (1) found smaller than n_clusters (2). Possibly due to duplicate points in X.
  return fit_method(estimator, *args, **kwargs)
/share/yangxizhong/env/anaconda/envs/deepconf/lib/python3.11/site-packages/sklearn/base.py:1365: ConvergenceWarning: Number of distinct clusters (1) found smaller than n_clusters (2). Possibly due to duplicate points in X.
  return fit_method(estimator, *args, **kwargs)
/share/yangxizhong/env/anaconda/envs/deepconf/lib/python3.11/site-packages/sklearn/base.py:1365: ConvergenceWarning: Number of distinct clusters (1) found smaller than n_clusters (2). Possibly due to duplicate points in X.
  return fit_method(estimator, *args, **kwargs)
/share/yangxizhong/env/anaconda/envs/deepconf/lib/python3.11/site-packages/sklearn/base.py:1365: ConvergenceWarning: Number of distinct clusters (1) found smaller than n_clusters (2). Possibly due to duplicate points in X.
  return fit_method(estimator, *args, **kwargs)
/share/yangxizhong/env/anaconda/envs/deepconf/lib/python3.11/site-packages/sklearn/base.py:1365: ConvergenceWarning: Number of distinct clusters (1) found smaller than n_clusters (2). Possibly due to duplicate points in X.
  return fit_method(estimator, *args, **kwargs)
/share/yangxizhong/env/anaconda/envs/deepconf/lib/python3.11/site-packages/sklearn/base.py:1365: ConvergenceWarning: Number of distinct clusters (1) found smaller than n_clusters (2). Possibly due to duplicate points in X.
  return fit_method(estimator, *args, **kwargs)
/share/yangxizhong/env/anaconda/envs/deepconf/lib/python3.11/site-packages/sklearn/base.py:1365: ConvergenceWarning: Number of distinct clusters (1) found smaller than n_clusters (2). Possibly due to duplicate points in X.
  return fit_method(estimator, *args, **kwargs)
/share/yangxizhong/env/anaconda/envs/deepconf/lib/python3.11/site-packages/sklearn/base.py:1365: ConvergenceWarning: Number of distinct clusters (1) found smaller than n_clusters (2). Possibly due to duplicate points in X.
  return fit_method(estimator, *args, **kwargs)
/share/yangxizhong/env/anaconda/envs/deepconf/lib/python3.11/site-packages/sklearn/base.py:1365: ConvergenceWarning: Number of distinct clusters (1) found smaller than n_clusters (2). Possibly due to duplicate points in X.
  return fit_method(estimator, *args, **kwargs)
/share/yangxizhong/env/anaconda/envs/deepconf/lib/python3.11/site-packages/sklearn/base.py:1365: ConvergenceWarning: Number of distinct clusters (1) found smaller than n_clusters (2). Possibly due to duplicate points in X.
  return fit_method(estimator, *args, **kwargs)
/share/yangxizhong/env/anaconda/envs/deepconf/lib/python3.11/site-packages/sklearn/base.py:1365: ConvergenceWarning: Number of distinct clusters (1) found smaller than n_clusters (2). Possibly due to duplicate points in X.
  return fit_method(estimator, *args, **kwargs)
/share/yangxizhong/env/anaconda/envs/deepconf/lib/python3.11/site-packages/sklearn/base.py:1365: ConvergenceWarning: Number of distinct clusters (1) found smaller than n_clusters (2). Possibly due to duplicate points in X.
  return fit_method(estimator, *args, **kwargs)
/share/yangxizhong/env/anaconda/envs/deepconf/lib/python3.11/site-packages/sklearn/base.py:1365: ConvergenceWarning: Number of distinct clusters (1) found smaller than n_clusters (2). Possibly due to duplicate points in X.
  return fit_method(estimator, *args, **kwargs)
/share/yangxizhong/env/anaconda/envs/deepconf/lib/python3.11/site-packages/sklearn/base.py:1365: ConvergenceWarning: Number of distinct clusters (1) found smaller than n_clusters (2). Possibly due to duplicate points in X.
  return fit_method(estimator, *args, **kwargs)
/share/yangxizhong/env/anaconda/envs/deepconf/lib/python3.11/site-packages/sklearn/base.py:1365: ConvergenceWarning: Number of distinct clusters (1) found smaller than n_clusters (2). Possibly due to duplicate points in X.
  return fit_method(estimator, *args, **kwargs)
/share/yangxizhong/env/anaconda/envs/deepconf/lib/python3.11/site-packages/sklearn/base.py:1365: ConvergenceWarning: Number of distinct clusters (1) found smaller than n_clusters (2). Possibly due to duplicate points in X.
  return fit_method(estimator, *args, **kwargs)
/share/yangxizhong/env/anaconda/envs/deepconf/lib/python3.11/site-packages/sklearn/base.py:1365: ConvergenceWarning: Number of distinct clusters (1) found smaller than n_clusters (2). Possibly due to duplicate points in X.
  return fit_method(estimator, *args, **kwargs)
/share/yangxizhong/env/anaconda/envs/deepconf/lib/python3.11/site-packages/sklearn/base.py:1365: ConvergenceWarning: Number of distinct clusters (1) found smaller than n_clusters (2). Possibly due to duplicate points in X.
  return fit_method(estimator, *args, **kwargs)
/share/yangxizhong/env/anaconda/envs/deepconf/lib/python3.11/site-packages/sklearn/base.py:1365: ConvergenceWarning: Number of distinct clusters (1) found smaller than n_clusters (2). Possibly due to duplicate points in X.
  return fit_method(estimator, *args, **kwargs)
/share/yangxizhong/env/anaconda/envs/deepconf/lib/python3.11/site-packages/sklearn/base.py:1365: ConvergenceWarning: Number of distinct clusters (1) found smaller than n_clusters (2). Possibly due to duplicate points in X.
  return fit_method(estimator, *args, **kwargs)
/share/yangxizhong/env/anaconda/envs/deepconf/lib/python3.11/site-packages/sklearn/base.py:1365: ConvergenceWarning: Number of distinct clusters (1) found smaller than n_clusters (2). Possibly due to duplicate points in X.
  return fit_method(estimator, *args, **kwargs)
/share/yangxizhong/env/anaconda/envs/deepconf/lib/python3.11/site-packages/sklearn/base.py:1365: ConvergenceWarning: Number of distinct clusters (1) found smaller than n_clusters (2). Possibly due to duplicate points in X.
  return fit_method(estimator, *args, **kwargs)
/share/yangxizhong/env/anaconda/envs/deepconf/lib/python3.11/site-packages/sklearn/base.py:1365: ConvergenceWarning: Number of distinct clusters (1) found smaller than n_clusters (2). Possibly due to duplicate points in X.
  return fit_method(estimator, *args, **kwargs)
/share/yangxizhong/env/anaconda/envs/deepconf/lib/python3.11/site-packages/sklearn/base.py:1365: ConvergenceWarning: Number of distinct clusters (1) found smaller than n_clusters (2). Possibly due to duplicate points in X.
  return fit_method(estimator, *args, **kwargs)
/share/yangxizhong/env/anaconda/envs/deepconf/lib/python3.11/site-packages/sklearn/base.py:1365: ConvergenceWarning: Number of distinct clusters (1) found smaller than n_clusters (2). Possibly due to duplicate points in X.
  return fit_method(estimator, *args, **kwargs)
/share/yangxizhong/env/anaconda/envs/deepconf/lib/python3.11/site-packages/sklearn/base.py:1365: ConvergenceWarning: Number of distinct clusters (1) found smaller than n_clusters (2). Possibly due to duplicate points in X.
  return fit_method(estimator, *args, **kwargs)
/share/yangxizhong/env/anaconda/envs/deepconf/lib/python3.11/site-packages/sklearn/base.py:1365: ConvergenceWarning: Number of distinct clusters (1) found smaller than n_clusters (2). Possibly due to duplicate points in X.
  return fit_method(estimator, *args, **kwargs)
/share/yangxizhong/env/anaconda/envs/deepconf/lib/python3.11/site-packages/sklearn/base.py:1365: ConvergenceWarning: Number of distinct clusters (1) found smaller than n_clusters (2). Possibly due to duplicate points in X.
  return fit_method(estimator, *args, **kwargs)
/share/yangxizhong/env/anaconda/envs/deepconf/lib/python3.11/site-packages/sklearn/base.py:1365: ConvergenceWarning: Number of distinct clusters (1) found smaller than n_clusters (2). Possibly due to duplicate points in X.
  return fit_method(estimator, *args, **kwargs)
/share/yangxizhong/env/anaconda/envs/deepconf/lib/python3.11/site-packages/sklearn/base.py:1365: ConvergenceWarning: Number of distinct clusters (1) found smaller than n_clusters (2). Possibly due to duplicate points in X.
  return fit_method(estimator, *args, **kwargs)
/share/yangxizhong/env/anaconda/envs/deepconf/lib/python3.11/site-packages/sklearn/base.py:1365: ConvergenceWarning: Number of distinct clusters (1) found smaller than n_clusters (2). Possibly due to duplicate points in X.
  return fit_method(estimator, *args, **kwargs)
/share/yangxizhong/env/anaconda/envs/deepconf/lib/python3.11/site-packages/sklearn/base.py:1365: ConvergenceWarning: Number of distinct clusters (1) found smaller than n_clusters (2). Possibly due to duplicate points in X.
  return fit_method(estimator, *args, **kwargs)
/share/yangxizhong/env/anaconda/envs/deepconf/lib/python3.11/site-packages/sklearn/base.py:1365: ConvergenceWarning: Number of distinct clusters (1) found smaller than n_clusters (2). Possibly due to duplicate points in X.
  return fit_method(estimator, *args, **kwargs)
/share/yangxizhong/env/anaconda/envs/deepconf/lib/python3.11/site-packages/sklearn/base.py:1365: ConvergenceWarning: Number of distinct clusters (1) found smaller than n_clusters (2). Possibly due to duplicate points in X.
  return fit_method(estimator, *args, **kwargs)
/share/yangxizhong/env/anaconda/envs/deepconf/lib/python3.11/site-packages/sklearn/base.py:1365: ConvergenceWarning: Number of distinct clusters (1) found smaller than n_clusters (2). Possibly due to duplicate points in X.
  return fit_method(estimator, *args, **kwargs)
/share/yangxizhong/env/anaconda/envs/deepconf/lib/python3.11/site-packages/sklearn/base.py:1365: ConvergenceWarning: Number of distinct clusters (1) found smaller than n_clusters (2). Possibly due to duplicate points in X.
  return fit_method(estimator, *args, **kwargs)
/share/yangxizhong/env/anaconda/envs/deepconf/lib/python3.11/site-packages/sklearn/base.py:1365: ConvergenceWarning: Number of distinct clusters (1) found smaller than n_clusters (2). Possibly due to duplicate points in X.
  return fit_method(estimator, *args, **kwargs)
/share/yangxizhong/env/anaconda/envs/deepconf/lib/python3.11/site-packages/sklearn/base.py:1365: ConvergenceWarning: Number of distinct clusters (1) found smaller than n_clusters (2). Possibly due to duplicate points in X.
  return fit_method(estimator, *args, **kwargs)
/share/yangxizhong/env/anaconda/envs/deepconf/lib/python3.11/site-packages/sklearn/base.py:1365: ConvergenceWarning: Number of distinct clusters (1) found smaller than n_clusters (2). Possibly due to duplicate points in X.
  return fit_method(estimator, *args, **kwargs)
/share/yangxizhong/env/anaconda/envs/deepconf/lib/python3.11/site-packages/sklearn/base.py:1365: ConvergenceWarning: Number of distinct clusters (1) found smaller than n_clusters (2). Possibly due to duplicate points in X.
  return fit_method(estimator, *args, **kwargs)
/share/yangxizhong/env/anaconda/envs/deepconf/lib/python3.11/site-packages/sklearn/base.py:1365: ConvergenceWarning: Number of distinct clusters (1) found smaller than n_clusters (2). Possibly due to duplicate points in X.
  return fit_method(estimator, *args, **kwargs)
/share/yangxizhong/env/anaconda/envs/deepconf/lib/python3.11/site-packages/sklearn/base.py:1365: ConvergenceWarning: Number of distinct clusters (1) found smaller than n_clusters (2). Possibly due to duplicate points in X.
  return fit_method(estimator, *args, **kwargs)
/share/yangxizhong/env/anaconda/envs/deepconf/lib/python3.11/site-packages/sklearn/base.py:1365: ConvergenceWarning: Number of distinct clusters (1) found smaller than n_clusters (2). Possibly due to duplicate points in X.
  return fit_method(estimator, *args, **kwargs)
/share/yangxizhong/env/anaconda/envs/deepconf/lib/python3.11/site-packages/sklearn/base.py:1365: ConvergenceWarning: Number of distinct clusters (1) found smaller than n_clusters (2). Possibly due to duplicate points in X.
  return fit_method(estimator, *args, **kwargs)
 69%|██████▉   | 9/13 [1:21:51<49:29, 742.41s/it] 77%|███████▋  | 10/13 [1:23:21<27:02, 540.88s/it]/share/yangxizhong/env/anaconda/envs/deepconf/lib/python3.11/site-packages/sklearn/base.py:1365: ConvergenceWarning: Number of distinct clusters (1) found smaller than n_clusters (2). Possibly due to duplicate points in X.
  return fit_method(estimator, *args, **kwargs)
/share/yangxizhong/env/anaconda/envs/deepconf/lib/python3.11/site-packages/sklearn/base.py:1365: ConvergenceWarning: Number of distinct clusters (1) found smaller than n_clusters (2). Possibly due to duplicate points in X.
  return fit_method(estimator, *args, **kwargs)
/share/yangxizhong/env/anaconda/envs/deepconf/lib/python3.11/site-packages/sklearn/base.py:1365: ConvergenceWarning: Number of distinct clusters (1) found smaller than n_clusters (2). Possibly due to duplicate points in X.
  return fit_method(estimator, *args, **kwargs)
/share/yangxizhong/env/anaconda/envs/deepconf/lib/python3.11/site-packages/sklearn/base.py:1365: ConvergenceWarning: Number of distinct clusters (1) found smaller than n_clusters (2). Possibly due to duplicate points in X.
  return fit_method(estimator, *args, **kwargs)
/share/yangxizhong/env/anaconda/envs/deepconf/lib/python3.11/site-packages/sklearn/base.py:1365: ConvergenceWarning: Number of distinct clusters (1) found smaller than n_clusters (2). Possibly due to duplicate points in X.
  return fit_method(estimator, *args, **kwargs)
/share/yangxizhong/env/anaconda/envs/deepconf/lib/python3.11/site-packages/sklearn/base.py:1365: ConvergenceWarning: Number of distinct clusters (1) found smaller than n_clusters (2). Possibly due to duplicate points in X.
  return fit_method(estimator, *args, **kwargs)
/share/yangxizhong/env/anaconda/envs/deepconf/lib/python3.11/site-packages/sklearn/base.py:1365: ConvergenceWarning: Number of distinct clusters (1) found smaller than n_clusters (2). Possibly due to duplicate points in X.
  return fit_method(estimator, *args, **kwargs)
/share/yangxizhong/env/anaconda/envs/deepconf/lib/python3.11/site-packages/sklearn/base.py:1365: ConvergenceWarning: Number of distinct clusters (1) found smaller than n_clusters (2). Possibly due to duplicate points in X.
  return fit_method(estimator, *args, **kwargs)
/share/yangxizhong/env/anaconda/envs/deepconf/lib/python3.11/site-packages/sklearn/base.py:1365: ConvergenceWarning: Number of distinct clusters (1) found smaller than n_clusters (2). Possibly due to duplicate points in X.
  return fit_method(estimator, *args, **kwargs)
/share/yangxizhong/env/anaconda/envs/deepconf/lib/python3.11/site-packages/sklearn/base.py:1365: ConvergenceWarning: Number of distinct clusters (1) found smaller than n_clusters (2). Possibly due to duplicate points in X.
  return fit_method(estimator, *args, **kwargs)
/share/yangxizhong/env/anaconda/envs/deepconf/lib/python3.11/site-packages/sklearn/base.py:1365: ConvergenceWarning: Number of distinct clusters (1) found smaller than n_clusters (2). Possibly due to duplicate points in X.
  return fit_method(estimator, *args, **kwargs)
/share/yangxizhong/env/anaconda/envs/deepconf/lib/python3.11/site-packages/sklearn/base.py:1365: ConvergenceWarning: Number of distinct clusters (1) found smaller than n_clusters (2). Possibly due to duplicate points in X.
  return fit_method(estimator, *args, **kwargs)
/share/yangxizhong/env/anaconda/envs/deepconf/lib/python3.11/site-packages/sklearn/base.py:1365: ConvergenceWarning: Number of distinct clusters (1) found smaller than n_clusters (2). Possibly due to duplicate points in X.
  return fit_method(estimator, *args, **kwargs)
/share/yangxizhong/env/anaconda/envs/deepconf/lib/python3.11/site-packages/sklearn/base.py:1365: ConvergenceWarning: Number of distinct clusters (1) found smaller than n_clusters (2). Possibly due to duplicate points in X.
  return fit_method(estimator, *args, **kwargs)
/share/yangxizhong/env/anaconda/envs/deepconf/lib/python3.11/site-packages/sklearn/base.py:1365: ConvergenceWarning: Number of distinct clusters (1) found smaller than n_clusters (2). Possibly due to duplicate points in X.
  return fit_method(estimator, *args, **kwargs)
/share/yangxizhong/env/anaconda/envs/deepconf/lib/python3.11/site-packages/sklearn/base.py:1365: ConvergenceWarning: Number of distinct clusters (1) found smaller than n_clusters (2). Possibly due to duplicate points in X.
  return fit_method(estimator, *args, **kwargs)
/share/yangxizhong/env/anaconda/envs/deepconf/lib/python3.11/site-packages/sklearn/base.py:1365: ConvergenceWarning: Number of distinct clusters (1) found smaller than n_clusters (2). Possibly due to duplicate points in X.
  return fit_method(estimator, *args, **kwargs)
/share/yangxizhong/env/anaconda/envs/deepconf/lib/python3.11/site-packages/sklearn/base.py:1365: ConvergenceWarning: Number of distinct clusters (1) found smaller than n_clusters (2). Possibly due to duplicate points in X.
  return fit_method(estimator, *args, **kwargs)
/share/yangxizhong/env/anaconda/envs/deepconf/lib/python3.11/site-packages/sklearn/base.py:1365: ConvergenceWarning: Number of distinct clusters (1) found smaller than n_clusters (2). Possibly due to duplicate points in X.
  return fit_method(estimator, *args, **kwargs)
/share/yangxizhong/env/anaconda/envs/deepconf/lib/python3.11/site-packages/sklearn/base.py:1365: ConvergenceWarning: Number of distinct clusters (1) found smaller than n_clusters (2). Possibly due to duplicate points in X.
  return fit_method(estimator, *args, **kwargs)
/share/yangxizhong/env/anaconda/envs/deepconf/lib/python3.11/site-packages/sklearn/base.py:1365: ConvergenceWarning: Number of distinct clusters (1) found smaller than n_clusters (2). Possibly due to duplicate points in X.
  return fit_method(estimator, *args, **kwargs)
/share/yangxizhong/env/anaconda/envs/deepconf/lib/python3.11/site-packages/sklearn/base.py:1365: ConvergenceWarning: Number of distinct clusters (1) found smaller than n_clusters (2). Possibly due to duplicate points in X.
  return fit_method(estimator, *args, **kwargs)
/share/yangxizhong/env/anaconda/envs/deepconf/lib/python3.11/site-packages/sklearn/base.py:1365: ConvergenceWarning: Number of distinct clusters (1) found smaller than n_clusters (2). Possibly due to duplicate points in X.
  return fit_method(estimator, *args, **kwargs)
/share/yangxizhong/env/anaconda/envs/deepconf/lib/python3.11/site-packages/sklearn/base.py:1365: ConvergenceWarning: Number of distinct clusters (1) found smaller than n_clusters (2). Possibly due to duplicate points in X.
  return fit_method(estimator, *args, **kwargs)
/share/yangxizhong/env/anaconda/envs/deepconf/lib/python3.11/site-packages/sklearn/base.py:1365: ConvergenceWarning: Number of distinct clusters (1) found smaller than n_clusters (2). Possibly due to duplicate points in X.
  return fit_method(estimator, *args, **kwargs)
/share/yangxizhong/env/anaconda/envs/deepconf/lib/python3.11/site-packages/sklearn/base.py:1365: ConvergenceWarning: Number of distinct clusters (1) found smaller than n_clusters (2). Possibly due to duplicate points in X.
  return fit_method(estimator, *args, **kwargs)
/share/yangxizhong/env/anaconda/envs/deepconf/lib/python3.11/site-packages/sklearn/base.py:1365: ConvergenceWarning: Number of distinct clusters (1) found smaller than n_clusters (2). Possibly due to duplicate points in X.
  return fit_method(estimator, *args, **kwargs)
/share/yangxizhong/env/anaconda/envs/deepconf/lib/python3.11/site-packages/sklearn/base.py:1365: ConvergenceWarning: Number of distinct clusters (1) found smaller than n_clusters (2). Possibly due to duplicate points in X.
  return fit_method(estimator, *args, **kwargs)
/share/yangxizhong/env/anaconda/envs/deepconf/lib/python3.11/site-packages/sklearn/base.py:1365: ConvergenceWarning: Number of distinct clusters (1) found smaller than n_clusters (2). Possibly due to duplicate points in X.
  return fit_method(estimator, *args, **kwargs)
/share/yangxizhong/env/anaconda/envs/deepconf/lib/python3.11/site-packages/sklearn/base.py:1365: ConvergenceWarning: Number of distinct clusters (1) found smaller than n_clusters (2). Possibly due to duplicate points in X.
  return fit_method(estimator, *args, **kwargs)
/share/yangxizhong/env/anaconda/envs/deepconf/lib/python3.11/site-packages/sklearn/base.py:1365: ConvergenceWarning: Number of distinct clusters (1) found smaller than n_clusters (2). Possibly due to duplicate points in X.
  return fit_method(estimator, *args, **kwargs)
/share/yangxizhong/env/anaconda/envs/deepconf/lib/python3.11/site-packages/sklearn/base.py:1365: ConvergenceWarning: Number of distinct clusters (1) found smaller than n_clusters (2). Possibly due to duplicate points in X.
  return fit_method(estimator, *args, **kwargs)
/share/yangxizhong/env/anaconda/envs/deepconf/lib/python3.11/site-packages/sklearn/base.py:1365: ConvergenceWarning: Number of distinct clusters (1) found smaller than n_clusters (2). Possibly due to duplicate points in X.
  return fit_method(estimator, *args, **kwargs)
/share/yangxizhong/env/anaconda/envs/deepconf/lib/python3.11/site-packages/sklearn/base.py:1365: ConvergenceWarning: Number of distinct clusters (1) found smaller than n_clusters (2). Possibly due to duplicate points in X.
  return fit_method(estimator, *args, **kwargs)
/share/yangxizhong/env/anaconda/envs/deepconf/lib/python3.11/site-packages/sklearn/base.py:1365: ConvergenceWarning: Number of distinct clusters (1) found smaller than n_clusters (2). Possibly due to duplicate points in X.
  return fit_method(estimator, *args, **kwargs)
/share/yangxizhong/env/anaconda/envs/deepconf/lib/python3.11/site-packages/sklearn/base.py:1365: ConvergenceWarning: Number of distinct clusters (1) found smaller than n_clusters (2). Possibly due to duplicate points in X.
  return fit_method(estimator, *args, **kwargs)
/share/yangxizhong/env/anaconda/envs/deepconf/lib/python3.11/site-packages/sklearn/base.py:1365: ConvergenceWarning: Number of distinct clusters (1) found smaller than n_clusters (2). Possibly due to duplicate points in X.
  return fit_method(estimator, *args, **kwargs)
/share/yangxizhong/env/anaconda/envs/deepconf/lib/python3.11/site-packages/sklearn/base.py:1365: ConvergenceWarning: Number of distinct clusters (1) found smaller than n_clusters (2). Possibly due to duplicate points in X.
  return fit_method(estimator, *args, **kwargs)
/share/yangxizhong/env/anaconda/envs/deepconf/lib/python3.11/site-packages/sklearn/base.py:1365: ConvergenceWarning: Number of distinct clusters (1) found smaller than n_clusters (2). Possibly due to duplicate points in X.
  return fit_method(estimator, *args, **kwargs)
/share/yangxizhong/env/anaconda/envs/deepconf/lib/python3.11/site-packages/sklearn/base.py:1365: ConvergenceWarning: Number of distinct clusters (1) found smaller than n_clusters (2). Possibly due to duplicate points in X.
  return fit_method(estimator, *args, **kwargs)
/share/yangxizhong/env/anaconda/envs/deepconf/lib/python3.11/site-packages/sklearn/base.py:1365: ConvergenceWarning: Number of distinct clusters (1) found smaller than n_clusters (2). Possibly due to duplicate points in X.
  return fit_method(estimator, *args, **kwargs)
/share/yangxizhong/env/anaconda/envs/deepconf/lib/python3.11/site-packages/sklearn/base.py:1365: ConvergenceWarning: Number of distinct clusters (1) found smaller than n_clusters (2). Possibly due to duplicate points in X.
  return fit_method(estimator, *args, **kwargs)
/share/yangxizhong/env/anaconda/envs/deepconf/lib/python3.11/site-packages/sklearn/base.py:1365: ConvergenceWarning: Number of distinct clusters (1) found smaller than n_clusters (2). Possibly due to duplicate points in X.
  return fit_method(estimator, *args, **kwargs)
/share/yangxizhong/env/anaconda/envs/deepconf/lib/python3.11/site-packages/sklearn/base.py:1365: ConvergenceWarning: Number of distinct clusters (1) found smaller than n_clusters (2). Possibly due to duplicate points in X.
  return fit_method(estimator, *args, **kwargs)
/share/yangxizhong/env/anaconda/envs/deepconf/lib/python3.11/site-packages/sklearn/base.py:1365: ConvergenceWarning: Number of distinct clusters (1) found smaller than n_clusters (2). Possibly due to duplicate points in X.
  return fit_method(estimator, *args, **kwargs)
/share/yangxizhong/env/anaconda/envs/deepconf/lib/python3.11/site-packages/sklearn/base.py:1365: ConvergenceWarning: Number of distinct clusters (1) found smaller than n_clusters (2). Possibly due to duplicate points in X.
  return fit_method(estimator, *args, **kwargs)
/share/yangxizhong/env/anaconda/envs/deepconf/lib/python3.11/site-packages/sklearn/base.py:1365: ConvergenceWarning: Number of distinct clusters (1) found smaller than n_clusters (2). Possibly due to duplicate points in X.
  return fit_method(estimator, *args, **kwargs)
/share/yangxizhong/env/anaconda/envs/deepconf/lib/python3.11/site-packages/sklearn/base.py:1365: ConvergenceWarning: Number of distinct clusters (1) found smaller than n_clusters (2). Possibly due to duplicate points in X.
  return fit_method(estimator, *args, **kwargs)
/share/yangxizhong/env/anaconda/envs/deepconf/lib/python3.11/site-packages/sklearn/base.py:1365: ConvergenceWarning: Number of distinct clusters (1) found smaller than n_clusters (2). Possibly due to duplicate points in X.
  return fit_method(estimator, *args, **kwargs)
/share/yangxizhong/env/anaconda/envs/deepconf/lib/python3.11/site-packages/sklearn/base.py:1365: ConvergenceWarning: Number of distinct clusters (1) found smaller than n_clusters (2). Possibly due to duplicate points in X.
  return fit_method(estimator, *args, **kwargs)
/share/yangxizhong/env/anaconda/envs/deepconf/lib/python3.11/site-packages/sklearn/base.py:1365: ConvergenceWarning: Number of distinct clusters (1) found smaller than n_clusters (2). Possibly due to duplicate points in X.
  return fit_method(estimator, *args, **kwargs)
/share/yangxizhong/env/anaconda/envs/deepconf/lib/python3.11/site-packages/sklearn/base.py:1365: ConvergenceWarning: Number of distinct clusters (1) found smaller than n_clusters (2). Possibly due to duplicate points in X.
  return fit_method(estimator, *args, **kwargs)
/share/yangxizhong/env/anaconda/envs/deepconf/lib/python3.11/site-packages/sklearn/base.py:1365: ConvergenceWarning: Number of distinct clusters (1) found smaller than n_clusters (2). Possibly due to duplicate points in X.
  return fit_method(estimator, *args, **kwargs)
/share/yangxizhong/env/anaconda/envs/deepconf/lib/python3.11/site-packages/sklearn/base.py:1365: ConvergenceWarning: Number of distinct clusters (1) found smaller than n_clusters (2). Possibly due to duplicate points in X.
  return fit_method(estimator, *args, **kwargs)
/share/yangxizhong/env/anaconda/envs/deepconf/lib/python3.11/site-packages/sklearn/base.py:1365: ConvergenceWarning: Number of distinct clusters (1) found smaller than n_clusters (2). Possibly due to duplicate points in X.
  return fit_method(estimator, *args, **kwargs)
/share/yangxizhong/env/anaconda/envs/deepconf/lib/python3.11/site-packages/sklearn/base.py:1365: ConvergenceWarning: Number of distinct clusters (1) found smaller than n_clusters (2). Possibly due to duplicate points in X.
  return fit_method(estimator, *args, **kwargs)
/share/yangxizhong/env/anaconda/envs/deepconf/lib/python3.11/site-packages/sklearn/base.py:1365: ConvergenceWarning: Number of distinct clusters (1) found smaller than n_clusters (2). Possibly due to duplicate points in X.
  return fit_method(estimator, *args, **kwargs)
/share/yangxizhong/env/anaconda/envs/deepconf/lib/python3.11/site-packages/sklearn/base.py:1365: ConvergenceWarning: Number of distinct clusters (1) found smaller than n_clusters (2). Possibly due to duplicate points in X.
  return fit_method(estimator, *args, **kwargs)
/share/yangxizhong/env/anaconda/envs/deepconf/lib/python3.11/site-packages/sklearn/base.py:1365: ConvergenceWarning: Number of distinct clusters (1) found smaller than n_clusters (2). Possibly due to duplicate points in X.
  return fit_method(estimator, *args, **kwargs)
/share/yangxizhong/env/anaconda/envs/deepconf/lib/python3.11/site-packages/sklearn/base.py:1365: ConvergenceWarning: Number of distinct clusters (1) found smaller than n_clusters (2). Possibly due to duplicate points in X.
  return fit_method(estimator, *args, **kwargs)
/share/yangxizhong/env/anaconda/envs/deepconf/lib/python3.11/site-packages/sklearn/base.py:1365: ConvergenceWarning: Number of distinct clusters (1) found smaller than n_clusters (2). Possibly due to duplicate points in X.
  return fit_method(estimator, *args, **kwargs)
/share/yangxizhong/env/anaconda/envs/deepconf/lib/python3.11/site-packages/sklearn/base.py:1365: ConvergenceWarning: Number of distinct clusters (1) found smaller than n_clusters (2). Possibly due to duplicate points in X.
  return fit_method(estimator, *args, **kwargs)
/share/yangxizhong/env/anaconda/envs/deepconf/lib/python3.11/site-packages/sklearn/base.py:1365: ConvergenceWarning: Number of distinct clusters (1) found smaller than n_clusters (2). Possibly due to duplicate points in X.
  return fit_method(estimator, *args, **kwargs)
/share/yangxizhong/env/anaconda/envs/deepconf/lib/python3.11/site-packages/sklearn/base.py:1365: ConvergenceWarning: Number of distinct clusters (1) found smaller than n_clusters (2). Possibly due to duplicate points in X.
  return fit_method(estimator, *args, **kwargs)
/share/yangxizhong/env/anaconda/envs/deepconf/lib/python3.11/site-packages/sklearn/base.py:1365: ConvergenceWarning: Number of distinct clusters (1) found smaller than n_clusters (2). Possibly due to duplicate points in X.
  return fit_method(estimator, *args, **kwargs)
/share/yangxizhong/env/anaconda/envs/deepconf/lib/python3.11/site-packages/sklearn/base.py:1365: ConvergenceWarning: Number of distinct clusters (1) found smaller than n_clusters (2). Possibly due to duplicate points in X.
  return fit_method(estimator, *args, **kwargs)
/share/yangxizhong/env/anaconda/envs/deepconf/lib/python3.11/site-packages/sklearn/base.py:1365: ConvergenceWarning: Number of distinct clusters (1) found smaller than n_clusters (2). Possibly due to duplicate points in X.
  return fit_method(estimator, *args, **kwargs)
/share/yangxizhong/env/anaconda/envs/deepconf/lib/python3.11/site-packages/sklearn/base.py:1365: ConvergenceWarning: Number of distinct clusters (1) found smaller than n_clusters (2). Possibly due to duplicate points in X.
  return fit_method(estimator, *args, **kwargs)
/share/yangxizhong/env/anaconda/envs/deepconf/lib/python3.11/site-packages/sklearn/base.py:1365: ConvergenceWarning: Number of distinct clusters (1) found smaller than n_clusters (2). Possibly due to duplicate points in X.
  return fit_method(estimator, *args, **kwargs)
/share/yangxizhong/env/anaconda/envs/deepconf/lib/python3.11/site-packages/sklearn/base.py:1365: ConvergenceWarning: Number of distinct clusters (1) found smaller than n_clusters (2). Possibly due to duplicate points in X.
  return fit_method(estimator, *args, **kwargs)
/share/yangxizhong/env/anaconda/envs/deepconf/lib/python3.11/site-packages/sklearn/base.py:1365: ConvergenceWarning: Number of distinct clusters (1) found smaller than n_clusters (2). Possibly due to duplicate points in X.
  return fit_method(estimator, *args, **kwargs)
/share/yangxizhong/env/anaconda/envs/deepconf/lib/python3.11/site-packages/sklearn/base.py:1365: ConvergenceWarning: Number of distinct clusters (1) found smaller than n_clusters (2). Possibly due to duplicate points in X.
  return fit_method(estimator, *args, **kwargs)
/share/yangxizhong/env/anaconda/envs/deepconf/lib/python3.11/site-packages/sklearn/base.py:1365: ConvergenceWarning: Number of distinct clusters (1) found smaller than n_clusters (2). Possibly due to duplicate points in X.
  return fit_method(estimator, *args, **kwargs)
/share/yangxizhong/env/anaconda/envs/deepconf/lib/python3.11/site-packages/sklearn/base.py:1365: ConvergenceWarning: Number of distinct clusters (1) found smaller than n_clusters (2). Possibly due to duplicate points in X.
  return fit_method(estimator, *args, **kwargs)
/share/yangxizhong/env/anaconda/envs/deepconf/lib/python3.11/site-packages/sklearn/base.py:1365: ConvergenceWarning: Number of distinct clusters (1) found smaller than n_clusters (2). Possibly due to duplicate points in X.
  return fit_method(estimator, *args, **kwargs)
/share/yangxizhong/env/anaconda/envs/deepconf/lib/python3.11/site-packages/sklearn/base.py:1365: ConvergenceWarning: Number of distinct clusters (1) found smaller than n_clusters (2). Possibly due to duplicate points in X.
  return fit_method(estimator, *args, **kwargs)
/share/yangxizhong/env/anaconda/envs/deepconf/lib/python3.11/site-packages/sklearn/base.py:1365: ConvergenceWarning: Number of distinct clusters (1) found smaller than n_clusters (2). Possibly due to duplicate points in X.
  return fit_method(estimator, *args, **kwargs)
/share/yangxizhong/env/anaconda/envs/deepconf/lib/python3.11/site-packages/sklearn/base.py:1365: ConvergenceWarning: Number of distinct clusters (1) found smaller than n_clusters (2). Possibly due to duplicate points in X.
  return fit_method(estimator, *args, **kwargs)
/share/yangxizhong/env/anaconda/envs/deepconf/lib/python3.11/site-packages/sklearn/base.py:1365: ConvergenceWarning: Number of distinct clusters (1) found smaller than n_clusters (2). Possibly due to duplicate points in X.
  return fit_method(estimator, *args, **kwargs)
/share/yangxizhong/env/anaconda/envs/deepconf/lib/python3.11/site-packages/sklearn/base.py:1365: ConvergenceWarning: Number of distinct clusters (1) found smaller than n_clusters (2). Possibly due to duplicate points in X.
  return fit_method(estimator, *args, **kwargs)
/share/yangxizhong/env/anaconda/envs/deepconf/lib/python3.11/site-packages/sklearn/base.py:1365: ConvergenceWarning: Number of distinct clusters (1) found smaller than n_clusters (2). Possibly due to duplicate points in X.
  return fit_method(estimator, *args, **kwargs)
/share/yangxizhong/env/anaconda/envs/deepconf/lib/python3.11/site-packages/sklearn/base.py:1365: ConvergenceWarning: Number of distinct clusters (1) found smaller than n_clusters (2). Possibly due to duplicate points in X.
  return fit_method(estimator, *args, **kwargs)
/share/yangxizhong/env/anaconda/envs/deepconf/lib/python3.11/site-packages/sklearn/base.py:1365: ConvergenceWarning: Number of distinct clusters (1) found smaller than n_clusters (2). Possibly due to duplicate points in X.
  return fit_method(estimator, *args, **kwargs)
/share/yangxizhong/env/anaconda/envs/deepconf/lib/python3.11/site-packages/sklearn/base.py:1365: ConvergenceWarning: Number of distinct clusters (1) found smaller than n_clusters (2). Possibly due to duplicate points in X.
  return fit_method(estimator, *args, **kwargs)
/share/yangxizhong/env/anaconda/envs/deepconf/lib/python3.11/site-packages/sklearn/base.py:1365: ConvergenceWarning: Number of distinct clusters (1) found smaller than n_clusters (2). Possibly due to duplicate points in X.
  return fit_method(estimator, *args, **kwargs)
/share/yangxizhong/env/anaconda/envs/deepconf/lib/python3.11/site-packages/sklearn/base.py:1365: ConvergenceWarning: Number of distinct clusters (1) found smaller than n_clusters (2). Possibly due to duplicate points in X.
  return fit_method(estimator, *args, **kwargs)
/share/yangxizhong/env/anaconda/envs/deepconf/lib/python3.11/site-packages/sklearn/base.py:1365: ConvergenceWarning: Number of distinct clusters (1) found smaller than n_clusters (2). Possibly due to duplicate points in X.
  return fit_method(estimator, *args, **kwargs)
/share/yangxizhong/env/anaconda/envs/deepconf/lib/python3.11/site-packages/sklearn/base.py:1365: ConvergenceWarning: Number of distinct clusters (1) found smaller than n_clusters (2). Possibly due to duplicate points in X.
  return fit_method(estimator, *args, **kwargs)
/share/yangxizhong/env/anaconda/envs/deepconf/lib/python3.11/site-packages/sklearn/base.py:1365: ConvergenceWarning: Number of distinct clusters (1) found smaller than n_clusters (2). Possibly due to duplicate points in X.
  return fit_method(estimator, *args, **kwargs)
/share/yangxizhong/env/anaconda/envs/deepconf/lib/python3.11/site-packages/sklearn/base.py:1365: ConvergenceWarning: Number of distinct clusters (1) found smaller than n_clusters (2). Possibly due to duplicate points in X.
  return fit_method(estimator, *args, **kwargs)
/share/yangxizhong/env/anaconda/envs/deepconf/lib/python3.11/site-packages/sklearn/base.py:1365: ConvergenceWarning: Number of distinct clusters (1) found smaller than n_clusters (2). Possibly due to duplicate points in X.
  return fit_method(estimator, *args, **kwargs)
/share/yangxizhong/env/anaconda/envs/deepconf/lib/python3.11/site-packages/sklearn/base.py:1365: ConvergenceWarning: Number of distinct clusters (1) found smaller than n_clusters (2). Possibly due to duplicate points in X.
  return fit_method(estimator, *args, **kwargs)
 85%|████████▍ | 11/13 [1:43:45<25:00, 750.03s/it] 92%|█████████▏| 12/13 [1:44:18<08:51, 531.83s/it]100%|██████████| 13/13 [1:44:57<00:00, 382.52s/it]100%|██████████| 13/13 [1:44:57<00:00, 484.42s/it]
Processing SC with params (0, 0, 'SC', None, None)
Processing 28 files with threading...
hmmt2025 voting acc: 0.22098214285714285
Processing 198 files with threading...
gpqad voting acc: 0.5545296717171717
Processing 30 files with threading...
aime2024 voting acc: 0.4630208333333333
Processing 29 files with threading...
aime2025 voting acc: 0.3566810344827586
Processing 30 files with threading...
brumo2025 voting acc: 0.496875
结果已动态更新到: /share/yangxizhong/workspace/step_level_deepconf/output/result/voting/Qwen3-14B-NonThinking-core-All-Avg64ofB128-AllAblation-base-repeat1.xlsx
Processing BoN with params (0, 0, 'BoN', None, None)
Processing 28 files with threading...
hmmt2025 voting acc: 0.20758928571428573
Processing 198 files with threading...
gpqad voting acc: 0.5305397727272727
Processing 30 files with threading...
aime2024 voting acc: 0.33645833333333336
Processing 29 files with threading...
aime2025 voting acc: 0.3620689655172414
Processing 30 files with threading...
brumo2025 voting acc: 0.3416666666666667
结果已动态更新到: /share/yangxizhong/workspace/step_level_deepconf/output/result/voting/Qwen3-14B-NonThinking-core-All-Avg64ofB128-AllAblation-base-repeat1.xlsx
Processing MoB-Adaptive with params (1, 0, 'MoB-Adaptive', None, None)
Processing 28 files with threading...
hmmt2025 voting acc: 0.25111607142857145
Processing 198 files with threading...
gpqad voting acc: 0.5649463383838383
Processing 30 files with threading...
aime2024 voting acc: 0.47760416666666666
Processing 29 files with threading...
aime2025 voting acc: 0.4525862068965517
Processing 30 files with threading...
brumo2025 voting acc: 0.5140625
结果已动态更新到: /share/yangxizhong/workspace/step_level_deepconf/output/result/voting/Qwen3-14B-NonThinking-core-All-Avg64ofB128-AllAblation-base-repeat1.xlsx
Processing 0000-Top50-No-WSC with params (0, 0, 'Top50-No-WSC', 'top10', None)
Processing 28 files with threading...
hmmt2025 voting acc: 0.25502232142857145
Processing 198 files with threading...
gpqad voting acc: 0.5621054292929293
Processing 30 files with threading...
aime2024 voting acc: 0.5041666666666667
Processing 29 files with threading...
aime2025 voting acc: 0.36745689655172414
Processing 30 files with threading...
brumo2025 voting acc: 0.4953125
结果已动态更新到: /share/yangxizhong/workspace/step_level_deepconf/output/result/voting/Qwen3-14B-NonThinking-core-All-Avg64ofB128-AllAblation-base-repeat1.xlsx
Processing 0100-GMM-No-WSC with params (0, 0, 'GMM-No-WSC', 'gmm', None)
Processing 28 files with threading...
hmmt2025 voting acc: 0.26171875
Processing 198 files with threading...
gpqad voting acc: 0.5593434343434344
Processing 30 files with threading...
aime2024 voting acc: 0.49583333333333335
Processing 29 files with threading...
aime2025 voting acc: 0.3771551724137931
Processing 30 files with threading...
brumo2025 voting acc: 0.5015625
结果已动态更新到: /share/yangxizhong/workspace/step_level_deepconf/output/result/voting/Qwen3-14B-NonThinking-core-All-Avg64ofB128-AllAblation-base-repeat1.xlsx
Processing 0010-Top50-Reject-WSC with params (0, 0, 'Top50-Reject-WSC', 'top10', None)
Processing 28 files with threading...
hmmt2025 voting acc: 0.25502232142857145
Processing 198 files with threading...
gpqad voting acc: 0.5618686868686869
Processing 30 files with threading...
aime2024 voting acc: 0.5036458333333333
Processing 29 files with threading...
aime2025 voting acc: 0.36745689655172414
Processing 30 files with threading...
brumo2025 voting acc: 0.4947916666666667
结果已动态更新到: /share/yangxizhong/workspace/step_level_deepconf/output/result/voting/Qwen3-14B-NonThinking-core-All-Avg64ofB128-AllAblation-base-repeat1.xlsx
Processing 0001-Top50-No-HierV with params (0, 0, 'Top50-No-HierV', 'top10', None)
Processing 28 files with threading...
hmmt2025 voting acc: 0.2583705357142857
Processing 198 files with threading...
gpqad voting acc: 0.5632102272727273
Processing 30 files with threading...
aime2024 voting acc: 0.4984375
Processing 29 files with threading...
aime2025 voting acc: 0.39601293103448276
Processing 30 files with threading...
brumo2025 voting acc: 0.50625
结果已动态更新到: /share/yangxizhong/workspace/step_level_deepconf/output/result/voting/Qwen3-14B-NonThinking-core-All-Avg64ofB128-AllAblation-base-repeat1.xlsx
Processing 0110-GMM-Reject-WSC with params (0, 0, 'GMM-Reject-WSC', 'gmm', None)
Processing 28 files with threading...
hmmt2025 voting acc: 0.2622767857142857
Processing 198 files with threading...
gpqad voting acc: 0.5592645202020202
Processing 30 files with threading...
aime2024 voting acc: 0.49322916666666666
Processing 29 files with threading...
aime2025 voting acc: 0.3793103448275862
Processing 30 files with threading...
brumo2025 voting acc: 0.5
结果已动态更新到: /share/yangxizhong/workspace/step_level_deepconf/output/result/voting/Qwen3-14B-NonThinking-core-All-Avg64ofB128-AllAblation-base-repeat1.xlsx
Processing 0101-GMM-No-HierV with params (0, 0, 'GMM-No-HierV', 'gmm', None)
Processing 28 files with threading...
hmmt2025 voting acc: 0.25390625
Processing 198 files with threading...
gpqad voting acc: 0.5578440656565656
Processing 30 files with threading...
aime2024 voting acc: 0.4864583333333333
Processing 29 files with threading...
aime2025 voting acc: 0.38523706896551724
Processing 30 files with threading...
brumo2025 voting acc: 0.49635416666666665
结果已动态更新到: /share/yangxizhong/workspace/step_level_deepconf/output/result/voting/Qwen3-14B-NonThinking-core-All-Avg64ofB128-AllAblation-base-repeat1.xlsx
Processing 0011-Top50-Reject-HierV with params (0, 0, 'Top50-Reject-HierV', 'top10', None)
Processing 28 files with threading...
hmmt2025 voting acc: 0.2583705357142857
Processing 198 files with threading...
gpqad voting acc: 0.5636837121212122
Processing 30 files with threading...
aime2024 voting acc: 0.49635416666666665
Processing 29 files with threading...
aime2025 voting acc: 0.3954741379310345
Processing 30 files with threading...
brumo2025 voting acc: 0.50625
结果已动态更新到: /share/yangxizhong/workspace/step_level_deepconf/output/result/voting/Qwen3-14B-NonThinking-core-All-Avg64ofB128-AllAblation-base-repeat1.xlsx
Processing 0111-GMM-Reject-HierV with params (0, 0, 'GMM-Reject-HierV', 'gmm', None)
Processing 28 files with threading...
hmmt2025 voting acc: 0.2578125
Processing 198 files with threading...
gpqad voting acc: 0.5581597222222222
Processing 30 files with threading...
aime2024 voting acc: 0.4822916666666667
Processing 29 files with threading...
aime2025 voting acc: 0.3890086206896552
Processing 30 files with threading...
brumo2025 voting acc: 0.5005208333333333
结果已动态更新到: /share/yangxizhong/workspace/step_level_deepconf/output/result/voting/Qwen3-14B-NonThinking-core-All-Avg64ofB128-AllAblation-base-repeat1.xlsx
Processing 0000-No-No-WSC with params (0, 0, 'No-No-WSC', None, None)
Processing 28 files with threading...
hmmt2025 voting acc: 0.23046875
Processing 198 files with threading...
gpqad voting acc: 0.5560290404040404
Processing 30 files with threading...
aime2024 voting acc: 0.47708333333333336
Processing 29 files with threading...
aime2025 voting acc: 0.359375
Processing 30 files with threading...
brumo2025 voting acc: 0.4979166666666667
结果已动态更新到: /share/yangxizhong/workspace/step_level_deepconf/output/result/voting/Qwen3-14B-NonThinking-core-All-Avg64ofB128-AllAblation-base-repeat1.xlsx
Processing 0001-No-No-HierV with params (0, 0, 'No-No-HierV', None, None)
Processing 28 files with threading...
hmmt2025 voting acc: 0.21037946428571427
Processing 198 files with threading...
gpqad voting acc: 0.5508996212121212
Processing 30 files with threading...
aime2024 voting acc: 0.47604166666666664
Processing 29 files with threading...
aime2025 voting acc: 0.3577586206896552
Processing 30 files with threading...
brumo2025 voting acc: 0.4869791666666667
结果已动态更新到: /share/yangxizhong/workspace/step_level_deepconf/output/result/voting/Qwen3-14B-NonThinking-core-All-Avg64ofB128-AllAblation-base-repeat1.xlsx
VOTING_MODE: No-No-HierV, THRESHOLD_MODE: None, THRESHOLD_SCOPE: None
  0%|          | 0/13 [00:00<?, ?it/s]  8%|▊         | 1/13 [00:32<06:26, 32.20s/it] 15%|█▌        | 2/13 [01:16<07:11, 39.27s/it] 23%|██▎       | 3/13 [02:07<07:25, 44.59s/it] 31%|███       | 4/13 [02:48<06:29, 43.24s/it]/share/yangxizhong/env/anaconda/envs/deepconf/lib/python3.11/site-packages/sklearn/base.py:1365: ConvergenceWarning: Number of distinct clusters (1) found smaller than n_clusters (2). Possibly due to duplicate points in X.
  return fit_method(estimator, *args, **kwargs)
/share/yangxizhong/env/anaconda/envs/deepconf/lib/python3.11/site-packages/sklearn/base.py:1365: ConvergenceWarning: Number of distinct clusters (1) found smaller than n_clusters (2). Possibly due to duplicate points in X.
  return fit_method(estimator, *args, **kwargs)
/share/yangxizhong/env/anaconda/envs/deepconf/lib/python3.11/site-packages/sklearn/base.py:1365: ConvergenceWarning: Number of distinct clusters (1) found smaller than n_clusters (2). Possibly due to duplicate points in X.
  return fit_method(estimator, *args, **kwargs)
/share/yangxizhong/env/anaconda/envs/deepconf/lib/python3.11/site-packages/sklearn/base.py:1365: ConvergenceWarning: Number of distinct clusters (1) found smaller than n_clusters (2). Possibly due to duplicate points in X.
  return fit_method(estimator, *args, **kwargs)
/share/yangxizhong/env/anaconda/envs/deepconf/lib/python3.11/site-packages/sklearn/base.py:1365: ConvergenceWarning: Number of distinct clusters (1) found smaller than n_clusters (2). Possibly due to duplicate points in X.
  return fit_method(estimator, *args, **kwargs)
/share/yangxizhong/env/anaconda/envs/deepconf/lib/python3.11/site-packages/sklearn/base.py:1365: ConvergenceWarning: Number of distinct clusters (1) found smaller than n_clusters (2). Possibly due to duplicate points in X.
  return fit_method(estimator, *args, **kwargs)
/share/yangxizhong/env/anaconda/envs/deepconf/lib/python3.11/site-packages/sklearn/base.py:1365: ConvergenceWarning: Number of distinct clusters (1) found smaller than n_clusters (2). Possibly due to duplicate points in X.
  return fit_method(estimator, *args, **kwargs)
/share/yangxizhong/env/anaconda/envs/deepconf/lib/python3.11/site-packages/sklearn/base.py:1365: ConvergenceWarning: Number of distinct clusters (1) found smaller than n_clusters (2). Possibly due to duplicate points in X.
  return fit_method(estimator, *args, **kwargs)
/share/yangxizhong/env/anaconda/envs/deepconf/lib/python3.11/site-packages/sklearn/base.py:1365: ConvergenceWarning: Number of distinct clusters (1) found smaller than n_clusters (2). Possibly due to duplicate points in X.
  return fit_method(estimator, *args, **kwargs)
/share/yangxizhong/env/anaconda/envs/deepconf/lib/python3.11/site-packages/sklearn/base.py:1365: ConvergenceWarning: Number of distinct clusters (1) found smaller than n_clusters (2). Possibly due to duplicate points in X.
  return fit_method(estimator, *args, **kwargs)
/share/yangxizhong/env/anaconda/envs/deepconf/lib/python3.11/site-packages/sklearn/base.py:1365: ConvergenceWarning: Number of distinct clusters (1) found smaller than n_clusters (2). Possibly due to duplicate points in X.
  return fit_method(estimator, *args, **kwargs)
/share/yangxizhong/env/anaconda/envs/deepconf/lib/python3.11/site-packages/sklearn/base.py:1365: ConvergenceWarning: Number of distinct clusters (1) found smaller than n_clusters (2). Possibly due to duplicate points in X.
  return fit_method(estimator, *args, **kwargs)
/share/yangxizhong/env/anaconda/envs/deepconf/lib/python3.11/site-packages/sklearn/base.py:1365: ConvergenceWarning: Number of distinct clusters (1) found smaller than n_clusters (2). Possibly due to duplicate points in X.
  return fit_method(estimator, *args, **kwargs)
/share/yangxizhong/env/anaconda/envs/deepconf/lib/python3.11/site-packages/sklearn/base.py:1365: ConvergenceWarning: Number of distinct clusters (1) found smaller than n_clusters (2). Possibly due to duplicate points in X.
  return fit_method(estimator, *args, **kwargs)
/share/yangxizhong/env/anaconda/envs/deepconf/lib/python3.11/site-packages/sklearn/base.py:1365: ConvergenceWarning: Number of distinct clusters (1) found smaller than n_clusters (2). Possibly due to duplicate points in X.
  return fit_method(estimator, *args, **kwargs)
/share/yangxizhong/env/anaconda/envs/deepconf/lib/python3.11/site-packages/sklearn/base.py:1365: ConvergenceWarning: Number of distinct clusters (1) found smaller than n_clusters (2). Possibly due to duplicate points in X.
  return fit_method(estimator, *args, **kwargs)
/share/yangxizhong/env/anaconda/envs/deepconf/lib/python3.11/site-packages/sklearn/base.py:1365: ConvergenceWarning: Number of distinct clusters (1) found smaller than n_clusters (2). Possibly due to duplicate points in X.
  return fit_method(estimator, *args, **kwargs)
/share/yangxizhong/env/anaconda/envs/deepconf/lib/python3.11/site-packages/sklearn/base.py:1365: ConvergenceWarning: Number of distinct clusters (1) found smaller than n_clusters (2). Possibly due to duplicate points in X.
  return fit_method(estimator, *args, **kwargs)
/share/yangxizhong/env/anaconda/envs/deepconf/lib/python3.11/site-packages/sklearn/base.py:1365: ConvergenceWarning: Number of distinct clusters (1) found smaller than n_clusters (2). Possibly due to duplicate points in X.
  return fit_method(estimator, *args, **kwargs)
/share/yangxizhong/env/anaconda/envs/deepconf/lib/python3.11/site-packages/sklearn/base.py:1365: ConvergenceWarning: Number of distinct clusters (1) found smaller than n_clusters (2). Possibly due to duplicate points in X.
  return fit_method(estimator, *args, **kwargs)
/share/yangxizhong/env/anaconda/envs/deepconf/lib/python3.11/site-packages/sklearn/base.py:1365: ConvergenceWarning: Number of distinct clusters (1) found smaller than n_clusters (2). Possibly due to duplicate points in X.
  return fit_method(estimator, *args, **kwargs)
/share/yangxizhong/env/anaconda/envs/deepconf/lib/python3.11/site-packages/sklearn/base.py:1365: ConvergenceWarning: Number of distinct clusters (1) found smaller than n_clusters (2). Possibly due to duplicate points in X.
  return fit_method(estimator, *args, **kwargs)
/share/yangxizhong/env/anaconda/envs/deepconf/lib/python3.11/site-packages/sklearn/base.py:1365: ConvergenceWarning: Number of distinct clusters (1) found smaller than n_clusters (2). Possibly due to duplicate points in X.
  return fit_method(estimator, *args, **kwargs)
/share/yangxizhong/env/anaconda/envs/deepconf/lib/python3.11/site-packages/sklearn/base.py:1365: ConvergenceWarning: Number of distinct clusters (1) found smaller than n_clusters (2). Possibly due to duplicate points in X.
  return fit_method(estimator, *args, **kwargs)
/share/yangxizhong/env/anaconda/envs/deepconf/lib/python3.11/site-packages/sklearn/base.py:1365: ConvergenceWarning: Number of distinct clusters (1) found smaller than n_clusters (2). Possibly due to duplicate points in X.
  return fit_method(estimator, *args, **kwargs)
/share/yangxizhong/env/anaconda/envs/deepconf/lib/python3.11/site-packages/sklearn/base.py:1365: ConvergenceWarning: Number of distinct clusters (1) found smaller than n_clusters (2). Possibly due to duplicate points in X.
  return fit_method(estimator, *args, **kwargs)
/share/yangxizhong/env/anaconda/envs/deepconf/lib/python3.11/site-packages/sklearn/base.py:1365: ConvergenceWarning: Number of distinct clusters (1) found smaller than n_clusters (2). Possibly due to duplicate points in X.
  return fit_method(estimator, *args, **kwargs)
/share/yangxizhong/env/anaconda/envs/deepconf/lib/python3.11/site-packages/sklearn/base.py:1365: ConvergenceWarning: Number of distinct clusters (1) found smaller than n_clusters (2). Possibly due to duplicate points in X.
  return fit_method(estimator, *args, **kwargs)
/share/yangxizhong/env/anaconda/envs/deepconf/lib/python3.11/site-packages/sklearn/base.py:1365: ConvergenceWarning: Number of distinct clusters (1) found smaller than n_clusters (2). Possibly due to duplicate points in X.
  return fit_method(estimator, *args, **kwargs)
/share/yangxizhong/env/anaconda/envs/deepconf/lib/python3.11/site-packages/sklearn/base.py:1365: ConvergenceWarning: Number of distinct clusters (1) found smaller than n_clusters (2). Possibly due to duplicate points in X.
  return fit_method(estimator, *args, **kwargs)
/share/yangxizhong/env/anaconda/envs/deepconf/lib/python3.11/site-packages/sklearn/base.py:1365: ConvergenceWarning: Number of distinct clusters (1) found smaller than n_clusters (2). Possibly due to duplicate points in X.
  return fit_method(estimator, *args, **kwargs)
/share/yangxizhong/env/anaconda/envs/deepconf/lib/python3.11/site-packages/sklearn/base.py:1365: ConvergenceWarning: Number of distinct clusters (1) found smaller than n_clusters (2). Possibly due to duplicate points in X.
  return fit_method(estimator, *args, **kwargs)
/share/yangxizhong/env/anaconda/envs/deepconf/lib/python3.11/site-packages/sklearn/base.py:1365: ConvergenceWarning: Number of distinct clusters (1) found smaller than n_clusters (2). Possibly due to duplicate points in X.
  return fit_method(estimator, *args, **kwargs)
/share/yangxizhong/env/anaconda/envs/deepconf/lib/python3.11/site-packages/sklearn/base.py:1365: ConvergenceWarning: Number of distinct clusters (1) found smaller than n_clusters (2). Possibly due to duplicate points in X.
  return fit_method(estimator, *args, **kwargs)
/share/yangxizhong/env/anaconda/envs/deepconf/lib/python3.11/site-packages/sklearn/base.py:1365: ConvergenceWarning: Number of distinct clusters (1) found smaller than n_clusters (2). Possibly due to duplicate points in X.
  return fit_method(estimator, *args, **kwargs)
/share/yangxizhong/env/anaconda/envs/deepconf/lib/python3.11/site-packages/sklearn/base.py:1365: ConvergenceWarning: Number of distinct clusters (1) found smaller than n_clusters (2). Possibly due to duplicate points in X.
  return fit_method(estimator, *args, **kwargs)
/share/yangxizhong/env/anaconda/envs/deepconf/lib/python3.11/site-packages/sklearn/base.py:1365: ConvergenceWarning: Number of distinct clusters (1) found smaller than n_clusters (2). Possibly due to duplicate points in X.
  return fit_method(estimator, *args, **kwargs)
/share/yangxizhong/env/anaconda/envs/deepconf/lib/python3.11/site-packages/sklearn/base.py:1365: ConvergenceWarning: Number of distinct clusters (1) found smaller than n_clusters (2). Possibly due to duplicate points in X.
  return fit_method(estimator, *args, **kwargs)
/share/yangxizhong/env/anaconda/envs/deepconf/lib/python3.11/site-packages/sklearn/base.py:1365: ConvergenceWarning: Number of distinct clusters (1) found smaller than n_clusters (2). Possibly due to duplicate points in X.
  return fit_method(estimator, *args, **kwargs)
/share/yangxizhong/env/anaconda/envs/deepconf/lib/python3.11/site-packages/sklearn/base.py:1365: ConvergenceWarning: Number of distinct clusters (1) found smaller than n_clusters (2). Possibly due to duplicate points in X.
  return fit_method(estimator, *args, **kwargs)
/share/yangxizhong/env/anaconda/envs/deepconf/lib/python3.11/site-packages/sklearn/base.py:1365: ConvergenceWarning: Number of distinct clusters (1) found smaller than n_clusters (2). Possibly due to duplicate points in X.
  return fit_method(estimator, *args, **kwargs)
/share/yangxizhong/env/anaconda/envs/deepconf/lib/python3.11/site-packages/sklearn/base.py:1365: ConvergenceWarning: Number of distinct clusters (1) found smaller than n_clusters (2). Possibly due to duplicate points in X.
  return fit_method(estimator, *args, **kwargs)
/share/yangxizhong/env/anaconda/envs/deepconf/lib/python3.11/site-packages/sklearn/base.py:1365: ConvergenceWarning: Number of distinct clusters (1) found smaller than n_clusters (2). Possibly due to duplicate points in X.
  return fit_method(estimator, *args, **kwargs)
/share/yangxizhong/env/anaconda/envs/deepconf/lib/python3.11/site-packages/sklearn/base.py:1365: ConvergenceWarning: Number of distinct clusters (1) found smaller than n_clusters (2). Possibly due to duplicate points in X.
  return fit_method(estimator, *args, **kwargs)
/share/yangxizhong/env/anaconda/envs/deepconf/lib/python3.11/site-packages/sklearn/base.py:1365: ConvergenceWarning: Number of distinct clusters (1) found smaller than n_clusters (2). Possibly due to duplicate points in X.
  return fit_method(estimator, *args, **kwargs)
/share/yangxizhong/env/anaconda/envs/deepconf/lib/python3.11/site-packages/sklearn/base.py:1365: ConvergenceWarning: Number of distinct clusters (1) found smaller than n_clusters (2). Possibly due to duplicate points in X.
  return fit_method(estimator, *args, **kwargs)
/share/yangxizhong/env/anaconda/envs/deepconf/lib/python3.11/site-packages/sklearn/base.py:1365: ConvergenceWarning: Number of distinct clusters (1) found smaller than n_clusters (2). Possibly due to duplicate points in X.
  return fit_method(estimator, *args, **kwargs)
/share/yangxizhong/env/anaconda/envs/deepconf/lib/python3.11/site-packages/sklearn/base.py:1365: ConvergenceWarning: Number of distinct clusters (1) found smaller than n_clusters (2). Possibly due to duplicate points in X.
  return fit_method(estimator, *args, **kwargs)
/share/yangxizhong/env/anaconda/envs/deepconf/lib/python3.11/site-packages/sklearn/base.py:1365: ConvergenceWarning: Number of distinct clusters (1) found smaller than n_clusters (2). Possibly due to duplicate points in X.
  return fit_method(estimator, *args, **kwargs)
/share/yangxizhong/env/anaconda/envs/deepconf/lib/python3.11/site-packages/sklearn/base.py:1365: ConvergenceWarning: Number of distinct clusters (1) found smaller than n_clusters (2). Possibly due to duplicate points in X.
  return fit_method(estimator, *args, **kwargs)
/share/yangxizhong/env/anaconda/envs/deepconf/lib/python3.11/site-packages/sklearn/base.py:1365: ConvergenceWarning: Number of distinct clusters (1) found smaller than n_clusters (2). Possibly due to duplicate points in X.
  return fit_method(estimator, *args, **kwargs)
/share/yangxizhong/env/anaconda/envs/deepconf/lib/python3.11/site-packages/sklearn/base.py:1365: ConvergenceWarning: Number of distinct clusters (1) found smaller than n_clusters (2). Possibly due to duplicate points in X.
  return fit_method(estimator, *args, **kwargs)
/share/yangxizhong/env/anaconda/envs/deepconf/lib/python3.11/site-packages/sklearn/base.py:1365: ConvergenceWarning: Number of distinct clusters (1) found smaller than n_clusters (2). Possibly due to duplicate points in X.
  return fit_method(estimator, *args, **kwargs)
/share/yangxizhong/env/anaconda/envs/deepconf/lib/python3.11/site-packages/sklearn/base.py:1365: ConvergenceWarning: Number of distinct clusters (1) found smaller than n_clusters (2). Possibly due to duplicate points in X.
  return fit_method(estimator, *args, **kwargs)
/share/yangxizhong/env/anaconda/envs/deepconf/lib/python3.11/site-packages/sklearn/base.py:1365: ConvergenceWarning: Number of distinct clusters (1) found smaller than n_clusters (2). Possibly due to duplicate points in X.
  return fit_method(estimator, *args, **kwargs)
/share/yangxizhong/env/anaconda/envs/deepconf/lib/python3.11/site-packages/sklearn/base.py:1365: ConvergenceWarning: Number of distinct clusters (1) found smaller than n_clusters (2). Possibly due to duplicate points in X.
  return fit_method(estimator, *args, **kwargs)
/share/yangxizhong/env/anaconda/envs/deepconf/lib/python3.11/site-packages/sklearn/base.py:1365: ConvergenceWarning: Number of distinct clusters (1) found smaller than n_clusters (2). Possibly due to duplicate points in X.
  return fit_method(estimator, *args, **kwargs)
/share/yangxizhong/env/anaconda/envs/deepconf/lib/python3.11/site-packages/sklearn/base.py:1365: ConvergenceWarning: Number of distinct clusters (1) found smaller than n_clusters (2). Possibly due to duplicate points in X.
  return fit_method(estimator, *args, **kwargs)
/share/yangxizhong/env/anaconda/envs/deepconf/lib/python3.11/site-packages/sklearn/base.py:1365: ConvergenceWarning: Number of distinct clusters (1) found smaller than n_clusters (2). Possibly due to duplicate points in X.
  return fit_method(estimator, *args, **kwargs)
/share/yangxizhong/env/anaconda/envs/deepconf/lib/python3.11/site-packages/sklearn/base.py:1365: ConvergenceWarning: Number of distinct clusters (1) found smaller than n_clusters (2). Possibly due to duplicate points in X.
  return fit_method(estimator, *args, **kwargs)
/share/yangxizhong/env/anaconda/envs/deepconf/lib/python3.11/site-packages/sklearn/base.py:1365: ConvergenceWarning: Number of distinct clusters (1) found smaller than n_clusters (2). Possibly due to duplicate points in X.
  return fit_method(estimator, *args, **kwargs)
/share/yangxizhong/env/anaconda/envs/deepconf/lib/python3.11/site-packages/sklearn/base.py:1365: ConvergenceWarning: Number of distinct clusters (1) found smaller than n_clusters (2). Possibly due to duplicate points in X.
  return fit_method(estimator, *args, **kwargs)
/share/yangxizhong/env/anaconda/envs/deepconf/lib/python3.11/site-packages/sklearn/base.py:1365: ConvergenceWarning: Number of distinct clusters (1) found smaller than n_clusters (2). Possibly due to duplicate points in X.
  return fit_method(estimator, *args, **kwargs)
/share/yangxizhong/env/anaconda/envs/deepconf/lib/python3.11/site-packages/sklearn/base.py:1365: ConvergenceWarning: Number of distinct clusters (1) found smaller than n_clusters (2). Possibly due to duplicate points in X.
  return fit_method(estimator, *args, **kwargs)
/share/yangxizhong/env/anaconda/envs/deepconf/lib/python3.11/site-packages/sklearn/base.py:1365: ConvergenceWarning: Number of distinct clusters (1) found smaller than n_clusters (2). Possibly due to duplicate points in X.
  return fit_method(estimator, *args, **kwargs)
/share/yangxizhong/env/anaconda/envs/deepconf/lib/python3.11/site-packages/sklearn/base.py:1365: ConvergenceWarning: Number of distinct clusters (1) found smaller than n_clusters (2). Possibly due to duplicate points in X.
  return fit_method(estimator, *args, **kwargs)
/share/yangxizhong/env/anaconda/envs/deepconf/lib/python3.11/site-packages/sklearn/base.py:1365: ConvergenceWarning: Number of distinct clusters (1) found smaller than n_clusters (2). Possibly due to duplicate points in X.
  return fit_method(estimator, *args, **kwargs)
/share/yangxizhong/env/anaconda/envs/deepconf/lib/python3.11/site-packages/sklearn/base.py:1365: ConvergenceWarning: Number of distinct clusters (1) found smaller than n_clusters (2). Possibly due to duplicate points in X.
  return fit_method(estimator, *args, **kwargs)
/share/yangxizhong/env/anaconda/envs/deepconf/lib/python3.11/site-packages/sklearn/base.py:1365: ConvergenceWarning: Number of distinct clusters (1) found smaller than n_clusters (2). Possibly due to duplicate points in X.
  return fit_method(estimator, *args, **kwargs)
/share/yangxizhong/env/anaconda/envs/deepconf/lib/python3.11/site-packages/sklearn/base.py:1365: ConvergenceWarning: Number of distinct clusters (1) found smaller than n_clusters (2). Possibly due to duplicate points in X.
  return fit_method(estimator, *args, **kwargs)
/share/yangxizhong/env/anaconda/envs/deepconf/lib/python3.11/site-packages/sklearn/base.py:1365: ConvergenceWarning: Number of distinct clusters (1) found smaller than n_clusters (2). Possibly due to duplicate points in X.
  return fit_method(estimator, *args, **kwargs)
/share/yangxizhong/env/anaconda/envs/deepconf/lib/python3.11/site-packages/sklearn/base.py:1365: ConvergenceWarning: Number of distinct clusters (1) found smaller than n_clusters (2). Possibly due to duplicate points in X.
  return fit_method(estimator, *args, **kwargs)
/share/yangxizhong/env/anaconda/envs/deepconf/lib/python3.11/site-packages/sklearn/base.py:1365: ConvergenceWarning: Number of distinct clusters (1) found smaller than n_clusters (2). Possibly due to duplicate points in X.
  return fit_method(estimator, *args, **kwargs)
/share/yangxizhong/env/anaconda/envs/deepconf/lib/python3.11/site-packages/sklearn/base.py:1365: ConvergenceWarning: Number of distinct clusters (1) found smaller than n_clusters (2). Possibly due to duplicate points in X.
  return fit_method(estimator, *args, **kwargs)
/share/yangxizhong/env/anaconda/envs/deepconf/lib/python3.11/site-packages/sklearn/base.py:1365: ConvergenceWarning: Number of distinct clusters (1) found smaller than n_clusters (2). Possibly due to duplicate points in X.
  return fit_method(estimator, *args, **kwargs)
/share/yangxizhong/env/anaconda/envs/deepconf/lib/python3.11/site-packages/sklearn/base.py:1365: ConvergenceWarning: Number of distinct clusters (1) found smaller than n_clusters (2). Possibly due to duplicate points in X.
  return fit_method(estimator, *args, **kwargs)
/share/yangxizhong/env/anaconda/envs/deepconf/lib/python3.11/site-packages/sklearn/base.py:1365: ConvergenceWarning: Number of distinct clusters (1) found smaller than n_clusters (2). Possibly due to duplicate points in X.
  return fit_method(estimator, *args, **kwargs)
/share/yangxizhong/env/anaconda/envs/deepconf/lib/python3.11/site-packages/sklearn/base.py:1365: ConvergenceWarning: Number of distinct clusters (1) found smaller than n_clusters (2). Possibly due to duplicate points in X.
  return fit_method(estimator, *args, **kwargs)
/share/yangxizhong/env/anaconda/envs/deepconf/lib/python3.11/site-packages/sklearn/base.py:1365: ConvergenceWarning: Number of distinct clusters (1) found smaller than n_clusters (2). Possibly due to duplicate points in X.
  return fit_method(estimator, *args, **kwargs)
/share/yangxizhong/env/anaconda/envs/deepconf/lib/python3.11/site-packages/sklearn/base.py:1365: ConvergenceWarning: Number of distinct clusters (1) found smaller than n_clusters (2). Possibly due to duplicate points in X.
  return fit_method(estimator, *args, **kwargs)
/share/yangxizhong/env/anaconda/envs/deepconf/lib/python3.11/site-packages/sklearn/base.py:1365: ConvergenceWarning: Number of distinct clusters (1) found smaller than n_clusters (2). Possibly due to duplicate points in X.
  return fit_method(estimator, *args, **kwargs)
/share/yangxizhong/env/anaconda/envs/deepconf/lib/python3.11/site-packages/sklearn/base.py:1365: ConvergenceWarning: Number of distinct clusters (1) found smaller than n_clusters (2). Possibly due to duplicate points in X.
  return fit_method(estimator, *args, **kwargs)
/share/yangxizhong/env/anaconda/envs/deepconf/lib/python3.11/site-packages/sklearn/base.py:1365: ConvergenceWarning: Number of distinct clusters (1) found smaller than n_clusters (2). Possibly due to duplicate points in X.
  return fit_method(estimator, *args, **kwargs)
/share/yangxizhong/env/anaconda/envs/deepconf/lib/python3.11/site-packages/sklearn/base.py:1365: ConvergenceWarning: Number of distinct clusters (1) found smaller than n_clusters (2). Possibly due to duplicate points in X.
  return fit_method(estimator, *args, **kwargs)
/share/yangxizhong/env/anaconda/envs/deepconf/lib/python3.11/site-packages/sklearn/base.py:1365: ConvergenceWarning: Number of distinct clusters (1) found smaller than n_clusters (2). Possibly due to duplicate points in X.
  return fit_method(estimator, *args, **kwargs)
/share/yangxizhong/env/anaconda/envs/deepconf/lib/python3.11/site-packages/sklearn/base.py:1365: ConvergenceWarning: Number of distinct clusters (1) found smaller than n_clusters (2). Possibly due to duplicate points in X.
  return fit_method(estimator, *args, **kwargs)
/share/yangxizhong/env/anaconda/envs/deepconf/lib/python3.11/site-packages/sklearn/base.py:1365: ConvergenceWarning: Number of distinct clusters (1) found smaller than n_clusters (2). Possibly due to duplicate points in X.
  return fit_method(estimator, *args, **kwargs)
/share/yangxizhong/env/anaconda/envs/deepconf/lib/python3.11/site-packages/sklearn/base.py:1365: ConvergenceWarning: Number of distinct clusters (1) found smaller than n_clusters (2). Possibly due to duplicate points in X.
  return fit_method(estimator, *args, **kwargs)
/share/yangxizhong/env/anaconda/envs/deepconf/lib/python3.11/site-packages/sklearn/base.py:1365: ConvergenceWarning: Number of distinct clusters (1) found smaller than n_clusters (2). Possibly due to duplicate points in X.
  return fit_method(estimator, *args, **kwargs)
/share/yangxizhong/env/anaconda/envs/deepconf/lib/python3.11/site-packages/sklearn/base.py:1365: ConvergenceWarning: Number of distinct clusters (1) found smaller than n_clusters (2). Possibly due to duplicate points in X.
  return fit_method(estimator, *args, **kwargs)
/share/yangxizhong/env/anaconda/envs/deepconf/lib/python3.11/site-packages/sklearn/base.py:1365: ConvergenceWarning: Number of distinct clusters (1) found smaller than n_clusters (2). Possibly due to duplicate points in X.
  return fit_method(estimator, *args, **kwargs)
/share/yangxizhong/env/anaconda/envs/deepconf/lib/python3.11/site-packages/sklearn/base.py:1365: ConvergenceWarning: Number of distinct clusters (1) found smaller than n_clusters (2). Possibly due to duplicate points in X.
  return fit_method(estimator, *args, **kwargs)
 38%|███▊      | 5/13 [04:53<09:42, 72.82s/it] 46%|████▌     | 6/13 [06:15<08:50, 75.75s/it] 54%|█████▍    | 7/13 [07:00<06:34, 65.81s/it]/share/yangxizhong/env/anaconda/envs/deepconf/lib/python3.11/site-packages/sklearn/base.py:1365: ConvergenceWarning: Number of distinct clusters (1) found smaller than n_clusters (2). Possibly due to duplicate points in X.
  return fit_method(estimator, *args, **kwargs)
/share/yangxizhong/env/anaconda/envs/deepconf/lib/python3.11/site-packages/sklearn/base.py:1365: ConvergenceWarning: Number of distinct clusters (1) found smaller than n_clusters (2). Possibly due to duplicate points in X.
  return fit_method(estimator, *args, **kwargs)
/share/yangxizhong/env/anaconda/envs/deepconf/lib/python3.11/site-packages/sklearn/base.py:1365: ConvergenceWarning: Number of distinct clusters (1) found smaller than n_clusters (2). Possibly due to duplicate points in X.
  return fit_method(estimator, *args, **kwargs)
/share/yangxizhong/env/anaconda/envs/deepconf/lib/python3.11/site-packages/sklearn/base.py:1365: ConvergenceWarning: Number of distinct clusters (1) found smaller than n_clusters (2). Possibly due to duplicate points in X.
  return fit_method(estimator, *args, **kwargs)
/share/yangxizhong/env/anaconda/envs/deepconf/lib/python3.11/site-packages/sklearn/base.py:1365: ConvergenceWarning: Number of distinct clusters (1) found smaller than n_clusters (2). Possibly due to duplicate points in X.
  return fit_method(estimator, *args, **kwargs)
/share/yangxizhong/env/anaconda/envs/deepconf/lib/python3.11/site-packages/sklearn/base.py:1365: ConvergenceWarning: Number of distinct clusters (1) found smaller than n_clusters (2). Possibly due to duplicate points in X.
  return fit_method(estimator, *args, **kwargs)
/share/yangxizhong/env/anaconda/envs/deepconf/lib/python3.11/site-packages/sklearn/base.py:1365: ConvergenceWarning: Number of distinct clusters (1) found smaller than n_clusters (2). Possibly due to duplicate points in X.
  return fit_method(estimator, *args, **kwargs)
/share/yangxizhong/env/anaconda/envs/deepconf/lib/python3.11/site-packages/sklearn/base.py:1365: ConvergenceWarning: Number of distinct clusters (1) found smaller than n_clusters (2). Possibly due to duplicate points in X.
  return fit_method(estimator, *args, **kwargs)
/share/yangxizhong/env/anaconda/envs/deepconf/lib/python3.11/site-packages/sklearn/base.py:1365: ConvergenceWarning: Number of distinct clusters (1) found smaller than n_clusters (2). Possibly due to duplicate points in X.
  return fit_method(estimator, *args, **kwargs)
/share/yangxizhong/env/anaconda/envs/deepconf/lib/python3.11/site-packages/sklearn/base.py:1365: ConvergenceWarning: Number of distinct clusters (1) found smaller than n_clusters (2). Possibly due to duplicate points in X.
  return fit_method(estimator, *args, **kwargs)
/share/yangxizhong/env/anaconda/envs/deepconf/lib/python3.11/site-packages/sklearn/base.py:1365: ConvergenceWarning: Number of distinct clusters (1) found smaller than n_clusters (2). Possibly due to duplicate points in X.
  return fit_method(estimator, *args, **kwargs)
/share/yangxizhong/env/anaconda/envs/deepconf/lib/python3.11/site-packages/sklearn/base.py:1365: ConvergenceWarning: Number of distinct clusters (1) found smaller than n_clusters (2). Possibly due to duplicate points in X.
  return fit_method(estimator, *args, **kwargs)
/share/yangxizhong/env/anaconda/envs/deepconf/lib/python3.11/site-packages/sklearn/base.py:1365: ConvergenceWarning: Number of distinct clusters (1) found smaller than n_clusters (2). Possibly due to duplicate points in X.
  return fit_method(estimator, *args, **kwargs)
/share/yangxizhong/env/anaconda/envs/deepconf/lib/python3.11/site-packages/sklearn/base.py:1365: ConvergenceWarning: Number of distinct clusters (1) found smaller than n_clusters (2). Possibly due to duplicate points in X.
  return fit_method(estimator, *args, **kwargs)
/share/yangxizhong/env/anaconda/envs/deepconf/lib/python3.11/site-packages/sklearn/base.py:1365: ConvergenceWarning: Number of distinct clusters (1) found smaller than n_clusters (2). Possibly due to duplicate points in X.
  return fit_method(estimator, *args, **kwargs)
/share/yangxizhong/env/anaconda/envs/deepconf/lib/python3.11/site-packages/sklearn/base.py:1365: ConvergenceWarning: Number of distinct clusters (1) found smaller than n_clusters (2). Possibly due to duplicate points in X.
  return fit_method(estimator, *args, **kwargs)
/share/yangxizhong/env/anaconda/envs/deepconf/lib/python3.11/site-packages/sklearn/base.py:1365: ConvergenceWarning: Number of distinct clusters (1) found smaller than n_clusters (2). Possibly due to duplicate points in X.
  return fit_method(estimator, *args, **kwargs)
/share/yangxizhong/env/anaconda/envs/deepconf/lib/python3.11/site-packages/sklearn/base.py:1365: ConvergenceWarning: Number of distinct clusters (1) found smaller than n_clusters (2). Possibly due to duplicate points in X.
  return fit_method(estimator, *args, **kwargs)
/share/yangxizhong/env/anaconda/envs/deepconf/lib/python3.11/site-packages/sklearn/base.py:1365: ConvergenceWarning: Number of distinct clusters (1) found smaller than n_clusters (2). Possibly due to duplicate points in X.
  return fit_method(estimator, *args, **kwargs)
/share/yangxizhong/env/anaconda/envs/deepconf/lib/python3.11/site-packages/sklearn/base.py:1365: ConvergenceWarning: Number of distinct clusters (1) found smaller than n_clusters (2). Possibly due to duplicate points in X.
  return fit_method(estimator, *args, **kwargs)
/share/yangxizhong/env/anaconda/envs/deepconf/lib/python3.11/site-packages/sklearn/base.py:1365: ConvergenceWarning: Number of distinct clusters (1) found smaller than n_clusters (2). Possibly due to duplicate points in X.
  return fit_method(estimator, *args, **kwargs)
/share/yangxizhong/env/anaconda/envs/deepconf/lib/python3.11/site-packages/sklearn/base.py:1365: ConvergenceWarning: Number of distinct clusters (1) found smaller than n_clusters (2). Possibly due to duplicate points in X.
  return fit_method(estimator, *args, **kwargs)
/share/yangxizhong/env/anaconda/envs/deepconf/lib/python3.11/site-packages/sklearn/base.py:1365: ConvergenceWarning: Number of distinct clusters (1) found smaller than n_clusters (2). Possibly due to duplicate points in X.
  return fit_method(estimator, *args, **kwargs)
/share/yangxizhong/env/anaconda/envs/deepconf/lib/python3.11/site-packages/sklearn/base.py:1365: ConvergenceWarning: Number of distinct clusters (1) found smaller than n_clusters (2). Possibly due to duplicate points in X.
  return fit_method(estimator, *args, **kwargs)
/share/yangxizhong/env/anaconda/envs/deepconf/lib/python3.11/site-packages/sklearn/base.py:1365: ConvergenceWarning: Number of distinct clusters (1) found smaller than n_clusters (2). Possibly due to duplicate points in X.
  return fit_method(estimator, *args, **kwargs)
/share/yangxizhong/env/anaconda/envs/deepconf/lib/python3.11/site-packages/sklearn/base.py:1365: ConvergenceWarning: Number of distinct clusters (1) found smaller than n_clusters (2). Possibly due to duplicate points in X.
  return fit_method(estimator, *args, **kwargs)
/share/yangxizhong/env/anaconda/envs/deepconf/lib/python3.11/site-packages/sklearn/base.py:1365: ConvergenceWarning: Number of distinct clusters (1) found smaller than n_clusters (2). Possibly due to duplicate points in X.
  return fit_method(estimator, *args, **kwargs)
/share/yangxizhong/env/anaconda/envs/deepconf/lib/python3.11/site-packages/sklearn/base.py:1365: ConvergenceWarning: Number of distinct clusters (1) found smaller than n_clusters (2). Possibly due to duplicate points in X.
  return fit_method(estimator, *args, **kwargs)
/share/yangxizhong/env/anaconda/envs/deepconf/lib/python3.11/site-packages/sklearn/base.py:1365: ConvergenceWarning: Number of distinct clusters (1) found smaller than n_clusters (2). Possibly due to duplicate points in X.
  return fit_method(estimator, *args, **kwargs)
/share/yangxizhong/env/anaconda/envs/deepconf/lib/python3.11/site-packages/sklearn/base.py:1365: ConvergenceWarning: Number of distinct clusters (1) found smaller than n_clusters (2). Possibly due to duplicate points in X.
  return fit_method(estimator, *args, **kwargs)
/share/yangxizhong/env/anaconda/envs/deepconf/lib/python3.11/site-packages/sklearn/base.py:1365: ConvergenceWarning: Number of distinct clusters (1) found smaller than n_clusters (2). Possibly due to duplicate points in X.
  return fit_method(estimator, *args, **kwargs)
/share/yangxizhong/env/anaconda/envs/deepconf/lib/python3.11/site-packages/sklearn/base.py:1365: ConvergenceWarning: Number of distinct clusters (1) found smaller than n_clusters (2). Possibly due to duplicate points in X.
  return fit_method(estimator, *args, **kwargs)
/share/yangxizhong/env/anaconda/envs/deepconf/lib/python3.11/site-packages/sklearn/base.py:1365: ConvergenceWarning: Number of distinct clusters (1) found smaller than n_clusters (2). Possibly due to duplicate points in X.
  return fit_method(estimator, *args, **kwargs)
/share/yangxizhong/env/anaconda/envs/deepconf/lib/python3.11/site-packages/sklearn/base.py:1365: ConvergenceWarning: Number of distinct clusters (1) found smaller than n_clusters (2). Possibly due to duplicate points in X.
  return fit_method(estimator, *args, **kwargs)
/share/yangxizhong/env/anaconda/envs/deepconf/lib/python3.11/site-packages/sklearn/base.py:1365: ConvergenceWarning: Number of distinct clusters (1) found smaller than n_clusters (2). Possibly due to duplicate points in X.
  return fit_method(estimator, *args, **kwargs)
/share/yangxizhong/env/anaconda/envs/deepconf/lib/python3.11/site-packages/sklearn/base.py:1365: ConvergenceWarning: Number of distinct clusters (1) found smaller than n_clusters (2). Possibly due to duplicate points in X.
  return fit_method(estimator, *args, **kwargs)
/share/yangxizhong/env/anaconda/envs/deepconf/lib/python3.11/site-packages/sklearn/base.py:1365: ConvergenceWarning: Number of distinct clusters (1) found smaller than n_clusters (2). Possibly due to duplicate points in X.
  return fit_method(estimator, *args, **kwargs)
/share/yangxizhong/env/anaconda/envs/deepconf/lib/python3.11/site-packages/sklearn/base.py:1365: ConvergenceWarning: Number of distinct clusters (1) found smaller than n_clusters (2). Possibly due to duplicate points in X.
  return fit_method(estimator, *args, **kwargs)
/share/yangxizhong/env/anaconda/envs/deepconf/lib/python3.11/site-packages/sklearn/base.py:1365: ConvergenceWarning: Number of distinct clusters (1) found smaller than n_clusters (2). Possibly due to duplicate points in X.
  return fit_method(estimator, *args, **kwargs)
/share/yangxizhong/env/anaconda/envs/deepconf/lib/python3.11/site-packages/sklearn/base.py:1365: ConvergenceWarning: Number of distinct clusters (1) found smaller than n_clusters (2). Possibly due to duplicate points in X.
  return fit_method(estimator, *args, **kwargs)
/share/yangxizhong/env/anaconda/envs/deepconf/lib/python3.11/site-packages/sklearn/base.py:1365: ConvergenceWarning: Number of distinct clusters (1) found smaller than n_clusters (2). Possibly due to duplicate points in X.
  return fit_method(estimator, *args, **kwargs)
/share/yangxizhong/env/anaconda/envs/deepconf/lib/python3.11/site-packages/sklearn/base.py:1365: ConvergenceWarning: Number of distinct clusters (1) found smaller than n_clusters (2). Possibly due to duplicate points in X.
  return fit_method(estimator, *args, **kwargs)
/share/yangxizhong/env/anaconda/envs/deepconf/lib/python3.11/site-packages/sklearn/base.py:1365: ConvergenceWarning: Number of distinct clusters (1) found smaller than n_clusters (2). Possibly due to duplicate points in X.
  return fit_method(estimator, *args, **kwargs)
/share/yangxizhong/env/anaconda/envs/deepconf/lib/python3.11/site-packages/sklearn/base.py:1365: ConvergenceWarning: Number of distinct clusters (1) found smaller than n_clusters (2). Possibly due to duplicate points in X.
  return fit_method(estimator, *args, **kwargs)
/share/yangxizhong/env/anaconda/envs/deepconf/lib/python3.11/site-packages/sklearn/base.py:1365: ConvergenceWarning: Number of distinct clusters (1) found smaller than n_clusters (2). Possibly due to duplicate points in X.
  return fit_method(estimator, *args, **kwargs)
/share/yangxizhong/env/anaconda/envs/deepconf/lib/python3.11/site-packages/sklearn/base.py:1365: ConvergenceWarning: Number of distinct clusters (1) found smaller than n_clusters (2). Possibly due to duplicate points in X.
  return fit_method(estimator, *args, **kwargs)
/share/yangxizhong/env/anaconda/envs/deepconf/lib/python3.11/site-packages/sklearn/base.py:1365: ConvergenceWarning: Number of distinct clusters (1) found smaller than n_clusters (2). Possibly due to duplicate points in X.
  return fit_method(estimator, *args, **kwargs)
/share/yangxizhong/env/anaconda/envs/deepconf/lib/python3.11/site-packages/sklearn/base.py:1365: ConvergenceWarning: Number of distinct clusters (1) found smaller than n_clusters (2). Possibly due to duplicate points in X.
  return fit_method(estimator, *args, **kwargs)
/share/yangxizhong/env/anaconda/envs/deepconf/lib/python3.11/site-packages/sklearn/base.py:1365: ConvergenceWarning: Number of distinct clusters (1) found smaller than n_clusters (2). Possibly due to duplicate points in X.
  return fit_method(estimator, *args, **kwargs)
/share/yangxizhong/env/anaconda/envs/deepconf/lib/python3.11/site-packages/sklearn/base.py:1365: ConvergenceWarning: Number of distinct clusters (1) found smaller than n_clusters (2). Possibly due to duplicate points in X.
  return fit_method(estimator, *args, **kwargs)
/share/yangxizhong/env/anaconda/envs/deepconf/lib/python3.11/site-packages/sklearn/base.py:1365: ConvergenceWarning: Number of distinct clusters (1) found smaller than n_clusters (2). Possibly due to duplicate points in X.
  return fit_method(estimator, *args, **kwargs)
/share/yangxizhong/env/anaconda/envs/deepconf/lib/python3.11/site-packages/sklearn/base.py:1365: ConvergenceWarning: Number of distinct clusters (1) found smaller than n_clusters (2). Possibly due to duplicate points in X.
  return fit_method(estimator, *args, **kwargs)
/share/yangxizhong/env/anaconda/envs/deepconf/lib/python3.11/site-packages/sklearn/base.py:1365: ConvergenceWarning: Number of distinct clusters (1) found smaller than n_clusters (2). Possibly due to duplicate points in X.
  return fit_method(estimator, *args, **kwargs)
/share/yangxizhong/env/anaconda/envs/deepconf/lib/python3.11/site-packages/sklearn/base.py:1365: ConvergenceWarning: Number of distinct clusters (1) found smaller than n_clusters (2). Possibly due to duplicate points in X.
  return fit_method(estimator, *args, **kwargs)
/share/yangxizhong/env/anaconda/envs/deepconf/lib/python3.11/site-packages/sklearn/base.py:1365: ConvergenceWarning: Number of distinct clusters (1) found smaller than n_clusters (2). Possibly due to duplicate points in X.
  return fit_method(estimator, *args, **kwargs)
/share/yangxizhong/env/anaconda/envs/deepconf/lib/python3.11/site-packages/sklearn/base.py:1365: ConvergenceWarning: Number of distinct clusters (1) found smaller than n_clusters (2). Possibly due to duplicate points in X.
  return fit_method(estimator, *args, **kwargs)
/share/yangxizhong/env/anaconda/envs/deepconf/lib/python3.11/site-packages/sklearn/base.py:1365: ConvergenceWarning: Number of distinct clusters (1) found smaller than n_clusters (2). Possibly due to duplicate points in X.
  return fit_method(estimator, *args, **kwargs)
/share/yangxizhong/env/anaconda/envs/deepconf/lib/python3.11/site-packages/sklearn/base.py:1365: ConvergenceWarning: Number of distinct clusters (1) found smaller than n_clusters (2). Possibly due to duplicate points in X.
  return fit_method(estimator, *args, **kwargs)
/share/yangxizhong/env/anaconda/envs/deepconf/lib/python3.11/site-packages/sklearn/base.py:1365: ConvergenceWarning: Number of distinct clusters (1) found smaller than n_clusters (2). Possibly due to duplicate points in X.
  return fit_method(estimator, *args, **kwargs)
/share/yangxizhong/env/anaconda/envs/deepconf/lib/python3.11/site-packages/sklearn/base.py:1365: ConvergenceWarning: Number of distinct clusters (1) found smaller than n_clusters (2). Possibly due to duplicate points in X.
  return fit_method(estimator, *args, **kwargs)
/share/yangxizhong/env/anaconda/envs/deepconf/lib/python3.11/site-packages/sklearn/base.py:1365: ConvergenceWarning: Number of distinct clusters (1) found smaller than n_clusters (2). Possibly due to duplicate points in X.
  return fit_method(estimator, *args, **kwargs)
/share/yangxizhong/env/anaconda/envs/deepconf/lib/python3.11/site-packages/sklearn/base.py:1365: ConvergenceWarning: Number of distinct clusters (1) found smaller than n_clusters (2). Possibly due to duplicate points in X.
  return fit_method(estimator, *args, **kwargs)
/share/yangxizhong/env/anaconda/envs/deepconf/lib/python3.11/site-packages/sklearn/base.py:1365: ConvergenceWarning: Number of distinct clusters (1) found smaller than n_clusters (2). Possibly due to duplicate points in X.
  return fit_method(estimator, *args, **kwargs)
/share/yangxizhong/env/anaconda/envs/deepconf/lib/python3.11/site-packages/sklearn/base.py:1365: ConvergenceWarning: Number of distinct clusters (1) found smaller than n_clusters (2). Possibly due to duplicate points in X.
  return fit_method(estimator, *args, **kwargs)
/share/yangxizhong/env/anaconda/envs/deepconf/lib/python3.11/site-packages/sklearn/base.py:1365: ConvergenceWarning: Number of distinct clusters (1) found smaller than n_clusters (2). Possibly due to duplicate points in X.
  return fit_method(estimator, *args, **kwargs)
/share/yangxizhong/env/anaconda/envs/deepconf/lib/python3.11/site-packages/sklearn/base.py:1365: ConvergenceWarning: Number of distinct clusters (1) found smaller than n_clusters (2). Possibly due to duplicate points in X.
  return fit_method(estimator, *args, **kwargs)
/share/yangxizhong/env/anaconda/envs/deepconf/lib/python3.11/site-packages/sklearn/base.py:1365: ConvergenceWarning: Number of distinct clusters (1) found smaller than n_clusters (2). Possibly due to duplicate points in X.
  return fit_method(estimator, *args, **kwargs)
/share/yangxizhong/env/anaconda/envs/deepconf/lib/python3.11/site-packages/sklearn/base.py:1365: ConvergenceWarning: Number of distinct clusters (1) found smaller than n_clusters (2). Possibly due to duplicate points in X.
  return fit_method(estimator, *args, **kwargs)
/share/yangxizhong/env/anaconda/envs/deepconf/lib/python3.11/site-packages/sklearn/base.py:1365: ConvergenceWarning: Number of distinct clusters (1) found smaller than n_clusters (2). Possibly due to duplicate points in X.
  return fit_method(estimator, *args, **kwargs)
/share/yangxizhong/env/anaconda/envs/deepconf/lib/python3.11/site-packages/sklearn/base.py:1365: ConvergenceWarning: Number of distinct clusters (1) found smaller than n_clusters (2). Possibly due to duplicate points in X.
  return fit_method(estimator, *args, **kwargs)
/share/yangxizhong/env/anaconda/envs/deepconf/lib/python3.11/site-packages/sklearn/base.py:1365: ConvergenceWarning: Number of distinct clusters (1) found smaller than n_clusters (2). Possibly due to duplicate points in X.
  return fit_method(estimator, *args, **kwargs)
/share/yangxizhong/env/anaconda/envs/deepconf/lib/python3.11/site-packages/sklearn/base.py:1365: ConvergenceWarning: Number of distinct clusters (1) found smaller than n_clusters (2). Possibly due to duplicate points in X.
  return fit_method(estimator, *args, **kwargs)
/share/yangxizhong/env/anaconda/envs/deepconf/lib/python3.11/site-packages/sklearn/base.py:1365: ConvergenceWarning: Number of distinct clusters (1) found smaller than n_clusters (2). Possibly due to duplicate points in X.
  return fit_method(estimator, *args, **kwargs)
/share/yangxizhong/env/anaconda/envs/deepconf/lib/python3.11/site-packages/sklearn/base.py:1365: ConvergenceWarning: Number of distinct clusters (1) found smaller than n_clusters (2). Possibly due to duplicate points in X.
  return fit_method(estimator, *args, **kwargs)
/share/yangxizhong/env/anaconda/envs/deepconf/lib/python3.11/site-packages/sklearn/base.py:1365: ConvergenceWarning: Number of distinct clusters (1) found smaller than n_clusters (2). Possibly due to duplicate points in X.
  return fit_method(estimator, *args, **kwargs)
/share/yangxizhong/env/anaconda/envs/deepconf/lib/python3.11/site-packages/sklearn/base.py:1365: ConvergenceWarning: Number of distinct clusters (1) found smaller than n_clusters (2). Possibly due to duplicate points in X.
  return fit_method(estimator, *args, **kwargs)
/share/yangxizhong/env/anaconda/envs/deepconf/lib/python3.11/site-packages/sklearn/base.py:1365: ConvergenceWarning: Number of distinct clusters (1) found smaller than n_clusters (2). Possibly due to duplicate points in X.
  return fit_method(estimator, *args, **kwargs)
/share/yangxizhong/env/anaconda/envs/deepconf/lib/python3.11/site-packages/sklearn/base.py:1365: ConvergenceWarning: Number of distinct clusters (1) found smaller than n_clusters (2). Possibly due to duplicate points in X.
  return fit_method(estimator, *args, **kwargs)
/share/yangxizhong/env/anaconda/envs/deepconf/lib/python3.11/site-packages/sklearn/base.py:1365: ConvergenceWarning: Number of distinct clusters (1) found smaller than n_clusters (2). Possibly due to duplicate points in X.
  return fit_method(estimator, *args, **kwargs)
/share/yangxizhong/env/anaconda/envs/deepconf/lib/python3.11/site-packages/sklearn/base.py:1365: ConvergenceWarning: Number of distinct clusters (1) found smaller than n_clusters (2). Possibly due to duplicate points in X.
  return fit_method(estimator, *args, **kwargs)
/share/yangxizhong/env/anaconda/envs/deepconf/lib/python3.11/site-packages/sklearn/base.py:1365: ConvergenceWarning: Number of distinct clusters (1) found smaller than n_clusters (2). Possibly due to duplicate points in X.
  return fit_method(estimator, *args, **kwargs)
/share/yangxizhong/env/anaconda/envs/deepconf/lib/python3.11/site-packages/sklearn/base.py:1365: ConvergenceWarning: Number of distinct clusters (1) found smaller than n_clusters (2). Possibly due to duplicate points in X.
  return fit_method(estimator, *args, **kwargs)
/share/yangxizhong/env/anaconda/envs/deepconf/lib/python3.11/site-packages/sklearn/base.py:1365: ConvergenceWarning: Number of distinct clusters (1) found smaller than n_clusters (2). Possibly due to duplicate points in X.
  return fit_method(estimator, *args, **kwargs)
/share/yangxizhong/env/anaconda/envs/deepconf/lib/python3.11/site-packages/sklearn/base.py:1365: ConvergenceWarning: Number of distinct clusters (1) found smaller than n_clusters (2). Possibly due to duplicate points in X.
  return fit_method(estimator, *args, **kwargs)
/share/yangxizhong/env/anaconda/envs/deepconf/lib/python3.11/site-packages/sklearn/base.py:1365: ConvergenceWarning: Number of distinct clusters (1) found smaller than n_clusters (2). Possibly due to duplicate points in X.
  return fit_method(estimator, *args, **kwargs)
/share/yangxizhong/env/anaconda/envs/deepconf/lib/python3.11/site-packages/sklearn/base.py:1365: ConvergenceWarning: Number of distinct clusters (1) found smaller than n_clusters (2). Possibly due to duplicate points in X.
  return fit_method(estimator, *args, **kwargs)
/share/yangxizhong/env/anaconda/envs/deepconf/lib/python3.11/site-packages/sklearn/base.py:1365: ConvergenceWarning: Number of distinct clusters (1) found smaller than n_clusters (2). Possibly due to duplicate points in X.
  return fit_method(estimator, *args, **kwargs)
/share/yangxizhong/env/anaconda/envs/deepconf/lib/python3.11/site-packages/sklearn/base.py:1365: ConvergenceWarning: Number of distinct clusters (1) found smaller than n_clusters (2). Possibly due to duplicate points in X.
  return fit_method(estimator, *args, **kwargs)
/share/yangxizhong/env/anaconda/envs/deepconf/lib/python3.11/site-packages/sklearn/base.py:1365: ConvergenceWarning: Number of distinct clusters (1) found smaller than n_clusters (2). Possibly due to duplicate points in X.
  return fit_method(estimator, *args, **kwargs)
/share/yangxizhong/env/anaconda/envs/deepconf/lib/python3.11/site-packages/sklearn/base.py:1365: ConvergenceWarning: Number of distinct clusters (1) found smaller than n_clusters (2). Possibly due to duplicate points in X.
  return fit_method(estimator, *args, **kwargs)
/share/yangxizhong/env/anaconda/envs/deepconf/lib/python3.11/site-packages/sklearn/base.py:1365: ConvergenceWarning: Number of distinct clusters (1) found smaller than n_clusters (2). Possibly due to duplicate points in X.
  return fit_method(estimator, *args, **kwargs)
/share/yangxizhong/env/anaconda/envs/deepconf/lib/python3.11/site-packages/sklearn/base.py:1365: ConvergenceWarning: Number of distinct clusters (1) found smaller than n_clusters (2). Possibly due to duplicate points in X.
  return fit_method(estimator, *args, **kwargs)
/share/yangxizhong/env/anaconda/envs/deepconf/lib/python3.11/site-packages/sklearn/base.py:1365: ConvergenceWarning: Number of distinct clusters (1) found smaller than n_clusters (2). Possibly due to duplicate points in X.
  return fit_method(estimator, *args, **kwargs)
/share/yangxizhong/env/anaconda/envs/deepconf/lib/python3.11/site-packages/sklearn/base.py:1365: ConvergenceWarning: Number of distinct clusters (1) found smaller than n_clusters (2). Possibly due to duplicate points in X.
  return fit_method(estimator, *args, **kwargs)
/share/yangxizhong/env/anaconda/envs/deepconf/lib/python3.11/site-packages/sklearn/base.py:1365: ConvergenceWarning: Number of distinct clusters (1) found smaller than n_clusters (2). Possibly due to duplicate points in X.
  return fit_method(estimator, *args, **kwargs)
/share/yangxizhong/env/anaconda/envs/deepconf/lib/python3.11/site-packages/sklearn/base.py:1365: ConvergenceWarning: Number of distinct clusters (1) found smaller than n_clusters (2). Possibly due to duplicate points in X.
  return fit_method(estimator, *args, **kwargs)
/share/yangxizhong/env/anaconda/envs/deepconf/lib/python3.11/site-packages/sklearn/base.py:1365: ConvergenceWarning: Number of distinct clusters (1) found smaller than n_clusters (2). Possibly due to duplicate points in X.
  return fit_method(estimator, *args, **kwargs)
/share/yangxizhong/env/anaconda/envs/deepconf/lib/python3.11/site-packages/sklearn/base.py:1365: ConvergenceWarning: Number of distinct clusters (1) found smaller than n_clusters (2). Possibly due to duplicate points in X.
  return fit_method(estimator, *args, **kwargs)
/share/yangxizhong/env/anaconda/envs/deepconf/lib/python3.11/site-packages/sklearn/base.py:1365: ConvergenceWarning: Number of distinct clusters (1) found smaller than n_clusters (2). Possibly due to duplicate points in X.
  return fit_method(estimator, *args, **kwargs)
/share/yangxizhong/env/anaconda/envs/deepconf/lib/python3.11/site-packages/sklearn/base.py:1365: ConvergenceWarning: Number of distinct clusters (1) found smaller than n_clusters (2). Possibly due to duplicate points in X.
  return fit_method(estimator, *args, **kwargs)
/share/yangxizhong/env/anaconda/envs/deepconf/lib/python3.11/site-packages/sklearn/base.py:1365: ConvergenceWarning: Number of distinct clusters (1) found smaller than n_clusters (2). Possibly due to duplicate points in X.
  return fit_method(estimator, *args, **kwargs)
/share/yangxizhong/env/anaconda/envs/deepconf/lib/python3.11/site-packages/sklearn/base.py:1365: ConvergenceWarning: Number of distinct clusters (1) found smaller than n_clusters (2). Possibly due to duplicate points in X.
  return fit_method(estimator, *args, **kwargs)
/share/yangxizhong/env/anaconda/envs/deepconf/lib/python3.11/site-packages/sklearn/base.py:1365: ConvergenceWarning: Number of distinct clusters (1) found smaller than n_clusters (2). Possibly due to duplicate points in X.
  return fit_method(estimator, *args, **kwargs)
/share/yangxizhong/env/anaconda/envs/deepconf/lib/python3.11/site-packages/sklearn/base.py:1365: ConvergenceWarning: Number of distinct clusters (1) found smaller than n_clusters (2). Possibly due to duplicate points in X.
  return fit_method(estimator, *args, **kwargs)
/share/yangxizhong/env/anaconda/envs/deepconf/lib/python3.11/site-packages/sklearn/base.py:1365: ConvergenceWarning: Number of distinct clusters (1) found smaller than n_clusters (2). Possibly due to duplicate points in X.
  return fit_method(estimator, *args, **kwargs)
/share/yangxizhong/env/anaconda/envs/deepconf/lib/python3.11/site-packages/sklearn/base.py:1365: ConvergenceWarning: Number of distinct clusters (1) found smaller than n_clusters (2). Possibly due to duplicate points in X.
  return fit_method(estimator, *args, **kwargs)
/share/yangxizhong/env/anaconda/envs/deepconf/lib/python3.11/site-packages/sklearn/base.py:1365: ConvergenceWarning: Number of distinct clusters (1) found smaller than n_clusters (2). Possibly due to duplicate points in X.
  return fit_method(estimator, *args, **kwargs)
/share/yangxizhong/env/anaconda/envs/deepconf/lib/python3.11/site-packages/sklearn/base.py:1365: ConvergenceWarning: Number of distinct clusters (1) found smaller than n_clusters (2). Possibly due to duplicate points in X.
  return fit_method(estimator, *args, **kwargs)
/share/yangxizhong/env/anaconda/envs/deepconf/lib/python3.11/site-packages/sklearn/base.py:1365: ConvergenceWarning: Number of distinct clusters (1) found smaller than n_clusters (2). Possibly due to duplicate points in X.
  return fit_method(estimator, *args, **kwargs)
/share/yangxizhong/env/anaconda/envs/deepconf/lib/python3.11/site-packages/sklearn/base.py:1365: ConvergenceWarning: Number of distinct clusters (1) found smaller than n_clusters (2). Possibly due to duplicate points in X.
  return fit_method(estimator, *args, **kwargs)
/share/yangxizhong/env/anaconda/envs/deepconf/lib/python3.11/site-packages/sklearn/base.py:1365: ConvergenceWarning: Number of distinct clusters (1) found smaller than n_clusters (2). Possibly due to duplicate points in X.
  return fit_method(estimator, *args, **kwargs)
/share/yangxizhong/env/anaconda/envs/deepconf/lib/python3.11/site-packages/sklearn/base.py:1365: ConvergenceWarning: Number of distinct clusters (1) found smaller than n_clusters (2). Possibly due to duplicate points in X.
  return fit_method(estimator, *args, **kwargs)
/share/yangxizhong/env/anaconda/envs/deepconf/lib/python3.11/site-packages/sklearn/base.py:1365: ConvergenceWarning: Number of distinct clusters (1) found smaller than n_clusters (2). Possibly due to duplicate points in X.
  return fit_method(estimator, *args, **kwargs)
/share/yangxizhong/env/anaconda/envs/deepconf/lib/python3.11/site-packages/sklearn/base.py:1365: ConvergenceWarning: Number of distinct clusters (1) found smaller than n_clusters (2). Possibly due to duplicate points in X.
  return fit_method(estimator, *args, **kwargs)
/share/yangxizhong/env/anaconda/envs/deepconf/lib/python3.11/site-packages/sklearn/base.py:1365: ConvergenceWarning: Number of distinct clusters (1) found smaller than n_clusters (2). Possibly due to duplicate points in X.
  return fit_method(estimator, *args, **kwargs)
/share/yangxizhong/env/anaconda/envs/deepconf/lib/python3.11/site-packages/sklearn/base.py:1365: ConvergenceWarning: Number of distinct clusters (1) found smaller than n_clusters (2). Possibly due to duplicate points in X.
  return fit_method(estimator, *args, **kwargs)
/share/yangxizhong/env/anaconda/envs/deepconf/lib/python3.11/site-packages/sklearn/base.py:1365: ConvergenceWarning: Number of distinct clusters (1) found smaller than n_clusters (2). Possibly due to duplicate points in X.
  return fit_method(estimator, *args, **kwargs)
/share/yangxizhong/env/anaconda/envs/deepconf/lib/python3.11/site-packages/sklearn/base.py:1365: ConvergenceWarning: Number of distinct clusters (1) found smaller than n_clusters (2). Possibly due to duplicate points in X.
  return fit_method(estimator, *args, **kwargs)
/share/yangxizhong/env/anaconda/envs/deepconf/lib/python3.11/site-packages/sklearn/base.py:1365: ConvergenceWarning: Number of distinct clusters (1) found smaller than n_clusters (2). Possibly due to duplicate points in X.
  return fit_method(estimator, *args, **kwargs)
/share/yangxizhong/env/anaconda/envs/deepconf/lib/python3.11/site-packages/sklearn/base.py:1365: ConvergenceWarning: Number of distinct clusters (1) found smaller than n_clusters (2). Possibly due to duplicate points in X.
  return fit_method(estimator, *args, **kwargs)
/share/yangxizhong/env/anaconda/envs/deepconf/lib/python3.11/site-packages/sklearn/base.py:1365: ConvergenceWarning: Number of distinct clusters (1) found smaller than n_clusters (2). Possibly due to duplicate points in X.
  return fit_method(estimator, *args, **kwargs)
/share/yangxizhong/env/anaconda/envs/deepconf/lib/python3.11/site-packages/sklearn/base.py:1365: ConvergenceWarning: Number of distinct clusters (1) found smaller than n_clusters (2). Possibly due to duplicate points in X.
  return fit_method(estimator, *args, **kwargs)
/share/yangxizhong/env/anaconda/envs/deepconf/lib/python3.11/site-packages/sklearn/base.py:1365: ConvergenceWarning: Number of distinct clusters (1) found smaller than n_clusters (2). Possibly due to duplicate points in X.
  return fit_method(estimator, *args, **kwargs)
/share/yangxizhong/env/anaconda/envs/deepconf/lib/python3.11/site-packages/sklearn/base.py:1365: ConvergenceWarning: Number of distinct clusters (1) found smaller than n_clusters (2). Possibly due to duplicate points in X.
  return fit_method(estimator, *args, **kwargs)
/share/yangxizhong/env/anaconda/envs/deepconf/lib/python3.11/site-packages/sklearn/base.py:1365: ConvergenceWarning: Number of distinct clusters (1) found smaller than n_clusters (2). Possibly due to duplicate points in X.
  return fit_method(estimator, *args, **kwargs)
/share/yangxizhong/env/anaconda/envs/deepconf/lib/python3.11/site-packages/sklearn/base.py:1365: ConvergenceWarning: Number of distinct clusters (1) found smaller than n_clusters (2). Possibly due to duplicate points in X.
  return fit_method(estimator, *args, **kwargs)
/share/yangxizhong/env/anaconda/envs/deepconf/lib/python3.11/site-packages/sklearn/base.py:1365: ConvergenceWarning: Number of distinct clusters (1) found smaller than n_clusters (2). Possibly due to duplicate points in X.
  return fit_method(estimator, *args, **kwargs)
/share/yangxizhong/env/anaconda/envs/deepconf/lib/python3.11/site-packages/sklearn/base.py:1365: ConvergenceWarning: Number of distinct clusters (1) found smaller than n_clusters (2). Possibly due to duplicate points in X.
  return fit_method(estimator, *args, **kwargs)
/share/yangxizhong/env/anaconda/envs/deepconf/lib/python3.11/site-packages/sklearn/base.py:1365: ConvergenceWarning: Number of distinct clusters (1) found smaller than n_clusters (2). Possibly due to duplicate points in X.
  return fit_method(estimator, *args, **kwargs)
/share/yangxizhong/env/anaconda/envs/deepconf/lib/python3.11/site-packages/sklearn/base.py:1365: ConvergenceWarning: Number of distinct clusters (1) found smaller than n_clusters (2). Possibly due to duplicate points in X.
  return fit_method(estimator, *args, **kwargs)
/share/yangxizhong/env/anaconda/envs/deepconf/lib/python3.11/site-packages/sklearn/base.py:1365: ConvergenceWarning: Number of distinct clusters (1) found smaller than n_clusters (2). Possibly due to duplicate points in X.
  return fit_method(estimator, *args, **kwargs)
/share/yangxizhong/env/anaconda/envs/deepconf/lib/python3.11/site-packages/sklearn/base.py:1365: ConvergenceWarning: Number of distinct clusters (1) found smaller than n_clusters (2). Possibly due to duplicate points in X.
  return fit_method(estimator, *args, **kwargs)
/share/yangxizhong/env/anaconda/envs/deepconf/lib/python3.11/site-packages/sklearn/base.py:1365: ConvergenceWarning: Number of distinct clusters (1) found smaller than n_clusters (2). Possibly due to duplicate points in X.
  return fit_method(estimator, *args, **kwargs)
/share/yangxizhong/env/anaconda/envs/deepconf/lib/python3.11/site-packages/sklearn/base.py:1365: ConvergenceWarning: Number of distinct clusters (1) found smaller than n_clusters (2). Possibly due to duplicate points in X.
  return fit_method(estimator, *args, **kwargs)
/share/yangxizhong/env/anaconda/envs/deepconf/lib/python3.11/site-packages/sklearn/base.py:1365: ConvergenceWarning: Number of distinct clusters (1) found smaller than n_clusters (2). Possibly due to duplicate points in X.
  return fit_method(estimator, *args, **kwargs)
/share/yangxizhong/env/anaconda/envs/deepconf/lib/python3.11/site-packages/sklearn/base.py:1365: ConvergenceWarning: Number of distinct clusters (1) found smaller than n_clusters (2). Possibly due to duplicate points in X.
  return fit_method(estimator, *args, **kwargs)
/share/yangxizhong/env/anaconda/envs/deepconf/lib/python3.11/site-packages/sklearn/base.py:1365: ConvergenceWarning: Number of distinct clusters (1) found smaller than n_clusters (2). Possibly due to duplicate points in X.
  return fit_method(estimator, *args, **kwargs)
/share/yangxizhong/env/anaconda/envs/deepconf/lib/python3.11/site-packages/sklearn/base.py:1365: ConvergenceWarning: Number of distinct clusters (1) found smaller than n_clusters (2). Possibly due to duplicate points in X.
  return fit_method(estimator, *args, **kwargs)
/share/yangxizhong/env/anaconda/envs/deepconf/lib/python3.11/site-packages/sklearn/base.py:1365: ConvergenceWarning: Number of distinct clusters (1) found smaller than n_clusters (2). Possibly due to duplicate points in X.
  return fit_method(estimator, *args, **kwargs)
/share/yangxizhong/env/anaconda/envs/deepconf/lib/python3.11/site-packages/sklearn/base.py:1365: ConvergenceWarning: Number of distinct clusters (1) found smaller than n_clusters (2). Possibly due to duplicate points in X.
  return fit_method(estimator, *args, **kwargs)
/share/yangxizhong/env/anaconda/envs/deepconf/lib/python3.11/site-packages/sklearn/base.py:1365: ConvergenceWarning: Number of distinct clusters (1) found smaller than n_clusters (2). Possibly due to duplicate points in X.
  return fit_method(estimator, *args, **kwargs)
/share/yangxizhong/env/anaconda/envs/deepconf/lib/python3.11/site-packages/sklearn/base.py:1365: ConvergenceWarning: Number of distinct clusters (1) found smaller than n_clusters (2). Possibly due to duplicate points in X.
  return fit_method(estimator, *args, **kwargs)
/share/yangxizhong/env/anaconda/envs/deepconf/lib/python3.11/site-packages/sklearn/base.py:1365: ConvergenceWarning: Number of distinct clusters (1) found smaller than n_clusters (2). Possibly due to duplicate points in X.
  return fit_method(estimator, *args, **kwargs)
/share/yangxizhong/env/anaconda/envs/deepconf/lib/python3.11/site-packages/sklearn/base.py:1365: ConvergenceWarning: Number of distinct clusters (1) found smaller than n_clusters (2). Possibly due to duplicate points in X.
  return fit_method(estimator, *args, **kwargs)
/share/yangxizhong/env/anaconda/envs/deepconf/lib/python3.11/site-packages/sklearn/base.py:1365: ConvergenceWarning: Number of distinct clusters (1) found smaller than n_clusters (2). Possibly due to duplicate points in X.
  return fit_method(estimator, *args, **kwargs)
/share/yangxizhong/env/anaconda/envs/deepconf/lib/python3.11/site-packages/sklearn/base.py:1365: ConvergenceWarning: Number of distinct clusters (1) found smaller than n_clusters (2). Possibly due to duplicate points in X.
  return fit_method(estimator, *args, **kwargs)
/share/yangxizhong/env/anaconda/envs/deepconf/lib/python3.11/site-packages/sklearn/base.py:1365: ConvergenceWarning: Number of distinct clusters (1) found smaller than n_clusters (2). Possibly due to duplicate points in X.
  return fit_method(estimator, *args, **kwargs)
/share/yangxizhong/env/anaconda/envs/deepconf/lib/python3.11/site-packages/sklearn/base.py:1365: ConvergenceWarning: Number of distinct clusters (1) found smaller than n_clusters (2). Possibly due to duplicate points in X.
  return fit_method(estimator, *args, **kwargs)
/share/yangxizhong/env/anaconda/envs/deepconf/lib/python3.11/site-packages/sklearn/base.py:1365: ConvergenceWarning: Number of distinct clusters (1) found smaller than n_clusters (2). Possibly due to duplicate points in X.
  return fit_method(estimator, *args, **kwargs)
/share/yangxizhong/env/anaconda/envs/deepconf/lib/python3.11/site-packages/sklearn/base.py:1365: ConvergenceWarning: Number of distinct clusters (1) found smaller than n_clusters (2). Possibly due to duplicate points in X.
  return fit_method(estimator, *args, **kwargs)
/share/yangxizhong/env/anaconda/envs/deepconf/lib/python3.11/site-packages/sklearn/base.py:1365: ConvergenceWarning: Number of distinct clusters (1) found smaller than n_clusters (2). Possibly due to duplicate points in X.
  return fit_method(estimator, *args, **kwargs)
/share/yangxizhong/env/anaconda/envs/deepconf/lib/python3.11/site-packages/sklearn/base.py:1365: ConvergenceWarning: Number of distinct clusters (1) found smaller than n_clusters (2). Possibly due to duplicate points in X.
  return fit_method(estimator, *args, **kwargs)
/share/yangxizhong/env/anaconda/envs/deepconf/lib/python3.11/site-packages/sklearn/base.py:1365: ConvergenceWarning: Number of distinct clusters (1) found smaller than n_clusters (2). Possibly due to duplicate points in X.
  return fit_method(estimator, *args, **kwargs)
/share/yangxizhong/env/anaconda/envs/deepconf/lib/python3.11/site-packages/sklearn/base.py:1365: ConvergenceWarning: Number of distinct clusters (1) found smaller than n_clusters (2). Possibly due to duplicate points in X.
  return fit_method(estimator, *args, **kwargs)
/share/yangxizhong/env/anaconda/envs/deepconf/lib/python3.11/site-packages/sklearn/base.py:1365: ConvergenceWarning: Number of distinct clusters (1) found smaller than n_clusters (2). Possibly due to duplicate points in X.
  return fit_method(estimator, *args, **kwargs)
/share/yangxizhong/env/anaconda/envs/deepconf/lib/python3.11/site-packages/sklearn/base.py:1365: ConvergenceWarning: Number of distinct clusters (1) found smaller than n_clusters (2). Possibly due to duplicate points in X.
  return fit_method(estimator, *args, **kwargs)
/share/yangxizhong/env/anaconda/envs/deepconf/lib/python3.11/site-packages/sklearn/base.py:1365: ConvergenceWarning: Number of distinct clusters (1) found smaller than n_clusters (2). Possibly due to duplicate points in X.
  return fit_method(estimator, *args, **kwargs)
/share/yangxizhong/env/anaconda/envs/deepconf/lib/python3.11/site-packages/sklearn/base.py:1365: ConvergenceWarning: Number of distinct clusters (1) found smaller than n_clusters (2). Possibly due to duplicate points in X.
  return fit_method(estimator, *args, **kwargs)
/share/yangxizhong/env/anaconda/envs/deepconf/lib/python3.11/site-packages/sklearn/base.py:1365: ConvergenceWarning: Number of distinct clusters (1) found smaller than n_clusters (2). Possibly due to duplicate points in X.
  return fit_method(estimator, *args, **kwargs)
/share/yangxizhong/env/anaconda/envs/deepconf/lib/python3.11/site-packages/sklearn/base.py:1365: ConvergenceWarning: Number of distinct clusters (1) found smaller than n_clusters (2). Possibly due to duplicate points in X.
  return fit_method(estimator, *args, **kwargs)
/share/yangxizhong/env/anaconda/envs/deepconf/lib/python3.11/site-packages/sklearn/base.py:1365: ConvergenceWarning: Number of distinct clusters (1) found smaller than n_clusters (2). Possibly due to duplicate points in X.
  return fit_method(estimator, *args, **kwargs)
/share/yangxizhong/env/anaconda/envs/deepconf/lib/python3.11/site-packages/sklearn/base.py:1365: ConvergenceWarning: Number of distinct clusters (1) found smaller than n_clusters (2). Possibly due to duplicate points in X.
  return fit_method(estimator, *args, **kwargs)
/share/yangxizhong/env/anaconda/envs/deepconf/lib/python3.11/site-packages/sklearn/base.py:1365: ConvergenceWarning: Number of distinct clusters (1) found smaller than n_clusters (2). Possibly due to duplicate points in X.
  return fit_method(estimator, *args, **kwargs)
/share/yangxizhong/env/anaconda/envs/deepconf/lib/python3.11/site-packages/sklearn/base.py:1365: ConvergenceWarning: Number of distinct clusters (1) found smaller than n_clusters (2). Possibly due to duplicate points in X.
  return fit_method(estimator, *args, **kwargs)
/share/yangxizhong/env/anaconda/envs/deepconf/lib/python3.11/site-packages/sklearn/base.py:1365: ConvergenceWarning: Number of distinct clusters (1) found smaller than n_clusters (2). Possibly due to duplicate points in X.
  return fit_method(estimator, *args, **kwargs)
/share/yangxizhong/env/anaconda/envs/deepconf/lib/python3.11/site-packages/sklearn/base.py:1365: ConvergenceWarning: Number of distinct clusters (1) found smaller than n_clusters (2). Possibly due to duplicate points in X.
  return fit_method(estimator, *args, **kwargs)
/share/yangxizhong/env/anaconda/envs/deepconf/lib/python3.11/site-packages/sklearn/base.py:1365: ConvergenceWarning: Number of distinct clusters (1) found smaller than n_clusters (2). Possibly due to duplicate points in X.
  return fit_method(estimator, *args, **kwargs)
/share/yangxizhong/env/anaconda/envs/deepconf/lib/python3.11/site-packages/sklearn/base.py:1365: ConvergenceWarning: Number of distinct clusters (1) found smaller than n_clusters (2). Possibly due to duplicate points in X.
  return fit_method(estimator, *args, **kwargs)
/share/yangxizhong/env/anaconda/envs/deepconf/lib/python3.11/site-packages/sklearn/base.py:1365: ConvergenceWarning: Number of distinct clusters (1) found smaller than n_clusters (2). Possibly due to duplicate points in X.
  return fit_method(estimator, *args, **kwargs)
/share/yangxizhong/env/anaconda/envs/deepconf/lib/python3.11/site-packages/sklearn/base.py:1365: ConvergenceWarning: Number of distinct clusters (1) found smaller than n_clusters (2). Possibly due to duplicate points in X.
  return fit_method(estimator, *args, **kwargs)
/share/yangxizhong/env/anaconda/envs/deepconf/lib/python3.11/site-packages/sklearn/base.py:1365: ConvergenceWarning: Number of distinct clusters (1) found smaller than n_clusters (2). Possibly due to duplicate points in X.
  return fit_method(estimator, *args, **kwargs)
/share/yangxizhong/env/anaconda/envs/deepconf/lib/python3.11/site-packages/sklearn/base.py:1365: ConvergenceWarning: Number of distinct clusters (1) found smaller than n_clusters (2). Possibly due to duplicate points in X.
  return fit_method(estimator, *args, **kwargs)
/share/yangxizhong/env/anaconda/envs/deepconf/lib/python3.11/site-packages/sklearn/base.py:1365: ConvergenceWarning: Number of distinct clusters (1) found smaller than n_clusters (2). Possibly due to duplicate points in X.
  return fit_method(estimator, *args, **kwargs)
/share/yangxizhong/env/anaconda/envs/deepconf/lib/python3.11/site-packages/sklearn/base.py:1365: ConvergenceWarning: Number of distinct clusters (1) found smaller than n_clusters (2). Possibly due to duplicate points in X.
  return fit_method(estimator, *args, **kwargs)
/share/yangxizhong/env/anaconda/envs/deepconf/lib/python3.11/site-packages/sklearn/base.py:1365: ConvergenceWarning: Number of distinct clusters (1) found smaller than n_clusters (2). Possibly due to duplicate points in X.
  return fit_method(estimator, *args, **kwargs)
/share/yangxizhong/env/anaconda/envs/deepconf/lib/python3.11/site-packages/sklearn/base.py:1365: ConvergenceWarning: Number of distinct clusters (1) found smaller than n_clusters (2). Possibly due to duplicate points in X.
  return fit_method(estimator, *args, **kwargs)
/share/yangxizhong/env/anaconda/envs/deepconf/lib/python3.11/site-packages/sklearn/base.py:1365: ConvergenceWarning: Number of distinct clusters (1) found smaller than n_clusters (2). Possibly due to duplicate points in X.
  return fit_method(estimator, *args, **kwargs)
/share/yangxizhong/env/anaconda/envs/deepconf/lib/python3.11/site-packages/sklearn/base.py:1365: ConvergenceWarning: Number of distinct clusters (1) found smaller than n_clusters (2). Possibly due to duplicate points in X.
  return fit_method(estimator, *args, **kwargs)
/share/yangxizhong/env/anaconda/envs/deepconf/lib/python3.11/site-packages/sklearn/base.py:1365: ConvergenceWarning: Number of distinct clusters (1) found smaller than n_clusters (2). Possibly due to duplicate points in X.
  return fit_method(estimator, *args, **kwargs)
/share/yangxizhong/env/anaconda/envs/deepconf/lib/python3.11/site-packages/sklearn/base.py:1365: ConvergenceWarning: Number of distinct clusters (1) found smaller than n_clusters (2). Possibly due to duplicate points in X.
  return fit_method(estimator, *args, **kwargs)
/share/yangxizhong/env/anaconda/envs/deepconf/lib/python3.11/site-packages/sklearn/base.py:1365: ConvergenceWarning: Number of distinct clusters (1) found smaller than n_clusters (2). Possibly due to duplicate points in X.
  return fit_method(estimator, *args, **kwargs)
/share/yangxizhong/env/anaconda/envs/deepconf/lib/python3.11/site-packages/sklearn/base.py:1365: ConvergenceWarning: Number of distinct clusters (1) found smaller than n_clusters (2). Possibly due to duplicate points in X.
  return fit_method(estimator, *args, **kwargs)
/share/yangxizhong/env/anaconda/envs/deepconf/lib/python3.11/site-packages/sklearn/base.py:1365: ConvergenceWarning: Number of distinct clusters (1) found smaller than n_clusters (2). Possibly due to duplicate points in X.
  return fit_method(estimator, *args, **kwargs)
/share/yangxizhong/env/anaconda/envs/deepconf/lib/python3.11/site-packages/sklearn/base.py:1365: ConvergenceWarning: Number of distinct clusters (1) found smaller than n_clusters (2). Possibly due to duplicate points in X.
  return fit_method(estimator, *args, **kwargs)
 62%|██████▏   | 8/13 [12:23<12:18, 147.72s/it]/share/yangxizhong/env/anaconda/envs/deepconf/lib/python3.11/site-packages/sklearn/base.py:1365: ConvergenceWarning: Number of distinct clusters (1) found smaller than n_clusters (2). Possibly due to duplicate points in X.
  return fit_method(estimator, *args, **kwargs)
/share/yangxizhong/env/anaconda/envs/deepconf/lib/python3.11/site-packages/sklearn/base.py:1365: ConvergenceWarning: Number of distinct clusters (1) found smaller than n_clusters (2). Possibly due to duplicate points in X.
  return fit_method(estimator, *args, **kwargs)
/share/yangxizhong/env/anaconda/envs/deepconf/lib/python3.11/site-packages/sklearn/base.py:1365: ConvergenceWarning: Number of distinct clusters (1) found smaller than n_clusters (2). Possibly due to duplicate points in X.
  return fit_method(estimator, *args, **kwargs)
/share/yangxizhong/env/anaconda/envs/deepconf/lib/python3.11/site-packages/sklearn/base.py:1365: ConvergenceWarning: Number of distinct clusters (1) found smaller than n_clusters (2). Possibly due to duplicate points in X.
  return fit_method(estimator, *args, **kwargs)
/share/yangxizhong/env/anaconda/envs/deepconf/lib/python3.11/site-packages/sklearn/base.py:1365: ConvergenceWarning: Number of distinct clusters (1) found smaller than n_clusters (2). Possibly due to duplicate points in X.
  return fit_method(estimator, *args, **kwargs)
/share/yangxizhong/env/anaconda/envs/deepconf/lib/python3.11/site-packages/sklearn/base.py:1365: ConvergenceWarning: Number of distinct clusters (1) found smaller than n_clusters (2). Possibly due to duplicate points in X.
  return fit_method(estimator, *args, **kwargs)
/share/yangxizhong/env/anaconda/envs/deepconf/lib/python3.11/site-packages/sklearn/base.py:1365: ConvergenceWarning: Number of distinct clusters (1) found smaller than n_clusters (2). Possibly due to duplicate points in X.
  return fit_method(estimator, *args, **kwargs)
/share/yangxizhong/env/anaconda/envs/deepconf/lib/python3.11/site-packages/sklearn/base.py:1365: ConvergenceWarning: Number of distinct clusters (1) found smaller than n_clusters (2). Possibly due to duplicate points in X.
  return fit_method(estimator, *args, **kwargs)
/share/yangxizhong/env/anaconda/envs/deepconf/lib/python3.11/site-packages/sklearn/base.py:1365: ConvergenceWarning: Number of distinct clusters (1) found smaller than n_clusters (2). Possibly due to duplicate points in X.
  return fit_method(estimator, *args, **kwargs)
/share/yangxizhong/env/anaconda/envs/deepconf/lib/python3.11/site-packages/sklearn/base.py:1365: ConvergenceWarning: Number of distinct clusters (1) found smaller than n_clusters (2). Possibly due to duplicate points in X.
  return fit_method(estimator, *args, **kwargs)
/share/yangxizhong/env/anaconda/envs/deepconf/lib/python3.11/site-packages/sklearn/base.py:1365: ConvergenceWarning: Number of distinct clusters (1) found smaller than n_clusters (2). Possibly due to duplicate points in X.
  return fit_method(estimator, *args, **kwargs)
/share/yangxizhong/env/anaconda/envs/deepconf/lib/python3.11/site-packages/sklearn/base.py:1365: ConvergenceWarning: Number of distinct clusters (1) found smaller than n_clusters (2). Possibly due to duplicate points in X.
  return fit_method(estimator, *args, **kwargs)
/share/yangxizhong/env/anaconda/envs/deepconf/lib/python3.11/site-packages/sklearn/base.py:1365: ConvergenceWarning: Number of distinct clusters (1) found smaller than n_clusters (2). Possibly due to duplicate points in X.
  return fit_method(estimator, *args, **kwargs)
/share/yangxizhong/env/anaconda/envs/deepconf/lib/python3.11/site-packages/sklearn/base.py:1365: ConvergenceWarning: Number of distinct clusters (1) found smaller than n_clusters (2). Possibly due to duplicate points in X.
  return fit_method(estimator, *args, **kwargs)
/share/yangxizhong/env/anaconda/envs/deepconf/lib/python3.11/site-packages/sklearn/base.py:1365: ConvergenceWarning: Number of distinct clusters (1) found smaller than n_clusters (2). Possibly due to duplicate points in X.
  return fit_method(estimator, *args, **kwargs)
/share/yangxizhong/env/anaconda/envs/deepconf/lib/python3.11/site-packages/sklearn/base.py:1365: ConvergenceWarning: Number of distinct clusters (1) found smaller than n_clusters (2). Possibly due to duplicate points in X.
  return fit_method(estimator, *args, **kwargs)
/share/yangxizhong/env/anaconda/envs/deepconf/lib/python3.11/site-packages/sklearn/base.py:1365: ConvergenceWarning: Number of distinct clusters (1) found smaller than n_clusters (2). Possibly due to duplicate points in X.
  return fit_method(estimator, *args, **kwargs)
/share/yangxizhong/env/anaconda/envs/deepconf/lib/python3.11/site-packages/sklearn/base.py:1365: ConvergenceWarning: Number of distinct clusters (1) found smaller than n_clusters (2). Possibly due to duplicate points in X.
  return fit_method(estimator, *args, **kwargs)
/share/yangxizhong/env/anaconda/envs/deepconf/lib/python3.11/site-packages/sklearn/base.py:1365: ConvergenceWarning: Number of distinct clusters (1) found smaller than n_clusters (2). Possibly due to duplicate points in X.
  return fit_method(estimator, *args, **kwargs)
/share/yangxizhong/env/anaconda/envs/deepconf/lib/python3.11/site-packages/sklearn/base.py:1365: ConvergenceWarning: Number of distinct clusters (1) found smaller than n_clusters (2). Possibly due to duplicate points in X.
  return fit_method(estimator, *args, **kwargs)
/share/yangxizhong/env/anaconda/envs/deepconf/lib/python3.11/site-packages/sklearn/base.py:1365: ConvergenceWarning: Number of distinct clusters (1) found smaller than n_clusters (2). Possibly due to duplicate points in X.
  return fit_method(estimator, *args, **kwargs)
/share/yangxizhong/env/anaconda/envs/deepconf/lib/python3.11/site-packages/sklearn/base.py:1365: ConvergenceWarning: Number of distinct clusters (1) found smaller than n_clusters (2). Possibly due to duplicate points in X.
  return fit_method(estimator, *args, **kwargs)
/share/yangxizhong/env/anaconda/envs/deepconf/lib/python3.11/site-packages/sklearn/base.py:1365: ConvergenceWarning: Number of distinct clusters (1) found smaller than n_clusters (2). Possibly due to duplicate points in X.
  return fit_method(estimator, *args, **kwargs)
/share/yangxizhong/env/anaconda/envs/deepconf/lib/python3.11/site-packages/sklearn/base.py:1365: ConvergenceWarning: Number of distinct clusters (1) found smaller than n_clusters (2). Possibly due to duplicate points in X.
  return fit_method(estimator, *args, **kwargs)
/share/yangxizhong/env/anaconda/envs/deepconf/lib/python3.11/site-packages/sklearn/base.py:1365: ConvergenceWarning: Number of distinct clusters (1) found smaller than n_clusters (2). Possibly due to duplicate points in X.
  return fit_method(estimator, *args, **kwargs)
/share/yangxizhong/env/anaconda/envs/deepconf/lib/python3.11/site-packages/sklearn/base.py:1365: ConvergenceWarning: Number of distinct clusters (1) found smaller than n_clusters (2). Possibly due to duplicate points in X.
  return fit_method(estimator, *args, **kwargs)
/share/yangxizhong/env/anaconda/envs/deepconf/lib/python3.11/site-packages/sklearn/base.py:1365: ConvergenceWarning: Number of distinct clusters (1) found smaller than n_clusters (2). Possibly due to duplicate points in X.
  return fit_method(estimator, *args, **kwargs)
/share/yangxizhong/env/anaconda/envs/deepconf/lib/python3.11/site-packages/sklearn/base.py:1365: ConvergenceWarning: Number of distinct clusters (1) found smaller than n_clusters (2). Possibly due to duplicate points in X.
  return fit_method(estimator, *args, **kwargs)
/share/yangxizhong/env/anaconda/envs/deepconf/lib/python3.11/site-packages/sklearn/base.py:1365: ConvergenceWarning: Number of distinct clusters (1) found smaller than n_clusters (2). Possibly due to duplicate points in X.
  return fit_method(estimator, *args, **kwargs)
/share/yangxizhong/env/anaconda/envs/deepconf/lib/python3.11/site-packages/sklearn/base.py:1365: ConvergenceWarning: Number of distinct clusters (1) found smaller than n_clusters (2). Possibly due to duplicate points in X.
  return fit_method(estimator, *args, **kwargs)
/share/yangxizhong/env/anaconda/envs/deepconf/lib/python3.11/site-packages/sklearn/base.py:1365: ConvergenceWarning: Number of distinct clusters (1) found smaller than n_clusters (2). Possibly due to duplicate points in X.
  return fit_method(estimator, *args, **kwargs)
/share/yangxizhong/env/anaconda/envs/deepconf/lib/python3.11/site-packages/sklearn/base.py:1365: ConvergenceWarning: Number of distinct clusters (1) found smaller than n_clusters (2). Possibly due to duplicate points in X.
  return fit_method(estimator, *args, **kwargs)
/share/yangxizhong/env/anaconda/envs/deepconf/lib/python3.11/site-packages/sklearn/base.py:1365: ConvergenceWarning: Number of distinct clusters (1) found smaller than n_clusters (2). Possibly due to duplicate points in X.
  return fit_method(estimator, *args, **kwargs)
/share/yangxizhong/env/anaconda/envs/deepconf/lib/python3.11/site-packages/sklearn/base.py:1365: ConvergenceWarning: Number of distinct clusters (1) found smaller than n_clusters (2). Possibly due to duplicate points in X.
  return fit_method(estimator, *args, **kwargs)
/share/yangxizhong/env/anaconda/envs/deepconf/lib/python3.11/site-packages/sklearn/base.py:1365: ConvergenceWarning: Number of distinct clusters (1) found smaller than n_clusters (2). Possibly due to duplicate points in X.
  return fit_method(estimator, *args, **kwargs)
/share/yangxizhong/env/anaconda/envs/deepconf/lib/python3.11/site-packages/sklearn/base.py:1365: ConvergenceWarning: Number of distinct clusters (1) found smaller than n_clusters (2). Possibly due to duplicate points in X.
  return fit_method(estimator, *args, **kwargs)
/share/yangxizhong/env/anaconda/envs/deepconf/lib/python3.11/site-packages/sklearn/base.py:1365: ConvergenceWarning: Number of distinct clusters (1) found smaller than n_clusters (2). Possibly due to duplicate points in X.
  return fit_method(estimator, *args, **kwargs)
/share/yangxizhong/env/anaconda/envs/deepconf/lib/python3.11/site-packages/sklearn/base.py:1365: ConvergenceWarning: Number of distinct clusters (1) found smaller than n_clusters (2). Possibly due to duplicate points in X.
  return fit_method(estimator, *args, **kwargs)
/share/yangxizhong/env/anaconda/envs/deepconf/lib/python3.11/site-packages/sklearn/base.py:1365: ConvergenceWarning: Number of distinct clusters (1) found smaller than n_clusters (2). Possibly due to duplicate points in X.
  return fit_method(estimator, *args, **kwargs)
/share/yangxizhong/env/anaconda/envs/deepconf/lib/python3.11/site-packages/sklearn/base.py:1365: ConvergenceWarning: Number of distinct clusters (1) found smaller than n_clusters (2). Possibly due to duplicate points in X.
  return fit_method(estimator, *args, **kwargs)
/share/yangxizhong/env/anaconda/envs/deepconf/lib/python3.11/site-packages/sklearn/base.py:1365: ConvergenceWarning: Number of distinct clusters (1) found smaller than n_clusters (2). Possibly due to duplicate points in X.
  return fit_method(estimator, *args, **kwargs)
/share/yangxizhong/env/anaconda/envs/deepconf/lib/python3.11/site-packages/sklearn/base.py:1365: ConvergenceWarning: Number of distinct clusters (1) found smaller than n_clusters (2). Possibly due to duplicate points in X.
  return fit_method(estimator, *args, **kwargs)
/share/yangxizhong/env/anaconda/envs/deepconf/lib/python3.11/site-packages/sklearn/base.py:1365: ConvergenceWarning: Number of distinct clusters (1) found smaller than n_clusters (2). Possibly due to duplicate points in X.
  return fit_method(estimator, *args, **kwargs)
/share/yangxizhong/env/anaconda/envs/deepconf/lib/python3.11/site-packages/sklearn/base.py:1365: ConvergenceWarning: Number of distinct clusters (1) found smaller than n_clusters (2). Possibly due to duplicate points in X.
  return fit_method(estimator, *args, **kwargs)
/share/yangxizhong/env/anaconda/envs/deepconf/lib/python3.11/site-packages/sklearn/base.py:1365: ConvergenceWarning: Number of distinct clusters (1) found smaller than n_clusters (2). Possibly due to duplicate points in X.
  return fit_method(estimator, *args, **kwargs)
/share/yangxizhong/env/anaconda/envs/deepconf/lib/python3.11/site-packages/sklearn/base.py:1365: ConvergenceWarning: Number of distinct clusters (1) found smaller than n_clusters (2). Possibly due to duplicate points in X.
  return fit_method(estimator, *args, **kwargs)
/share/yangxizhong/env/anaconda/envs/deepconf/lib/python3.11/site-packages/sklearn/base.py:1365: ConvergenceWarning: Number of distinct clusters (1) found smaller than n_clusters (2). Possibly due to duplicate points in X.
  return fit_method(estimator, *args, **kwargs)
/share/yangxizhong/env/anaconda/envs/deepconf/lib/python3.11/site-packages/sklearn/base.py:1365: ConvergenceWarning: Number of distinct clusters (1) found smaller than n_clusters (2). Possibly due to duplicate points in X.
  return fit_method(estimator, *args, **kwargs)
/share/yangxizhong/env/anaconda/envs/deepconf/lib/python3.11/site-packages/sklearn/base.py:1365: ConvergenceWarning: Number of distinct clusters (1) found smaller than n_clusters (2). Possibly due to duplicate points in X.
  return fit_method(estimator, *args, **kwargs)
/share/yangxizhong/env/anaconda/envs/deepconf/lib/python3.11/site-packages/sklearn/base.py:1365: ConvergenceWarning: Number of distinct clusters (1) found smaller than n_clusters (2). Possibly due to duplicate points in X.
  return fit_method(estimator, *args, **kwargs)
/share/yangxizhong/env/anaconda/envs/deepconf/lib/python3.11/site-packages/sklearn/base.py:1365: ConvergenceWarning: Number of distinct clusters (1) found smaller than n_clusters (2). Possibly due to duplicate points in X.
  return fit_method(estimator, *args, **kwargs)
/share/yangxizhong/env/anaconda/envs/deepconf/lib/python3.11/site-packages/sklearn/base.py:1365: ConvergenceWarning: Number of distinct clusters (1) found smaller than n_clusters (2). Possibly due to duplicate points in X.
  return fit_method(estimator, *args, **kwargs)
/share/yangxizhong/env/anaconda/envs/deepconf/lib/python3.11/site-packages/sklearn/base.py:1365: ConvergenceWarning: Number of distinct clusters (1) found smaller than n_clusters (2). Possibly due to duplicate points in X.
  return fit_method(estimator, *args, **kwargs)
/share/yangxizhong/env/anaconda/envs/deepconf/lib/python3.11/site-packages/sklearn/base.py:1365: ConvergenceWarning: Number of distinct clusters (1) found smaller than n_clusters (2). Possibly due to duplicate points in X.
  return fit_method(estimator, *args, **kwargs)
/share/yangxizhong/env/anaconda/envs/deepconf/lib/python3.11/site-packages/sklearn/base.py:1365: ConvergenceWarning: Number of distinct clusters (1) found smaller than n_clusters (2). Possibly due to duplicate points in X.
  return fit_method(estimator, *args, **kwargs)
/share/yangxizhong/env/anaconda/envs/deepconf/lib/python3.11/site-packages/sklearn/base.py:1365: ConvergenceWarning: Number of distinct clusters (1) found smaller than n_clusters (2). Possibly due to duplicate points in X.
  return fit_method(estimator, *args, **kwargs)
/share/yangxizhong/env/anaconda/envs/deepconf/lib/python3.11/site-packages/sklearn/base.py:1365: ConvergenceWarning: Number of distinct clusters (1) found smaller than n_clusters (2). Possibly due to duplicate points in X.
  return fit_method(estimator, *args, **kwargs)
/share/yangxizhong/env/anaconda/envs/deepconf/lib/python3.11/site-packages/sklearn/base.py:1365: ConvergenceWarning: Number of distinct clusters (1) found smaller than n_clusters (2). Possibly due to duplicate points in X.
  return fit_method(estimator, *args, **kwargs)
/share/yangxizhong/env/anaconda/envs/deepconf/lib/python3.11/site-packages/sklearn/base.py:1365: ConvergenceWarning: Number of distinct clusters (1) found smaller than n_clusters (2). Possibly due to duplicate points in X.
  return fit_method(estimator, *args, **kwargs)
/share/yangxizhong/env/anaconda/envs/deepconf/lib/python3.11/site-packages/sklearn/base.py:1365: ConvergenceWarning: Number of distinct clusters (1) found smaller than n_clusters (2). Possibly due to duplicate points in X.
  return fit_method(estimator, *args, **kwargs)
/share/yangxizhong/env/anaconda/envs/deepconf/lib/python3.11/site-packages/sklearn/base.py:1365: ConvergenceWarning: Number of distinct clusters (1) found smaller than n_clusters (2). Possibly due to duplicate points in X.
  return fit_method(estimator, *args, **kwargs)
/share/yangxizhong/env/anaconda/envs/deepconf/lib/python3.11/site-packages/sklearn/base.py:1365: ConvergenceWarning: Number of distinct clusters (1) found smaller than n_clusters (2). Possibly due to duplicate points in X.
  return fit_method(estimator, *args, **kwargs)
/share/yangxizhong/env/anaconda/envs/deepconf/lib/python3.11/site-packages/sklearn/base.py:1365: ConvergenceWarning: Number of distinct clusters (1) found smaller than n_clusters (2). Possibly due to duplicate points in X.
  return fit_method(estimator, *args, **kwargs)
/share/yangxizhong/env/anaconda/envs/deepconf/lib/python3.11/site-packages/sklearn/base.py:1365: ConvergenceWarning: Number of distinct clusters (1) found smaller than n_clusters (2). Possibly due to duplicate points in X.
  return fit_method(estimator, *args, **kwargs)
/share/yangxizhong/env/anaconda/envs/deepconf/lib/python3.11/site-packages/sklearn/base.py:1365: ConvergenceWarning: Number of distinct clusters (1) found smaller than n_clusters (2). Possibly due to duplicate points in X.
  return fit_method(estimator, *args, **kwargs)
/share/yangxizhong/env/anaconda/envs/deepconf/lib/python3.11/site-packages/sklearn/base.py:1365: ConvergenceWarning: Number of distinct clusters (1) found smaller than n_clusters (2). Possibly due to duplicate points in X.
  return fit_method(estimator, *args, **kwargs)
/share/yangxizhong/env/anaconda/envs/deepconf/lib/python3.11/site-packages/sklearn/base.py:1365: ConvergenceWarning: Number of distinct clusters (1) found smaller than n_clusters (2). Possibly due to duplicate points in X.
  return fit_method(estimator, *args, **kwargs)
/share/yangxizhong/env/anaconda/envs/deepconf/lib/python3.11/site-packages/sklearn/base.py:1365: ConvergenceWarning: Number of distinct clusters (1) found smaller than n_clusters (2). Possibly due to duplicate points in X.
  return fit_method(estimator, *args, **kwargs)
/share/yangxizhong/env/anaconda/envs/deepconf/lib/python3.11/site-packages/sklearn/base.py:1365: ConvergenceWarning: Number of distinct clusters (1) found smaller than n_clusters (2). Possibly due to duplicate points in X.
  return fit_method(estimator, *args, **kwargs)
/share/yangxizhong/env/anaconda/envs/deepconf/lib/python3.11/site-packages/sklearn/base.py:1365: ConvergenceWarning: Number of distinct clusters (1) found smaller than n_clusters (2). Possibly due to duplicate points in X.
  return fit_method(estimator, *args, **kwargs)
/share/yangxizhong/env/anaconda/envs/deepconf/lib/python3.11/site-packages/sklearn/base.py:1365: ConvergenceWarning: Number of distinct clusters (1) found smaller than n_clusters (2). Possibly due to duplicate points in X.
  return fit_method(estimator, *args, **kwargs)
/share/yangxizhong/env/anaconda/envs/deepconf/lib/python3.11/site-packages/sklearn/base.py:1365: ConvergenceWarning: Number of distinct clusters (1) found smaller than n_clusters (2). Possibly due to duplicate points in X.
  return fit_method(estimator, *args, **kwargs)
/share/yangxizhong/env/anaconda/envs/deepconf/lib/python3.11/site-packages/sklearn/base.py:1365: ConvergenceWarning: Number of distinct clusters (1) found smaller than n_clusters (2). Possibly due to duplicate points in X.
  return fit_method(estimator, *args, **kwargs)
/share/yangxizhong/env/anaconda/envs/deepconf/lib/python3.11/site-packages/sklearn/base.py:1365: ConvergenceWarning: Number of distinct clusters (1) found smaller than n_clusters (2). Possibly due to duplicate points in X.
  return fit_method(estimator, *args, **kwargs)
/share/yangxizhong/env/anaconda/envs/deepconf/lib/python3.11/site-packages/sklearn/base.py:1365: ConvergenceWarning: Number of distinct clusters (1) found smaller than n_clusters (2). Possibly due to duplicate points in X.
  return fit_method(estimator, *args, **kwargs)
/share/yangxizhong/env/anaconda/envs/deepconf/lib/python3.11/site-packages/sklearn/base.py:1365: ConvergenceWarning: Number of distinct clusters (1) found smaller than n_clusters (2). Possibly due to duplicate points in X.
  return fit_method(estimator, *args, **kwargs)
/share/yangxizhong/env/anaconda/envs/deepconf/lib/python3.11/site-packages/sklearn/base.py:1365: ConvergenceWarning: Number of distinct clusters (1) found smaller than n_clusters (2). Possibly due to duplicate points in X.
  return fit_method(estimator, *args, **kwargs)
/share/yangxizhong/env/anaconda/envs/deepconf/lib/python3.11/site-packages/sklearn/base.py:1365: ConvergenceWarning: Number of distinct clusters (1) found smaller than n_clusters (2). Possibly due to duplicate points in X.
  return fit_method(estimator, *args, **kwargs)
/share/yangxizhong/env/anaconda/envs/deepconf/lib/python3.11/site-packages/sklearn/base.py:1365: ConvergenceWarning: Number of distinct clusters (1) found smaller than n_clusters (2). Possibly due to duplicate points in X.
  return fit_method(estimator, *args, **kwargs)
/share/yangxizhong/env/anaconda/envs/deepconf/lib/python3.11/site-packages/sklearn/base.py:1365: ConvergenceWarning: Number of distinct clusters (1) found smaller than n_clusters (2). Possibly due to duplicate points in X.
  return fit_method(estimator, *args, **kwargs)
/share/yangxizhong/env/anaconda/envs/deepconf/lib/python3.11/site-packages/sklearn/base.py:1365: ConvergenceWarning: Number of distinct clusters (1) found smaller than n_clusters (2). Possibly due to duplicate points in X.
  return fit_method(estimator, *args, **kwargs)
/share/yangxizhong/env/anaconda/envs/deepconf/lib/python3.11/site-packages/sklearn/base.py:1365: ConvergenceWarning: Number of distinct clusters (1) found smaller than n_clusters (2). Possibly due to duplicate points in X.
  return fit_method(estimator, *args, **kwargs)
/share/yangxizhong/env/anaconda/envs/deepconf/lib/python3.11/site-packages/sklearn/base.py:1365: ConvergenceWarning: Number of distinct clusters (1) found smaller than n_clusters (2). Possibly due to duplicate points in X.
  return fit_method(estimator, *args, **kwargs)
/share/yangxizhong/env/anaconda/envs/deepconf/lib/python3.11/site-packages/sklearn/base.py:1365: ConvergenceWarning: Number of distinct clusters (1) found smaller than n_clusters (2). Possibly due to duplicate points in X.
  return fit_method(estimator, *args, **kwargs)
/share/yangxizhong/env/anaconda/envs/deepconf/lib/python3.11/site-packages/sklearn/base.py:1365: ConvergenceWarning: Number of distinct clusters (1) found smaller than n_clusters (2). Possibly due to duplicate points in X.
  return fit_method(estimator, *args, **kwargs)
/share/yangxizhong/env/anaconda/envs/deepconf/lib/python3.11/site-packages/sklearn/base.py:1365: ConvergenceWarning: Number of distinct clusters (1) found smaller than n_clusters (2). Possibly due to duplicate points in X.
  return fit_method(estimator, *args, **kwargs)
/share/yangxizhong/env/anaconda/envs/deepconf/lib/python3.11/site-packages/sklearn/base.py:1365: ConvergenceWarning: Number of distinct clusters (1) found smaller than n_clusters (2). Possibly due to duplicate points in X.
  return fit_method(estimator, *args, **kwargs)
/share/yangxizhong/env/anaconda/envs/deepconf/lib/python3.11/site-packages/sklearn/base.py:1365: ConvergenceWarning: Number of distinct clusters (1) found smaller than n_clusters (2). Possibly due to duplicate points in X.
  return fit_method(estimator, *args, **kwargs)
/share/yangxizhong/env/anaconda/envs/deepconf/lib/python3.11/site-packages/sklearn/base.py:1365: ConvergenceWarning: Number of distinct clusters (1) found smaller than n_clusters (2). Possibly due to duplicate points in X.
  return fit_method(estimator, *args, **kwargs)
/share/yangxizhong/env/anaconda/envs/deepconf/lib/python3.11/site-packages/sklearn/base.py:1365: ConvergenceWarning: Number of distinct clusters (1) found smaller than n_clusters (2). Possibly due to duplicate points in X.
  return fit_method(estimator, *args, **kwargs)
/share/yangxizhong/env/anaconda/envs/deepconf/lib/python3.11/site-packages/sklearn/base.py:1365: ConvergenceWarning: Number of distinct clusters (1) found smaller than n_clusters (2). Possibly due to duplicate points in X.
  return fit_method(estimator, *args, **kwargs)
/share/yangxizhong/env/anaconda/envs/deepconf/lib/python3.11/site-packages/sklearn/base.py:1365: ConvergenceWarning: Number of distinct clusters (1) found smaller than n_clusters (2). Possibly due to duplicate points in X.
  return fit_method(estimator, *args, **kwargs)
 69%|██████▉   | 9/13 [14:34<09:30, 142.51s/it] 77%|███████▋  | 10/13 [16:01<06:15, 125.24s/it]/share/yangxizhong/env/anaconda/envs/deepconf/lib/python3.11/site-packages/sklearn/base.py:1365: ConvergenceWarning: Number of distinct clusters (1) found smaller than n_clusters (2). Possibly due to duplicate points in X.
  return fit_method(estimator, *args, **kwargs)
/share/yangxizhong/env/anaconda/envs/deepconf/lib/python3.11/site-packages/sklearn/base.py:1365: ConvergenceWarning: Number of distinct clusters (1) found smaller than n_clusters (2). Possibly due to duplicate points in X.
  return fit_method(estimator, *args, **kwargs)
/share/yangxizhong/env/anaconda/envs/deepconf/lib/python3.11/site-packages/sklearn/base.py:1365: ConvergenceWarning: Number of distinct clusters (1) found smaller than n_clusters (2). Possibly due to duplicate points in X.
  return fit_method(estimator, *args, **kwargs)
/share/yangxizhong/env/anaconda/envs/deepconf/lib/python3.11/site-packages/sklearn/base.py:1365: ConvergenceWarning: Number of distinct clusters (1) found smaller than n_clusters (2). Possibly due to duplicate points in X.
  return fit_method(estimator, *args, **kwargs)
/share/yangxizhong/env/anaconda/envs/deepconf/lib/python3.11/site-packages/sklearn/base.py:1365: ConvergenceWarning: Number of distinct clusters (1) found smaller than n_clusters (2). Possibly due to duplicate points in X.
  return fit_method(estimator, *args, **kwargs)
/share/yangxizhong/env/anaconda/envs/deepconf/lib/python3.11/site-packages/sklearn/base.py:1365: ConvergenceWarning: Number of distinct clusters (1) found smaller than n_clusters (2). Possibly due to duplicate points in X.
  return fit_method(estimator, *args, **kwargs)
/share/yangxizhong/env/anaconda/envs/deepconf/lib/python3.11/site-packages/sklearn/base.py:1365: ConvergenceWarning: Number of distinct clusters (1) found smaller than n_clusters (2). Possibly due to duplicate points in X.
  return fit_method(estimator, *args, **kwargs)
/share/yangxizhong/env/anaconda/envs/deepconf/lib/python3.11/site-packages/sklearn/base.py:1365: ConvergenceWarning: Number of distinct clusters (1) found smaller than n_clusters (2). Possibly due to duplicate points in X.
  return fit_method(estimator, *args, **kwargs)
/share/yangxizhong/env/anaconda/envs/deepconf/lib/python3.11/site-packages/sklearn/base.py:1365: ConvergenceWarning: Number of distinct clusters (1) found smaller than n_clusters (2). Possibly due to duplicate points in X.
  return fit_method(estimator, *args, **kwargs)
/share/yangxizhong/env/anaconda/envs/deepconf/lib/python3.11/site-packages/sklearn/base.py:1365: ConvergenceWarning: Number of distinct clusters (1) found smaller than n_clusters (2). Possibly due to duplicate points in X.
  return fit_method(estimator, *args, **kwargs)
/share/yangxizhong/env/anaconda/envs/deepconf/lib/python3.11/site-packages/sklearn/base.py:1365: ConvergenceWarning: Number of distinct clusters (1) found smaller than n_clusters (2). Possibly due to duplicate points in X.
  return fit_method(estimator, *args, **kwargs)
/share/yangxizhong/env/anaconda/envs/deepconf/lib/python3.11/site-packages/sklearn/base.py:1365: ConvergenceWarning: Number of distinct clusters (1) found smaller than n_clusters (2). Possibly due to duplicate points in X.
  return fit_method(estimator, *args, **kwargs)
/share/yangxizhong/env/anaconda/envs/deepconf/lib/python3.11/site-packages/sklearn/base.py:1365: ConvergenceWarning: Number of distinct clusters (1) found smaller than n_clusters (2). Possibly due to duplicate points in X.
  return fit_method(estimator, *args, **kwargs)
/share/yangxizhong/env/anaconda/envs/deepconf/lib/python3.11/site-packages/sklearn/base.py:1365: ConvergenceWarning: Number of distinct clusters (1) found smaller than n_clusters (2). Possibly due to duplicate points in X.
  return fit_method(estimator, *args, **kwargs)
/share/yangxizhong/env/anaconda/envs/deepconf/lib/python3.11/site-packages/sklearn/base.py:1365: ConvergenceWarning: Number of distinct clusters (1) found smaller than n_clusters (2). Possibly due to duplicate points in X.
  return fit_method(estimator, *args, **kwargs)
/share/yangxizhong/env/anaconda/envs/deepconf/lib/python3.11/site-packages/sklearn/base.py:1365: ConvergenceWarning: Number of distinct clusters (1) found smaller than n_clusters (2). Possibly due to duplicate points in X.
  return fit_method(estimator, *args, **kwargs)
/share/yangxizhong/env/anaconda/envs/deepconf/lib/python3.11/site-packages/sklearn/base.py:1365: ConvergenceWarning: Number of distinct clusters (1) found smaller than n_clusters (2). Possibly due to duplicate points in X.
  return fit_method(estimator, *args, **kwargs)
/share/yangxizhong/env/anaconda/envs/deepconf/lib/python3.11/site-packages/sklearn/base.py:1365: ConvergenceWarning: Number of distinct clusters (1) found smaller than n_clusters (2). Possibly due to duplicate points in X.
  return fit_method(estimator, *args, **kwargs)
/share/yangxizhong/env/anaconda/envs/deepconf/lib/python3.11/site-packages/sklearn/base.py:1365: ConvergenceWarning: Number of distinct clusters (1) found smaller than n_clusters (2). Possibly due to duplicate points in X.
  return fit_method(estimator, *args, **kwargs)
/share/yangxizhong/env/anaconda/envs/deepconf/lib/python3.11/site-packages/sklearn/base.py:1365: ConvergenceWarning: Number of distinct clusters (1) found smaller than n_clusters (2). Possibly due to duplicate points in X.
  return fit_method(estimator, *args, **kwargs)
/share/yangxizhong/env/anaconda/envs/deepconf/lib/python3.11/site-packages/sklearn/base.py:1365: ConvergenceWarning: Number of distinct clusters (1) found smaller than n_clusters (2). Possibly due to duplicate points in X.
  return fit_method(estimator, *args, **kwargs)
/share/yangxizhong/env/anaconda/envs/deepconf/lib/python3.11/site-packages/sklearn/base.py:1365: ConvergenceWarning: Number of distinct clusters (1) found smaller than n_clusters (2). Possibly due to duplicate points in X.
  return fit_method(estimator, *args, **kwargs)
/share/yangxizhong/env/anaconda/envs/deepconf/lib/python3.11/site-packages/sklearn/base.py:1365: ConvergenceWarning: Number of distinct clusters (1) found smaller than n_clusters (2). Possibly due to duplicate points in X.
  return fit_method(estimator, *args, **kwargs)
/share/yangxizhong/env/anaconda/envs/deepconf/lib/python3.11/site-packages/sklearn/base.py:1365: ConvergenceWarning: Number of distinct clusters (1) found smaller than n_clusters (2). Possibly due to duplicate points in X.
  return fit_method(estimator, *args, **kwargs)
/share/yangxizhong/env/anaconda/envs/deepconf/lib/python3.11/site-packages/sklearn/base.py:1365: ConvergenceWarning: Number of distinct clusters (1) found smaller than n_clusters (2). Possibly due to duplicate points in X.
  return fit_method(estimator, *args, **kwargs)
/share/yangxizhong/env/anaconda/envs/deepconf/lib/python3.11/site-packages/sklearn/base.py:1365: ConvergenceWarning: Number of distinct clusters (1) found smaller than n_clusters (2). Possibly due to duplicate points in X.
  return fit_method(estimator, *args, **kwargs)
/share/yangxizhong/env/anaconda/envs/deepconf/lib/python3.11/site-packages/sklearn/base.py:1365: ConvergenceWarning: Number of distinct clusters (1) found smaller than n_clusters (2). Possibly due to duplicate points in X.
  return fit_method(estimator, *args, **kwargs)
/share/yangxizhong/env/anaconda/envs/deepconf/lib/python3.11/site-packages/sklearn/base.py:1365: ConvergenceWarning: Number of distinct clusters (1) found smaller than n_clusters (2). Possibly due to duplicate points in X.
  return fit_method(estimator, *args, **kwargs)
/share/yangxizhong/env/anaconda/envs/deepconf/lib/python3.11/site-packages/sklearn/base.py:1365: ConvergenceWarning: Number of distinct clusters (1) found smaller than n_clusters (2). Possibly due to duplicate points in X.
  return fit_method(estimator, *args, **kwargs)
/share/yangxizhong/env/anaconda/envs/deepconf/lib/python3.11/site-packages/sklearn/base.py:1365: ConvergenceWarning: Number of distinct clusters (1) found smaller than n_clusters (2). Possibly due to duplicate points in X.
  return fit_method(estimator, *args, **kwargs)
/share/yangxizhong/env/anaconda/envs/deepconf/lib/python3.11/site-packages/sklearn/base.py:1365: ConvergenceWarning: Number of distinct clusters (1) found smaller than n_clusters (2). Possibly due to duplicate points in X.
  return fit_method(estimator, *args, **kwargs)
/share/yangxizhong/env/anaconda/envs/deepconf/lib/python3.11/site-packages/sklearn/base.py:1365: ConvergenceWarning: Number of distinct clusters (1) found smaller than n_clusters (2). Possibly due to duplicate points in X.
  return fit_method(estimator, *args, **kwargs)
/share/yangxizhong/env/anaconda/envs/deepconf/lib/python3.11/site-packages/sklearn/base.py:1365: ConvergenceWarning: Number of distinct clusters (1) found smaller than n_clusters (2). Possibly due to duplicate points in X.
  return fit_method(estimator, *args, **kwargs)
/share/yangxizhong/env/anaconda/envs/deepconf/lib/python3.11/site-packages/sklearn/base.py:1365: ConvergenceWarning: Number of distinct clusters (1) found smaller than n_clusters (2). Possibly due to duplicate points in X.
  return fit_method(estimator, *args, **kwargs)
/share/yangxizhong/env/anaconda/envs/deepconf/lib/python3.11/site-packages/sklearn/base.py:1365: ConvergenceWarning: Number of distinct clusters (1) found smaller than n_clusters (2). Possibly due to duplicate points in X.
  return fit_method(estimator, *args, **kwargs)
/share/yangxizhong/env/anaconda/envs/deepconf/lib/python3.11/site-packages/sklearn/base.py:1365: ConvergenceWarning: Number of distinct clusters (1) found smaller than n_clusters (2). Possibly due to duplicate points in X.
  return fit_method(estimator, *args, **kwargs)
/share/yangxizhong/env/anaconda/envs/deepconf/lib/python3.11/site-packages/sklearn/base.py:1365: ConvergenceWarning: Number of distinct clusters (1) found smaller than n_clusters (2). Possibly due to duplicate points in X.
  return fit_method(estimator, *args, **kwargs)
/share/yangxizhong/env/anaconda/envs/deepconf/lib/python3.11/site-packages/sklearn/base.py:1365: ConvergenceWarning: Number of distinct clusters (1) found smaller than n_clusters (2). Possibly due to duplicate points in X.
  return fit_method(estimator, *args, **kwargs)
/share/yangxizhong/env/anaconda/envs/deepconf/lib/python3.11/site-packages/sklearn/base.py:1365: ConvergenceWarning: Number of distinct clusters (1) found smaller than n_clusters (2). Possibly due to duplicate points in X.
  return fit_method(estimator, *args, **kwargs)
/share/yangxizhong/env/anaconda/envs/deepconf/lib/python3.11/site-packages/sklearn/base.py:1365: ConvergenceWarning: Number of distinct clusters (1) found smaller than n_clusters (2). Possibly due to duplicate points in X.
  return fit_method(estimator, *args, **kwargs)
/share/yangxizhong/env/anaconda/envs/deepconf/lib/python3.11/site-packages/sklearn/base.py:1365: ConvergenceWarning: Number of distinct clusters (1) found smaller than n_clusters (2). Possibly due to duplicate points in X.
  return fit_method(estimator, *args, **kwargs)
/share/yangxizhong/env/anaconda/envs/deepconf/lib/python3.11/site-packages/sklearn/base.py:1365: ConvergenceWarning: Number of distinct clusters (1) found smaller than n_clusters (2). Possibly due to duplicate points in X.
  return fit_method(estimator, *args, **kwargs)
/share/yangxizhong/env/anaconda/envs/deepconf/lib/python3.11/site-packages/sklearn/base.py:1365: ConvergenceWarning: Number of distinct clusters (1) found smaller than n_clusters (2). Possibly due to duplicate points in X.
  return fit_method(estimator, *args, **kwargs)
/share/yangxizhong/env/anaconda/envs/deepconf/lib/python3.11/site-packages/sklearn/base.py:1365: ConvergenceWarning: Number of distinct clusters (1) found smaller than n_clusters (2). Possibly due to duplicate points in X.
  return fit_method(estimator, *args, **kwargs)
/share/yangxizhong/env/anaconda/envs/deepconf/lib/python3.11/site-packages/sklearn/base.py:1365: ConvergenceWarning: Number of distinct clusters (1) found smaller than n_clusters (2). Possibly due to duplicate points in X.
  return fit_method(estimator, *args, **kwargs)
/share/yangxizhong/env/anaconda/envs/deepconf/lib/python3.11/site-packages/sklearn/base.py:1365: ConvergenceWarning: Number of distinct clusters (1) found smaller than n_clusters (2). Possibly due to duplicate points in X.
  return fit_method(estimator, *args, **kwargs)
/share/yangxizhong/env/anaconda/envs/deepconf/lib/python3.11/site-packages/sklearn/base.py:1365: ConvergenceWarning: Number of distinct clusters (1) found smaller than n_clusters (2). Possibly due to duplicate points in X.
  return fit_method(estimator, *args, **kwargs)
/share/yangxizhong/env/anaconda/envs/deepconf/lib/python3.11/site-packages/sklearn/base.py:1365: ConvergenceWarning: Number of distinct clusters (1) found smaller than n_clusters (2). Possibly due to duplicate points in X.
  return fit_method(estimator, *args, **kwargs)
/share/yangxizhong/env/anaconda/envs/deepconf/lib/python3.11/site-packages/sklearn/base.py:1365: ConvergenceWarning: Number of distinct clusters (1) found smaller than n_clusters (2). Possibly due to duplicate points in X.
  return fit_method(estimator, *args, **kwargs)
/share/yangxizhong/env/anaconda/envs/deepconf/lib/python3.11/site-packages/sklearn/base.py:1365: ConvergenceWarning: Number of distinct clusters (1) found smaller than n_clusters (2). Possibly due to duplicate points in X.
  return fit_method(estimator, *args, **kwargs)
/share/yangxizhong/env/anaconda/envs/deepconf/lib/python3.11/site-packages/sklearn/base.py:1365: ConvergenceWarning: Number of distinct clusters (1) found smaller than n_clusters (2). Possibly due to duplicate points in X.
  return fit_method(estimator, *args, **kwargs)
/share/yangxizhong/env/anaconda/envs/deepconf/lib/python3.11/site-packages/sklearn/base.py:1365: ConvergenceWarning: Number of distinct clusters (1) found smaller than n_clusters (2). Possibly due to duplicate points in X.
  return fit_method(estimator, *args, **kwargs)
/share/yangxizhong/env/anaconda/envs/deepconf/lib/python3.11/site-packages/sklearn/base.py:1365: ConvergenceWarning: Number of distinct clusters (1) found smaller than n_clusters (2). Possibly due to duplicate points in X.
  return fit_method(estimator, *args, **kwargs)
/share/yangxizhong/env/anaconda/envs/deepconf/lib/python3.11/site-packages/sklearn/base.py:1365: ConvergenceWarning: Number of distinct clusters (1) found smaller than n_clusters (2). Possibly due to duplicate points in X.
  return fit_method(estimator, *args, **kwargs)
/share/yangxizhong/env/anaconda/envs/deepconf/lib/python3.11/site-packages/sklearn/base.py:1365: ConvergenceWarning: Number of distinct clusters (1) found smaller than n_clusters (2). Possibly due to duplicate points in X.
  return fit_method(estimator, *args, **kwargs)
/share/yangxizhong/env/anaconda/envs/deepconf/lib/python3.11/site-packages/sklearn/base.py:1365: ConvergenceWarning: Number of distinct clusters (1) found smaller than n_clusters (2). Possibly due to duplicate points in X.
  return fit_method(estimator, *args, **kwargs)
/share/yangxizhong/env/anaconda/envs/deepconf/lib/python3.11/site-packages/sklearn/base.py:1365: ConvergenceWarning: Number of distinct clusters (1) found smaller than n_clusters (2). Possibly due to duplicate points in X.
  return fit_method(estimator, *args, **kwargs)
/share/yangxizhong/env/anaconda/envs/deepconf/lib/python3.11/site-packages/sklearn/base.py:1365: ConvergenceWarning: Number of distinct clusters (1) found smaller than n_clusters (2). Possibly due to duplicate points in X.
  return fit_method(estimator, *args, **kwargs)
/share/yangxizhong/env/anaconda/envs/deepconf/lib/python3.11/site-packages/sklearn/base.py:1365: ConvergenceWarning: Number of distinct clusters (1) found smaller than n_clusters (2). Possibly due to duplicate points in X.
  return fit_method(estimator, *args, **kwargs)
/share/yangxizhong/env/anaconda/envs/deepconf/lib/python3.11/site-packages/sklearn/base.py:1365: ConvergenceWarning: Number of distinct clusters (1) found smaller than n_clusters (2). Possibly due to duplicate points in X.
  return fit_method(estimator, *args, **kwargs)
/share/yangxizhong/env/anaconda/envs/deepconf/lib/python3.11/site-packages/sklearn/base.py:1365: ConvergenceWarning: Number of distinct clusters (1) found smaller than n_clusters (2). Possibly due to duplicate points in X.
  return fit_method(estimator, *args, **kwargs)
/share/yangxizhong/env/anaconda/envs/deepconf/lib/python3.11/site-packages/sklearn/base.py:1365: ConvergenceWarning: Number of distinct clusters (1) found smaller than n_clusters (2). Possibly due to duplicate points in X.
  return fit_method(estimator, *args, **kwargs)
/share/yangxizhong/env/anaconda/envs/deepconf/lib/python3.11/site-packages/sklearn/base.py:1365: ConvergenceWarning: Number of distinct clusters (1) found smaller than n_clusters (2). Possibly due to duplicate points in X.
  return fit_method(estimator, *args, **kwargs)
/share/yangxizhong/env/anaconda/envs/deepconf/lib/python3.11/site-packages/sklearn/base.py:1365: ConvergenceWarning: Number of distinct clusters (1) found smaller than n_clusters (2). Possibly due to duplicate points in X.
  return fit_method(estimator, *args, **kwargs)
/share/yangxizhong/env/anaconda/envs/deepconf/lib/python3.11/site-packages/sklearn/base.py:1365: ConvergenceWarning: Number of distinct clusters (1) found smaller than n_clusters (2). Possibly due to duplicate points in X.
  return fit_method(estimator, *args, **kwargs)
/share/yangxizhong/env/anaconda/envs/deepconf/lib/python3.11/site-packages/sklearn/base.py:1365: ConvergenceWarning: Number of distinct clusters (1) found smaller than n_clusters (2). Possibly due to duplicate points in X.
  return fit_method(estimator, *args, **kwargs)
/share/yangxizhong/env/anaconda/envs/deepconf/lib/python3.11/site-packages/sklearn/base.py:1365: ConvergenceWarning: Number of distinct clusters (1) found smaller than n_clusters (2). Possibly due to duplicate points in X.
  return fit_method(estimator, *args, **kwargs)
/share/yangxizhong/env/anaconda/envs/deepconf/lib/python3.11/site-packages/sklearn/base.py:1365: ConvergenceWarning: Number of distinct clusters (1) found smaller than n_clusters (2). Possibly due to duplicate points in X.
  return fit_method(estimator, *args, **kwargs)
/share/yangxizhong/env/anaconda/envs/deepconf/lib/python3.11/site-packages/sklearn/base.py:1365: ConvergenceWarning: Number of distinct clusters (1) found smaller than n_clusters (2). Possibly due to duplicate points in X.
  return fit_method(estimator, *args, **kwargs)
/share/yangxizhong/env/anaconda/envs/deepconf/lib/python3.11/site-packages/sklearn/base.py:1365: ConvergenceWarning: Number of distinct clusters (1) found smaller than n_clusters (2). Possibly due to duplicate points in X.
  return fit_method(estimator, *args, **kwargs)
/share/yangxizhong/env/anaconda/envs/deepconf/lib/python3.11/site-packages/sklearn/base.py:1365: ConvergenceWarning: Number of distinct clusters (1) found smaller than n_clusters (2). Possibly due to duplicate points in X.
  return fit_method(estimator, *args, **kwargs)
/share/yangxizhong/env/anaconda/envs/deepconf/lib/python3.11/site-packages/sklearn/base.py:1365: ConvergenceWarning: Number of distinct clusters (1) found smaller than n_clusters (2). Possibly due to duplicate points in X.
  return fit_method(estimator, *args, **kwargs)
/share/yangxizhong/env/anaconda/envs/deepconf/lib/python3.11/site-packages/sklearn/base.py:1365: ConvergenceWarning: Number of distinct clusters (1) found smaller than n_clusters (2). Possibly due to duplicate points in X.
  return fit_method(estimator, *args, **kwargs)
/share/yangxizhong/env/anaconda/envs/deepconf/lib/python3.11/site-packages/sklearn/base.py:1365: ConvergenceWarning: Number of distinct clusters (1) found smaller than n_clusters (2). Possibly due to duplicate points in X.
  return fit_method(estimator, *args, **kwargs)
/share/yangxizhong/env/anaconda/envs/deepconf/lib/python3.11/site-packages/sklearn/base.py:1365: ConvergenceWarning: Number of distinct clusters (1) found smaller than n_clusters (2). Possibly due to duplicate points in X.
  return fit_method(estimator, *args, **kwargs)
/share/yangxizhong/env/anaconda/envs/deepconf/lib/python3.11/site-packages/sklearn/base.py:1365: ConvergenceWarning: Number of distinct clusters (1) found smaller than n_clusters (2). Possibly due to duplicate points in X.
  return fit_method(estimator, *args, **kwargs)
/share/yangxizhong/env/anaconda/envs/deepconf/lib/python3.11/site-packages/sklearn/base.py:1365: ConvergenceWarning: Number of distinct clusters (1) found smaller than n_clusters (2). Possibly due to duplicate points in X.
  return fit_method(estimator, *args, **kwargs)
/share/yangxizhong/env/anaconda/envs/deepconf/lib/python3.11/site-packages/sklearn/base.py:1365: ConvergenceWarning: Number of distinct clusters (1) found smaller than n_clusters (2). Possibly due to duplicate points in X.
  return fit_method(estimator, *args, **kwargs)
/share/yangxizhong/env/anaconda/envs/deepconf/lib/python3.11/site-packages/sklearn/base.py:1365: ConvergenceWarning: Number of distinct clusters (1) found smaller than n_clusters (2). Possibly due to duplicate points in X.
  return fit_method(estimator, *args, **kwargs)
/share/yangxizhong/env/anaconda/envs/deepconf/lib/python3.11/site-packages/sklearn/base.py:1365: ConvergenceWarning: Number of distinct clusters (1) found smaller than n_clusters (2). Possibly due to duplicate points in X.
  return fit_method(estimator, *args, **kwargs)
/share/yangxizhong/env/anaconda/envs/deepconf/lib/python3.11/site-packages/sklearn/base.py:1365: ConvergenceWarning: Number of distinct clusters (1) found smaller than n_clusters (2). Possibly due to duplicate points in X.
  return fit_method(estimator, *args, **kwargs)
/share/yangxizhong/env/anaconda/envs/deepconf/lib/python3.11/site-packages/sklearn/base.py:1365: ConvergenceWarning: Number of distinct clusters (1) found smaller than n_clusters (2). Possibly due to duplicate points in X.
  return fit_method(estimator, *args, **kwargs)
/share/yangxizhong/env/anaconda/envs/deepconf/lib/python3.11/site-packages/sklearn/base.py:1365: ConvergenceWarning: Number of distinct clusters (1) found smaller than n_clusters (2). Possibly due to duplicate points in X.
  return fit_method(estimator, *args, **kwargs)
/share/yangxizhong/env/anaconda/envs/deepconf/lib/python3.11/site-packages/sklearn/base.py:1365: ConvergenceWarning: Number of distinct clusters (1) found smaller than n_clusters (2). Possibly due to duplicate points in X.
  return fit_method(estimator, *args, **kwargs)
/share/yangxizhong/env/anaconda/envs/deepconf/lib/python3.11/site-packages/sklearn/base.py:1365: ConvergenceWarning: Number of distinct clusters (1) found smaller than n_clusters (2). Possibly due to duplicate points in X.
  return fit_method(estimator, *args, **kwargs)
/share/yangxizhong/env/anaconda/envs/deepconf/lib/python3.11/site-packages/sklearn/base.py:1365: ConvergenceWarning: Number of distinct clusters (1) found smaller than n_clusters (2). Possibly due to duplicate points in X.
  return fit_method(estimator, *args, **kwargs)
/share/yangxizhong/env/anaconda/envs/deepconf/lib/python3.11/site-packages/sklearn/base.py:1365: ConvergenceWarning: Number of distinct clusters (1) found smaller than n_clusters (2). Possibly due to duplicate points in X.
  return fit_method(estimator, *args, **kwargs)
/share/yangxizhong/env/anaconda/envs/deepconf/lib/python3.11/site-packages/sklearn/base.py:1365: ConvergenceWarning: Number of distinct clusters (1) found smaller than n_clusters (2). Possibly due to duplicate points in X.
  return fit_method(estimator, *args, **kwargs)
/share/yangxizhong/env/anaconda/envs/deepconf/lib/python3.11/site-packages/sklearn/base.py:1365: ConvergenceWarning: Number of distinct clusters (1) found smaller than n_clusters (2). Possibly due to duplicate points in X.
  return fit_method(estimator, *args, **kwargs)
/share/yangxizhong/env/anaconda/envs/deepconf/lib/python3.11/site-packages/sklearn/base.py:1365: ConvergenceWarning: Number of distinct clusters (1) found smaller than n_clusters (2). Possibly due to duplicate points in X.
  return fit_method(estimator, *args, **kwargs)
/share/yangxizhong/env/anaconda/envs/deepconf/lib/python3.11/site-packages/sklearn/base.py:1365: ConvergenceWarning: Number of distinct clusters (1) found smaller than n_clusters (2). Possibly due to duplicate points in X.
  return fit_method(estimator, *args, **kwargs)
/share/yangxizhong/env/anaconda/envs/deepconf/lib/python3.11/site-packages/sklearn/base.py:1365: ConvergenceWarning: Number of distinct clusters (1) found smaller than n_clusters (2). Possibly due to duplicate points in X.
  return fit_method(estimator, *args, **kwargs)
/share/yangxizhong/env/anaconda/envs/deepconf/lib/python3.11/site-packages/sklearn/base.py:1365: ConvergenceWarning: Number of distinct clusters (1) found smaller than n_clusters (2). Possibly due to duplicate points in X.
  return fit_method(estimator, *args, **kwargs)
/share/yangxizhong/env/anaconda/envs/deepconf/lib/python3.11/site-packages/sklearn/base.py:1365: ConvergenceWarning: Number of distinct clusters (1) found smaller than n_clusters (2). Possibly due to duplicate points in X.
  return fit_method(estimator, *args, **kwargs)
/share/yangxizhong/env/anaconda/envs/deepconf/lib/python3.11/site-packages/sklearn/base.py:1365: ConvergenceWarning: Number of distinct clusters (1) found smaller than n_clusters (2). Possibly due to duplicate points in X.
  return fit_method(estimator, *args, **kwargs)
/share/yangxizhong/env/anaconda/envs/deepconf/lib/python3.11/site-packages/sklearn/base.py:1365: ConvergenceWarning: Number of distinct clusters (1) found smaller than n_clusters (2). Possibly due to duplicate points in X.
  return fit_method(estimator, *args, **kwargs)
/share/yangxizhong/env/anaconda/envs/deepconf/lib/python3.11/site-packages/sklearn/base.py:1365: ConvergenceWarning: Number of distinct clusters (1) found smaller than n_clusters (2). Possibly due to duplicate points in X.
  return fit_method(estimator, *args, **kwargs)
/share/yangxizhong/env/anaconda/envs/deepconf/lib/python3.11/site-packages/sklearn/base.py:1365: ConvergenceWarning: Number of distinct clusters (1) found smaller than n_clusters (2). Possibly due to duplicate points in X.
  return fit_method(estimator, *args, **kwargs)
/share/yangxizhong/env/anaconda/envs/deepconf/lib/python3.11/site-packages/sklearn/base.py:1365: ConvergenceWarning: Number of distinct clusters (1) found smaller than n_clusters (2). Possibly due to duplicate points in X.
  return fit_method(estimator, *args, **kwargs)
/share/yangxizhong/env/anaconda/envs/deepconf/lib/python3.11/site-packages/sklearn/base.py:1365: ConvergenceWarning: Number of distinct clusters (1) found smaller than n_clusters (2). Possibly due to duplicate points in X.
  return fit_method(estimator, *args, **kwargs)
/share/yangxizhong/env/anaconda/envs/deepconf/lib/python3.11/site-packages/sklearn/base.py:1365: ConvergenceWarning: Number of distinct clusters (1) found smaller than n_clusters (2). Possibly due to duplicate points in X.
  return fit_method(estimator, *args, **kwargs)
/share/yangxizhong/env/anaconda/envs/deepconf/lib/python3.11/site-packages/sklearn/base.py:1365: ConvergenceWarning: Number of distinct clusters (1) found smaller than n_clusters (2). Possibly due to duplicate points in X.
  return fit_method(estimator, *args, **kwargs)
/share/yangxizhong/env/anaconda/envs/deepconf/lib/python3.11/site-packages/sklearn/base.py:1365: ConvergenceWarning: Number of distinct clusters (1) found smaller than n_clusters (2). Possibly due to duplicate points in X.
  return fit_method(estimator, *args, **kwargs)
/share/yangxizhong/env/anaconda/envs/deepconf/lib/python3.11/site-packages/sklearn/base.py:1365: ConvergenceWarning: Number of distinct clusters (1) found smaller than n_clusters (2). Possibly due to duplicate points in X.
  return fit_method(estimator, *args, **kwargs)
/share/yangxizhong/env/anaconda/envs/deepconf/lib/python3.11/site-packages/sklearn/base.py:1365: ConvergenceWarning: Number of distinct clusters (1) found smaller than n_clusters (2). Possibly due to duplicate points in X.
  return fit_method(estimator, *args, **kwargs)
/share/yangxizhong/env/anaconda/envs/deepconf/lib/python3.11/site-packages/sklearn/base.py:1365: ConvergenceWarning: Number of distinct clusters (1) found smaller than n_clusters (2). Possibly due to duplicate points in X.
  return fit_method(estimator, *args, **kwargs)
/share/yangxizhong/env/anaconda/envs/deepconf/lib/python3.11/site-packages/sklearn/base.py:1365: ConvergenceWarning: Number of distinct clusters (1) found smaller than n_clusters (2). Possibly due to duplicate points in X.
  return fit_method(estimator, *args, **kwargs)
/share/yangxizhong/env/anaconda/envs/deepconf/lib/python3.11/site-packages/sklearn/base.py:1365: ConvergenceWarning: Number of distinct clusters (1) found smaller than n_clusters (2). Possibly due to duplicate points in X.
  return fit_method(estimator, *args, **kwargs)
/share/yangxizhong/env/anaconda/envs/deepconf/lib/python3.11/site-packages/sklearn/base.py:1365: ConvergenceWarning: Number of distinct clusters (1) found smaller than n_clusters (2). Possibly due to duplicate points in X.
  return fit_method(estimator, *args, **kwargs)
/share/yangxizhong/env/anaconda/envs/deepconf/lib/python3.11/site-packages/sklearn/base.py:1365: ConvergenceWarning: Number of distinct clusters (1) found smaller than n_clusters (2). Possibly due to duplicate points in X.
  return fit_method(estimator, *args, **kwargs)
/share/yangxizhong/env/anaconda/envs/deepconf/lib/python3.11/site-packages/sklearn/base.py:1365: ConvergenceWarning: Number of distinct clusters (1) found smaller than n_clusters (2). Possibly due to duplicate points in X.
  return fit_method(estimator, *args, **kwargs)
/share/yangxizhong/env/anaconda/envs/deepconf/lib/python3.11/site-packages/sklearn/base.py:1365: ConvergenceWarning: Number of distinct clusters (1) found smaller than n_clusters (2). Possibly due to duplicate points in X.
  return fit_method(estimator, *args, **kwargs)
/share/yangxizhong/env/anaconda/envs/deepconf/lib/python3.11/site-packages/sklearn/base.py:1365: ConvergenceWarning: Number of distinct clusters (1) found smaller than n_clusters (2). Possibly due to duplicate points in X.
  return fit_method(estimator, *args, **kwargs)
/share/yangxizhong/env/anaconda/envs/deepconf/lib/python3.11/site-packages/sklearn/base.py:1365: ConvergenceWarning: Number of distinct clusters (1) found smaller than n_clusters (2). Possibly due to duplicate points in X.
  return fit_method(estimator, *args, **kwargs)
/share/yangxizhong/env/anaconda/envs/deepconf/lib/python3.11/site-packages/sklearn/base.py:1365: ConvergenceWarning: Number of distinct clusters (1) found smaller than n_clusters (2). Possibly due to duplicate points in X.
  return fit_method(estimator, *args, **kwargs)
/share/yangxizhong/env/anaconda/envs/deepconf/lib/python3.11/site-packages/sklearn/base.py:1365: ConvergenceWarning: Number of distinct clusters (1) found smaller than n_clusters (2). Possibly due to duplicate points in X.
  return fit_method(estimator, *args, **kwargs)
/share/yangxizhong/env/anaconda/envs/deepconf/lib/python3.11/site-packages/sklearn/base.py:1365: ConvergenceWarning: Number of distinct clusters (1) found smaller than n_clusters (2). Possibly due to duplicate points in X.
  return fit_method(estimator, *args, **kwargs)
/share/yangxizhong/env/anaconda/envs/deepconf/lib/python3.11/site-packages/sklearn/base.py:1365: ConvergenceWarning: Number of distinct clusters (1) found smaller than n_clusters (2). Possibly due to duplicate points in X.
  return fit_method(estimator, *args, **kwargs)
/share/yangxizhong/env/anaconda/envs/deepconf/lib/python3.11/site-packages/sklearn/base.py:1365: ConvergenceWarning: Number of distinct clusters (1) found smaller than n_clusters (2). Possibly due to duplicate points in X.
  return fit_method(estimator, *args, **kwargs)
/share/yangxizhong/env/anaconda/envs/deepconf/lib/python3.11/site-packages/sklearn/base.py:1365: ConvergenceWarning: Number of distinct clusters (1) found smaller than n_clusters (2). Possibly due to duplicate points in X.
  return fit_method(estimator, *args, **kwargs)
/share/yangxizhong/env/anaconda/envs/deepconf/lib/python3.11/site-packages/sklearn/base.py:1365: ConvergenceWarning: Number of distinct clusters (1) found smaller than n_clusters (2). Possibly due to duplicate points in X.
  return fit_method(estimator, *args, **kwargs)
/share/yangxizhong/env/anaconda/envs/deepconf/lib/python3.11/site-packages/sklearn/base.py:1365: ConvergenceWarning: Number of distinct clusters (1) found smaller than n_clusters (2). Possibly due to duplicate points in X.
  return fit_method(estimator, *args, **kwargs)
/share/yangxizhong/env/anaconda/envs/deepconf/lib/python3.11/site-packages/sklearn/base.py:1365: ConvergenceWarning: Number of distinct clusters (1) found smaller than n_clusters (2). Possibly due to duplicate points in X.
  return fit_method(estimator, *args, **kwargs)
/share/yangxizhong/env/anaconda/envs/deepconf/lib/python3.11/site-packages/sklearn/base.py:1365: ConvergenceWarning: Number of distinct clusters (1) found smaller than n_clusters (2). Possibly due to duplicate points in X.
  return fit_method(estimator, *args, **kwargs)
/share/yangxizhong/env/anaconda/envs/deepconf/lib/python3.11/site-packages/sklearn/base.py:1365: ConvergenceWarning: Number of distinct clusters (1) found smaller than n_clusters (2). Possibly due to duplicate points in X.
  return fit_method(estimator, *args, **kwargs)
/share/yangxizhong/env/anaconda/envs/deepconf/lib/python3.11/site-packages/sklearn/base.py:1365: ConvergenceWarning: Number of distinct clusters (1) found smaller than n_clusters (2). Possibly due to duplicate points in X.
  return fit_method(estimator, *args, **kwargs)
/share/yangxizhong/env/anaconda/envs/deepconf/lib/python3.11/site-packages/sklearn/base.py:1365: ConvergenceWarning: Number of distinct clusters (1) found smaller than n_clusters (2). Possibly due to duplicate points in X.
  return fit_method(estimator, *args, **kwargs)
/share/yangxizhong/env/anaconda/envs/deepconf/lib/python3.11/site-packages/sklearn/base.py:1365: ConvergenceWarning: Number of distinct clusters (1) found smaller than n_clusters (2). Possibly due to duplicate points in X.
  return fit_method(estimator, *args, **kwargs)
/share/yangxizhong/env/anaconda/envs/deepconf/lib/python3.11/site-packages/sklearn/base.py:1365: ConvergenceWarning: Number of distinct clusters (1) found smaller than n_clusters (2). Possibly due to duplicate points in X.
  return fit_method(estimator, *args, **kwargs)
/share/yangxizhong/env/anaconda/envs/deepconf/lib/python3.11/site-packages/sklearn/base.py:1365: ConvergenceWarning: Number of distinct clusters (1) found smaller than n_clusters (2). Possibly due to duplicate points in X.
  return fit_method(estimator, *args, **kwargs)
/share/yangxizhong/env/anaconda/envs/deepconf/lib/python3.11/site-packages/sklearn/base.py:1365: ConvergenceWarning: Number of distinct clusters (1) found smaller than n_clusters (2). Possibly due to duplicate points in X.
  return fit_method(estimator, *args, **kwargs)
/share/yangxizhong/env/anaconda/envs/deepconf/lib/python3.11/site-packages/sklearn/base.py:1365: ConvergenceWarning: Number of distinct clusters (1) found smaller than n_clusters (2). Possibly due to duplicate points in X.
  return fit_method(estimator, *args, **kwargs)
/share/yangxizhong/env/anaconda/envs/deepconf/lib/python3.11/site-packages/sklearn/base.py:1365: ConvergenceWarning: Number of distinct clusters (1) found smaller than n_clusters (2). Possibly due to duplicate points in X.
  return fit_method(estimator, *args, **kwargs)
/share/yangxizhong/env/anaconda/envs/deepconf/lib/python3.11/site-packages/sklearn/base.py:1365: ConvergenceWarning: Number of distinct clusters (1) found smaller than n_clusters (2). Possibly due to duplicate points in X.
  return fit_method(estimator, *args, **kwargs)
/share/yangxizhong/env/anaconda/envs/deepconf/lib/python3.11/site-packages/sklearn/base.py:1365: ConvergenceWarning: Number of distinct clusters (1) found smaller than n_clusters (2). Possibly due to duplicate points in X.
  return fit_method(estimator, *args, **kwargs)
/share/yangxizhong/env/anaconda/envs/deepconf/lib/python3.11/site-packages/sklearn/base.py:1365: ConvergenceWarning: Number of distinct clusters (1) found smaller than n_clusters (2). Possibly due to duplicate points in X.
  return fit_method(estimator, *args, **kwargs)
/share/yangxizhong/env/anaconda/envs/deepconf/lib/python3.11/site-packages/sklearn/base.py:1365: ConvergenceWarning: Number of distinct clusters (1) found smaller than n_clusters (2). Possibly due to duplicate points in X.
  return fit_method(estimator, *args, **kwargs)
/share/yangxizhong/env/anaconda/envs/deepconf/lib/python3.11/site-packages/sklearn/base.py:1365: ConvergenceWarning: Number of distinct clusters (1) found smaller than n_clusters (2). Possibly due to duplicate points in X.
  return fit_method(estimator, *args, **kwargs)
/share/yangxizhong/env/anaconda/envs/deepconf/lib/python3.11/site-packages/sklearn/base.py:1365: ConvergenceWarning: Number of distinct clusters (1) found smaller than n_clusters (2). Possibly due to duplicate points in X.
  return fit_method(estimator, *args, **kwargs)
/share/yangxizhong/env/anaconda/envs/deepconf/lib/python3.11/site-packages/sklearn/base.py:1365: ConvergenceWarning: Number of distinct clusters (1) found smaller than n_clusters (2). Possibly due to duplicate points in X.
  return fit_method(estimator, *args, **kwargs)
/share/yangxizhong/env/anaconda/envs/deepconf/lib/python3.11/site-packages/sklearn/base.py:1365: ConvergenceWarning: Number of distinct clusters (1) found smaller than n_clusters (2). Possibly due to duplicate points in X.
  return fit_method(estimator, *args, **kwargs)
/share/yangxizhong/env/anaconda/envs/deepconf/lib/python3.11/site-packages/sklearn/base.py:1365: ConvergenceWarning: Number of distinct clusters (1) found smaller than n_clusters (2). Possibly due to duplicate points in X.
  return fit_method(estimator, *args, **kwargs)
/share/yangxizhong/env/anaconda/envs/deepconf/lib/python3.11/site-packages/sklearn/base.py:1365: ConvergenceWarning: Number of distinct clusters (1) found smaller than n_clusters (2). Possibly due to duplicate points in X.
  return fit_method(estimator, *args, **kwargs)
/share/yangxizhong/env/anaconda/envs/deepconf/lib/python3.11/site-packages/sklearn/base.py:1365: ConvergenceWarning: Number of distinct clusters (1) found smaller than n_clusters (2). Possibly due to duplicate points in X.
  return fit_method(estimator, *args, **kwargs)
/share/yangxizhong/env/anaconda/envs/deepconf/lib/python3.11/site-packages/sklearn/base.py:1365: ConvergenceWarning: Number of distinct clusters (1) found smaller than n_clusters (2). Possibly due to duplicate points in X.
  return fit_method(estimator, *args, **kwargs)
/share/yangxizhong/env/anaconda/envs/deepconf/lib/python3.11/site-packages/sklearn/base.py:1365: ConvergenceWarning: Number of distinct clusters (1) found smaller than n_clusters (2). Possibly due to duplicate points in X.
  return fit_method(estimator, *args, **kwargs)
/share/yangxizhong/env/anaconda/envs/deepconf/lib/python3.11/site-packages/sklearn/base.py:1365: ConvergenceWarning: Number of distinct clusters (1) found smaller than n_clusters (2). Possibly due to duplicate points in X.
  return fit_method(estimator, *args, **kwargs)
/share/yangxizhong/env/anaconda/envs/deepconf/lib/python3.11/site-packages/sklearn/base.py:1365: ConvergenceWarning: Number of distinct clusters (1) found smaller than n_clusters (2). Possibly due to duplicate points in X.
  return fit_method(estimator, *args, **kwargs)
/share/yangxizhong/env/anaconda/envs/deepconf/lib/python3.11/site-packages/sklearn/base.py:1365: ConvergenceWarning: Number of distinct clusters (1) found smaller than n_clusters (2). Possibly due to duplicate points in X.
  return fit_method(estimator, *args, **kwargs)
/share/yangxizhong/env/anaconda/envs/deepconf/lib/python3.11/site-packages/sklearn/base.py:1365: ConvergenceWarning: Number of distinct clusters (1) found smaller than n_clusters (2). Possibly due to duplicate points in X.
  return fit_method(estimator, *args, **kwargs)
/share/yangxizhong/env/anaconda/envs/deepconf/lib/python3.11/site-packages/sklearn/base.py:1365: ConvergenceWarning: Number of distinct clusters (1) found smaller than n_clusters (2). Possibly due to duplicate points in X.
  return fit_method(estimator, *args, **kwargs)
/share/yangxizhong/env/anaconda/envs/deepconf/lib/python3.11/site-packages/sklearn/base.py:1365: ConvergenceWarning: Number of distinct clusters (1) found smaller than n_clusters (2). Possibly due to duplicate points in X.
  return fit_method(estimator, *args, **kwargs)
/share/yangxizhong/env/anaconda/envs/deepconf/lib/python3.11/site-packages/sklearn/base.py:1365: ConvergenceWarning: Number of distinct clusters (1) found smaller than n_clusters (2). Possibly due to duplicate points in X.
  return fit_method(estimator, *args, **kwargs)
/share/yangxizhong/env/anaconda/envs/deepconf/lib/python3.11/site-packages/sklearn/base.py:1365: ConvergenceWarning: Number of distinct clusters (1) found smaller than n_clusters (2). Possibly due to duplicate points in X.
  return fit_method(estimator, *args, **kwargs)
/share/yangxizhong/env/anaconda/envs/deepconf/lib/python3.11/site-packages/sklearn/base.py:1365: ConvergenceWarning: Number of distinct clusters (1) found smaller than n_clusters (2). Possibly due to duplicate points in X.
  return fit_method(estimator, *args, **kwargs)
/share/yangxizhong/env/anaconda/envs/deepconf/lib/python3.11/site-packages/sklearn/base.py:1365: ConvergenceWarning: Number of distinct clusters (1) found smaller than n_clusters (2). Possibly due to duplicate points in X.
  return fit_method(estimator, *args, **kwargs)
/share/yangxizhong/env/anaconda/envs/deepconf/lib/python3.11/site-packages/sklearn/base.py:1365: ConvergenceWarning: Number of distinct clusters (1) found smaller than n_clusters (2). Possibly due to duplicate points in X.
  return fit_method(estimator, *args, **kwargs)
/share/yangxizhong/env/anaconda/envs/deepconf/lib/python3.11/site-packages/sklearn/base.py:1365: ConvergenceWarning: Number of distinct clusters (1) found smaller than n_clusters (2). Possibly due to duplicate points in X.
  return fit_method(estimator, *args, **kwargs)
/share/yangxizhong/env/anaconda/envs/deepconf/lib/python3.11/site-packages/sklearn/base.py:1365: ConvergenceWarning: Number of distinct clusters (1) found smaller than n_clusters (2). Possibly due to duplicate points in X.
  return fit_method(estimator, *args, **kwargs)
/share/yangxizhong/env/anaconda/envs/deepconf/lib/python3.11/site-packages/sklearn/base.py:1365: ConvergenceWarning: Number of distinct clusters (1) found smaller than n_clusters (2). Possibly due to duplicate points in X.
  return fit_method(estimator, *args, **kwargs)
/share/yangxizhong/env/anaconda/envs/deepconf/lib/python3.11/site-packages/sklearn/base.py:1365: ConvergenceWarning: Number of distinct clusters (1) found smaller than n_clusters (2). Possibly due to duplicate points in X.
  return fit_method(estimator, *args, **kwargs)
/share/yangxizhong/env/anaconda/envs/deepconf/lib/python3.11/site-packages/sklearn/base.py:1365: ConvergenceWarning: Number of distinct clusters (1) found smaller than n_clusters (2). Possibly due to duplicate points in X.
  return fit_method(estimator, *args, **kwargs)
/share/yangxizhong/env/anaconda/envs/deepconf/lib/python3.11/site-packages/sklearn/base.py:1365: ConvergenceWarning: Number of distinct clusters (1) found smaller than n_clusters (2). Possibly due to duplicate points in X.
  return fit_method(estimator, *args, **kwargs)
/share/yangxizhong/env/anaconda/envs/deepconf/lib/python3.11/site-packages/sklearn/base.py:1365: ConvergenceWarning: Number of distinct clusters (1) found smaller than n_clusters (2). Possibly due to duplicate points in X.
  return fit_method(estimator, *args, **kwargs)
/share/yangxizhong/env/anaconda/envs/deepconf/lib/python3.11/site-packages/sklearn/base.py:1365: ConvergenceWarning: Number of distinct clusters (1) found smaller than n_clusters (2). Possibly due to duplicate points in X.
  return fit_method(estimator, *args, **kwargs)
/share/yangxizhong/env/anaconda/envs/deepconf/lib/python3.11/site-packages/sklearn/base.py:1365: ConvergenceWarning: Number of distinct clusters (1) found smaller than n_clusters (2). Possibly due to duplicate points in X.
  return fit_method(estimator, *args, **kwargs)
/share/yangxizhong/env/anaconda/envs/deepconf/lib/python3.11/site-packages/sklearn/base.py:1365: ConvergenceWarning: Number of distinct clusters (1) found smaller than n_clusters (2). Possibly due to duplicate points in X.
  return fit_method(estimator, *args, **kwargs)
/share/yangxizhong/env/anaconda/envs/deepconf/lib/python3.11/site-packages/sklearn/base.py:1365: ConvergenceWarning: Number of distinct clusters (1) found smaller than n_clusters (2). Possibly due to duplicate points in X.
  return fit_method(estimator, *args, **kwargs)
/share/yangxizhong/env/anaconda/envs/deepconf/lib/python3.11/site-packages/sklearn/base.py:1365: ConvergenceWarning: Number of distinct clusters (1) found smaller than n_clusters (2). Possibly due to duplicate points in X.
  return fit_method(estimator, *args, **kwargs)
/share/yangxizhong/env/anaconda/envs/deepconf/lib/python3.11/site-packages/sklearn/base.py:1365: ConvergenceWarning: Number of distinct clusters (1) found smaller than n_clusters (2). Possibly due to duplicate points in X.
  return fit_method(estimator, *args, **kwargs)
/share/yangxizhong/env/anaconda/envs/deepconf/lib/python3.11/site-packages/sklearn/base.py:1365: ConvergenceWarning: Number of distinct clusters (1) found smaller than n_clusters (2). Possibly due to duplicate points in X.
  return fit_method(estimator, *args, **kwargs)
/share/yangxizhong/env/anaconda/envs/deepconf/lib/python3.11/site-packages/sklearn/base.py:1365: ConvergenceWarning: Number of distinct clusters (1) found smaller than n_clusters (2). Possibly due to duplicate points in X.
  return fit_method(estimator, *args, **kwargs)
/share/yangxizhong/env/anaconda/envs/deepconf/lib/python3.11/site-packages/sklearn/base.py:1365: ConvergenceWarning: Number of distinct clusters (1) found smaller than n_clusters (2). Possibly due to duplicate points in X.
  return fit_method(estimator, *args, **kwargs)
/share/yangxizhong/env/anaconda/envs/deepconf/lib/python3.11/site-packages/sklearn/base.py:1365: ConvergenceWarning: Number of distinct clusters (1) found smaller than n_clusters (2). Possibly due to duplicate points in X.
  return fit_method(estimator, *args, **kwargs)
/share/yangxizhong/env/anaconda/envs/deepconf/lib/python3.11/site-packages/sklearn/base.py:1365: ConvergenceWarning: Number of distinct clusters (1) found smaller than n_clusters (2). Possibly due to duplicate points in X.
  return fit_method(estimator, *args, **kwargs)
/share/yangxizhong/env/anaconda/envs/deepconf/lib/python3.11/site-packages/sklearn/base.py:1365: ConvergenceWarning: Number of distinct clusters (1) found smaller than n_clusters (2). Possibly due to duplicate points in X.
  return fit_method(estimator, *args, **kwargs)
/share/yangxizhong/env/anaconda/envs/deepconf/lib/python3.11/site-packages/sklearn/base.py:1365: ConvergenceWarning: Number of distinct clusters (1) found smaller than n_clusters (2). Possibly due to duplicate points in X.
  return fit_method(estimator, *args, **kwargs)
/share/yangxizhong/env/anaconda/envs/deepconf/lib/python3.11/site-packages/sklearn/base.py:1365: ConvergenceWarning: Number of distinct clusters (1) found smaller than n_clusters (2). Possibly due to duplicate points in X.
  return fit_method(estimator, *args, **kwargs)
/share/yangxizhong/env/anaconda/envs/deepconf/lib/python3.11/site-packages/sklearn/base.py:1365: ConvergenceWarning: Number of distinct clusters (1) found smaller than n_clusters (2). Possibly due to duplicate points in X.
  return fit_method(estimator, *args, **kwargs)
/share/yangxizhong/env/anaconda/envs/deepconf/lib/python3.11/site-packages/sklearn/base.py:1365: ConvergenceWarning: Number of distinct clusters (1) found smaller than n_clusters (2). Possibly due to duplicate points in X.
  return fit_method(estimator, *args, **kwargs)
/share/yangxizhong/env/anaconda/envs/deepconf/lib/python3.11/site-packages/sklearn/base.py:1365: ConvergenceWarning: Number of distinct clusters (1) found smaller than n_clusters (2). Possibly due to duplicate points in X.
  return fit_method(estimator, *args, **kwargs)
/share/yangxizhong/env/anaconda/envs/deepconf/lib/python3.11/site-packages/sklearn/base.py:1365: ConvergenceWarning: Number of distinct clusters (1) found smaller than n_clusters (2). Possibly due to duplicate points in X.
  return fit_method(estimator, *args, **kwargs)
/share/yangxizhong/env/anaconda/envs/deepconf/lib/python3.11/site-packages/sklearn/base.py:1365: ConvergenceWarning: Number of distinct clusters (1) found smaller than n_clusters (2). Possibly due to duplicate points in X.
  return fit_method(estimator, *args, **kwargs)
/share/yangxizhong/env/anaconda/envs/deepconf/lib/python3.11/site-packages/sklearn/base.py:1365: ConvergenceWarning: Number of distinct clusters (1) found smaller than n_clusters (2). Possibly due to duplicate points in X.
  return fit_method(estimator, *args, **kwargs)
 85%|████████▍ | 11/13 [21:11<06:03, 181.91s/it] 92%|█████████▏| 12/13 [21:44<02:16, 136.54s/it]100%|██████████| 13/13 [22:22<00:00, 106.61s/it]100%|██████████| 13/13 [22:22<00:00, 103.25s/it]
Processing SC with params (0, 0, 'SC', None, None)
Processing 29 files with threading...
hmmt2025_ssc voting acc: 0.20474137931034483
Processing 198 files with threading...
gpqad_ssc voting acc: 0.5588699494949495
Processing 30 files with threading...
aime2024_ssc voting acc: 0.4984375
Processing 29 files with threading...
aime2025_ssc voting acc: 0.32489224137931033
Processing 29 files with threading...
brumo2025_ssc voting acc: 0.5043103448275862
结果已动态更新到: /share/yangxizhong/workspace/step_level_deepconf/output/result/voting/Qwen3-14B-NonThinking-core-All-Avg64ofB128-AllAblation-ssc-repeat1.xlsx
Processing BoN with params (0, 0, 'BoN', None, None)
Processing 29 files with threading...
hmmt2025_ssc voting acc: 0.17349137931034483
Processing 198 files with threading...
gpqad_ssc voting acc: 0.5419823232323232
Processing 30 files with threading...
aime2024_ssc voting acc: 0.3932291666666667
Processing 29 files with threading...
aime2025_ssc voting acc: 0.37122844827586204
Processing 29 files with threading...
brumo2025_ssc voting acc: 0.36530172413793105
结果已动态更新到: /share/yangxizhong/workspace/step_level_deepconf/output/result/voting/Qwen3-14B-NonThinking-core-All-Avg64ofB128-AllAblation-ssc-repeat1.xlsx
Processing MoB-Adaptive with params (1, 0, 'MoB-Adaptive', None, None)
Processing 29 files with threading...
hmmt2025_ssc voting acc: 0.23168103448275862
Processing 198 files with threading...
gpqad_ssc voting acc: 0.5748895202020202
Processing 30 files with threading...
aime2024_ssc voting acc: 0.5046875
Processing 29 files with threading...
aime2025_ssc voting acc: 0.4536637931034483
Processing 29 files with threading...
brumo2025_ssc voting acc: 0.5387931034482759
结果已动态更新到: /share/yangxizhong/workspace/step_level_deepconf/output/result/voting/Qwen3-14B-NonThinking-core-All-Avg64ofB128-AllAblation-ssc-repeat1.xlsx
Processing 0000-Top50-No-WSC with params (0, 0, 'Top50-No-WSC', 'top10', None)
Processing 29 files with threading...
hmmt2025_ssc voting acc: 0.2640086206896552
Processing 198 files with threading...
gpqad_ssc voting acc: 0.5661300505050505
Processing 30 files with threading...
aime2024_ssc voting acc: 0.5098958333333333
Processing 29 files with threading...
aime2025_ssc voting acc: 0.3615301724137931
Processing 29 files with threading...
brumo2025_ssc voting acc: 0.4983836206896552
结果已动态更新到: /share/yangxizhong/workspace/step_level_deepconf/output/result/voting/Qwen3-14B-NonThinking-core-All-Avg64ofB128-AllAblation-ssc-repeat1.xlsx
Processing 0100-GMM-No-WSC with params (0, 0, 'GMM-No-WSC', 'gmm', None)
Processing 29 files with threading...
hmmt2025_ssc voting acc: 0.25969827586206895
Processing 198 files with threading...
gpqad_ssc voting acc: 0.5628945707070707
Processing 30 files with threading...
aime2024_ssc voting acc: 0.4979166666666667
Processing 29 files with threading...
aime2025_ssc voting acc: 0.3776939655172414
Processing 29 files with threading...
brumo2025_ssc voting acc: 0.5145474137931034
结果已动态更新到: /share/yangxizhong/workspace/step_level_deepconf/output/result/voting/Qwen3-14B-NonThinking-core-All-Avg64ofB128-AllAblation-ssc-repeat1.xlsx
Processing 0010-Top50-Reject-WSC with params (0, 0, 'Top50-Reject-WSC', 'top10', None)
Processing 29 files with threading...
hmmt2025_ssc voting acc: 0.2645474137931034
Processing 198 files with threading...
gpqad_ssc voting acc: 0.5657354797979798
Processing 30 files with threading...
aime2024_ssc voting acc: 0.509375
Processing 29 files with threading...
aime2025_ssc voting acc: 0.3620689655172414
Processing 29 files with threading...
brumo2025_ssc voting acc: 0.4983836206896552
结果已动态更新到: /share/yangxizhong/workspace/step_level_deepconf/output/result/voting/Qwen3-14B-NonThinking-core-All-Avg64ofB128-AllAblation-ssc-repeat1.xlsx
Processing 0001-Top50-No-HierV with params (0, 0, 'Top50-No-HierV', 'top10', None)
Processing 29 files with threading...
hmmt2025_ssc voting acc: 0.2613146551724138
Processing 198 files with threading...
gpqad_ssc voting acc: 0.5707859848484849
Processing 30 files with threading...
aime2024_ssc voting acc: 0.5223958333333333
Processing 29 files with threading...
aime2025_ssc voting acc: 0.4019396551724138
Processing 29 files with threading...
brumo2025_ssc voting acc: 0.5350215517241379
结果已动态更新到: /share/yangxizhong/workspace/step_level_deepconf/output/result/voting/Qwen3-14B-NonThinking-core-All-Avg64ofB128-AllAblation-ssc-repeat1.xlsx
Processing 0110-GMM-Reject-WSC with params (0, 0, 'GMM-Reject-WSC', 'gmm', None)
Processing 29 files with threading...
hmmt2025_ssc voting acc: 0.2613146551724138
Processing 198 files with threading...
gpqad_ssc voting acc: 0.5648674242424242
Processing 30 files with threading...
aime2024_ssc voting acc: 0.49635416666666665
Processing 29 files with threading...
aime2025_ssc voting acc: 0.37823275862068967
Processing 29 files with threading...
brumo2025_ssc voting acc: 0.5123922413793104
结果已动态更新到: /share/yangxizhong/workspace/step_level_deepconf/output/result/voting/Qwen3-14B-NonThinking-core-All-Avg64ofB128-AllAblation-ssc-repeat1.xlsx
Processing 0101-GMM-No-HierV with params (0, 0, 'GMM-No-HierV', 'gmm', None)
Processing 29 files with threading...
hmmt2025_ssc voting acc: 0.25969827586206895
Processing 198 files with threading...
gpqad_ssc voting acc: 0.5651041666666666
Processing 30 files with threading...
aime2024_ssc voting acc: 0.5046875
Processing 29 files with threading...
aime2025_ssc voting acc: 0.39762931034482757
Processing 29 files with threading...
brumo2025_ssc voting acc: 0.5269396551724138
结果已动态更新到: /share/yangxizhong/workspace/step_level_deepconf/output/result/voting/Qwen3-14B-NonThinking-core-All-Avg64ofB128-AllAblation-ssc-repeat1.xlsx
Processing 0011-Top50-Reject-HierV with params (0, 0, 'Top50-Reject-HierV', 'top10', None)
Processing 29 files with threading...
hmmt2025_ssc voting acc: 0.25915948275862066
Processing 198 files with threading...
gpqad_ssc voting acc: 0.5699179292929293
Processing 30 files with threading...
aime2024_ssc voting acc: 0.525
Processing 29 files with threading...
aime2025_ssc voting acc: 0.4019396551724138
Processing 29 files with threading...
brumo2025_ssc voting acc: 0.5393318965517241
结果已动态更新到: /share/yangxizhong/workspace/step_level_deepconf/output/result/voting/Qwen3-14B-NonThinking-core-All-Avg64ofB128-AllAblation-ssc-repeat1.xlsx
Processing 0111-GMM-Reject-HierV with params (0, 0, 'GMM-Reject-HierV', 'gmm', None)
Processing 29 files with threading...
hmmt2025_ssc voting acc: 0.25915948275862066
Processing 198 files with threading...
gpqad_ssc voting acc: 0.5623421717171717
Processing 30 files with threading...
aime2024_ssc voting acc: 0.503125
Processing 29 files with threading...
aime2025_ssc voting acc: 0.39762931034482757
Processing 29 files with threading...
brumo2025_ssc voting acc: 0.5150862068965517
结果已动态更新到: /share/yangxizhong/workspace/step_level_deepconf/output/result/voting/Qwen3-14B-NonThinking-core-All-Avg64ofB128-AllAblation-ssc-repeat1.xlsx
Processing 0000-No-No-WSC with params (0, 0, 'No-No-WSC', None, None)
Processing 29 files with threading...
hmmt2025_ssc voting acc: 0.20743534482758622
Processing 198 files with threading...
gpqad_ssc voting acc: 0.5603693181818182
Processing 30 files with threading...
aime2024_ssc voting acc: 0.5020833333333333
Processing 29 files with threading...
aime2025_ssc voting acc: 0.328125
Processing 29 files with threading...
brumo2025_ssc voting acc: 0.5053879310344828
结果已动态更新到: /share/yangxizhong/workspace/step_level_deepconf/output/result/voting/Qwen3-14B-NonThinking-core-All-Avg64ofB128-AllAblation-ssc-repeat1.xlsx
Processing 0001-No-No-HierV with params (0, 0, 'No-No-HierV', None, None)
Processing 29 files with threading...
hmmt2025_ssc voting acc: 0.20474137931034483
Processing 198 files with threading...
gpqad_ssc voting acc: 0.5613162878787878
Processing 30 files with threading...
aime2024_ssc voting acc: 0.49895833333333334
Processing 29 files with threading...
aime2025_ssc voting acc: 0.33997844827586204
Processing 29 files with threading...
brumo2025_ssc voting acc: 0.5172413793103449
结果已动态更新到: /share/yangxizhong/workspace/step_level_deepconf/output/result/voting/Qwen3-14B-NonThinking-core-All-Avg64ofB128-AllAblation-ssc-repeat1.xlsx
