  0%|          | 0/64 [00:00<?, ?it/s]100%|██████████| 64/64 [00:00<00:00, 18881.30it/s]
generate and save random trace info to /share/yangxizhong/workspace/step_level_deepconf/output/result/voting/tmp_random_trace_64x128_Qwen3-14B-NonThinking-repeat3.pkl
VOTING_MODE: mob, THRESHOLD_MODE: gmm, THRESHOLD_SCOPE: all
  0%|          | 0/13 [00:00<?, ?it/s]  8%|▊         | 1/13 [00:35<07:09, 35.82s/it] 15%|█▌        | 2/13 [19:10<2:02:52, 670.25s/it] 23%|██▎       | 3/13 [20:12<1:05:25, 392.50s/it] 31%|███       | 4/13 [20:59<38:27, 256.43s/it]  /share/yangxizhong/env/anaconda/envs/deepconf/lib/python3.11/site-packages/sklearn/base.py:1365: ConvergenceWarning: Number of distinct clusters (1) found smaller than n_clusters (2). Possibly due to duplicate points in X.
  return fit_method(estimator, *args, **kwargs)
/share/yangxizhong/env/anaconda/envs/deepconf/lib/python3.11/site-packages/sklearn/base.py:1365: ConvergenceWarning: Number of distinct clusters (1) found smaller than n_clusters (2). Possibly due to duplicate points in X.
  return fit_method(estimator, *args, **kwargs)
/share/yangxizhong/env/anaconda/envs/deepconf/lib/python3.11/site-packages/sklearn/base.py:1365: ConvergenceWarning: Number of distinct clusters (1) found smaller than n_clusters (2). Possibly due to duplicate points in X.
  return fit_method(estimator, *args, **kwargs)
/share/yangxizhong/env/anaconda/envs/deepconf/lib/python3.11/site-packages/sklearn/base.py:1365: ConvergenceWarning: Number of distinct clusters (1) found smaller than n_clusters (2). Possibly due to duplicate points in X.
  return fit_method(estimator, *args, **kwargs)
/share/yangxizhong/env/anaconda/envs/deepconf/lib/python3.11/site-packages/sklearn/base.py:1365: ConvergenceWarning: Number of distinct clusters (1) found smaller than n_clusters (2). Possibly due to duplicate points in X.
  return fit_method(estimator, *args, **kwargs)
/share/yangxizhong/env/anaconda/envs/deepconf/lib/python3.11/site-packages/sklearn/base.py:1365: ConvergenceWarning: Number of distinct clusters (1) found smaller than n_clusters (2). Possibly due to duplicate points in X.
  return fit_method(estimator, *args, **kwargs)
/share/yangxizhong/env/anaconda/envs/deepconf/lib/python3.11/site-packages/sklearn/base.py:1365: ConvergenceWarning: Number of distinct clusters (1) found smaller than n_clusters (2). Possibly due to duplicate points in X.
  return fit_method(estimator, *args, **kwargs)
/share/yangxizhong/env/anaconda/envs/deepconf/lib/python3.11/site-packages/sklearn/base.py:1365: ConvergenceWarning: Number of distinct clusters (1) found smaller than n_clusters (2). Possibly due to duplicate points in X.
  return fit_method(estimator, *args, **kwargs)
/share/yangxizhong/env/anaconda/envs/deepconf/lib/python3.11/site-packages/sklearn/base.py:1365: ConvergenceWarning: Number of distinct clusters (1) found smaller than n_clusters (2). Possibly due to duplicate points in X.
  return fit_method(estimator, *args, **kwargs)
/share/yangxizhong/env/anaconda/envs/deepconf/lib/python3.11/site-packages/sklearn/base.py:1365: ConvergenceWarning: Number of distinct clusters (1) found smaller than n_clusters (2). Possibly due to duplicate points in X.
  return fit_method(estimator, *args, **kwargs)
/share/yangxizhong/env/anaconda/envs/deepconf/lib/python3.11/site-packages/sklearn/base.py:1365: ConvergenceWarning: Number of distinct clusters (1) found smaller than n_clusters (2). Possibly due to duplicate points in X.
  return fit_method(estimator, *args, **kwargs)
/share/yangxizhong/env/anaconda/envs/deepconf/lib/python3.11/site-packages/sklearn/base.py:1365: ConvergenceWarning: Number of distinct clusters (1) found smaller than n_clusters (2). Possibly due to duplicate points in X.
  return fit_method(estimator, *args, **kwargs)
/share/yangxizhong/env/anaconda/envs/deepconf/lib/python3.11/site-packages/sklearn/base.py:1365: ConvergenceWarning: Number of distinct clusters (1) found smaller than n_clusters (2). Possibly due to duplicate points in X.
  return fit_method(estimator, *args, **kwargs)
/share/yangxizhong/env/anaconda/envs/deepconf/lib/python3.11/site-packages/sklearn/base.py:1365: ConvergenceWarning: Number of distinct clusters (1) found smaller than n_clusters (2). Possibly due to duplicate points in X.
  return fit_method(estimator, *args, **kwargs)
/share/yangxizhong/env/anaconda/envs/deepconf/lib/python3.11/site-packages/sklearn/base.py:1365: ConvergenceWarning: Number of distinct clusters (1) found smaller than n_clusters (2). Possibly due to duplicate points in X.
  return fit_method(estimator, *args, **kwargs)
/share/yangxizhong/env/anaconda/envs/deepconf/lib/python3.11/site-packages/sklearn/base.py:1365: ConvergenceWarning: Number of distinct clusters (1) found smaller than n_clusters (2). Possibly due to duplicate points in X.
  return fit_method(estimator, *args, **kwargs)
/share/yangxizhong/env/anaconda/envs/deepconf/lib/python3.11/site-packages/sklearn/base.py:1365: ConvergenceWarning: Number of distinct clusters (1) found smaller than n_clusters (2). Possibly due to duplicate points in X.
  return fit_method(estimator, *args, **kwargs)
/share/yangxizhong/env/anaconda/envs/deepconf/lib/python3.11/site-packages/sklearn/base.py:1365: ConvergenceWarning: Number of distinct clusters (1) found smaller than n_clusters (2). Possibly due to duplicate points in X.
  return fit_method(estimator, *args, **kwargs)
/share/yangxizhong/env/anaconda/envs/deepconf/lib/python3.11/site-packages/sklearn/base.py:1365: ConvergenceWarning: Number of distinct clusters (1) found smaller than n_clusters (2). Possibly due to duplicate points in X.
  return fit_method(estimator, *args, **kwargs)
/share/yangxizhong/env/anaconda/envs/deepconf/lib/python3.11/site-packages/sklearn/base.py:1365: ConvergenceWarning: Number of distinct clusters (1) found smaller than n_clusters (2). Possibly due to duplicate points in X.
  return fit_method(estimator, *args, **kwargs)
/share/yangxizhong/env/anaconda/envs/deepconf/lib/python3.11/site-packages/sklearn/base.py:1365: ConvergenceWarning: Number of distinct clusters (1) found smaller than n_clusters (2). Possibly due to duplicate points in X.
  return fit_method(estimator, *args, **kwargs)
/share/yangxizhong/env/anaconda/envs/deepconf/lib/python3.11/site-packages/sklearn/base.py:1365: ConvergenceWarning: Number of distinct clusters (1) found smaller than n_clusters (2). Possibly due to duplicate points in X.
  return fit_method(estimator, *args, **kwargs)
/share/yangxizhong/env/anaconda/envs/deepconf/lib/python3.11/site-packages/sklearn/base.py:1365: ConvergenceWarning: Number of distinct clusters (1) found smaller than n_clusters (2). Possibly due to duplicate points in X.
  return fit_method(estimator, *args, **kwargs)
/share/yangxizhong/env/anaconda/envs/deepconf/lib/python3.11/site-packages/sklearn/base.py:1365: ConvergenceWarning: Number of distinct clusters (1) found smaller than n_clusters (2). Possibly due to duplicate points in X.
  return fit_method(estimator, *args, **kwargs)
/share/yangxizhong/env/anaconda/envs/deepconf/lib/python3.11/site-packages/sklearn/base.py:1365: ConvergenceWarning: Number of distinct clusters (1) found smaller than n_clusters (2). Possibly due to duplicate points in X.
  return fit_method(estimator, *args, **kwargs)
/share/yangxizhong/env/anaconda/envs/deepconf/lib/python3.11/site-packages/sklearn/base.py:1365: ConvergenceWarning: Number of distinct clusters (1) found smaller than n_clusters (2). Possibly due to duplicate points in X.
  return fit_method(estimator, *args, **kwargs)
/share/yangxizhong/env/anaconda/envs/deepconf/lib/python3.11/site-packages/sklearn/base.py:1365: ConvergenceWarning: Number of distinct clusters (1) found smaller than n_clusters (2). Possibly due to duplicate points in X.
  return fit_method(estimator, *args, **kwargs)
/share/yangxizhong/env/anaconda/envs/deepconf/lib/python3.11/site-packages/sklearn/base.py:1365: ConvergenceWarning: Number of distinct clusters (1) found smaller than n_clusters (2). Possibly due to duplicate points in X.
  return fit_method(estimator, *args, **kwargs)
/share/yangxizhong/env/anaconda/envs/deepconf/lib/python3.11/site-packages/sklearn/base.py:1365: ConvergenceWarning: Number of distinct clusters (1) found smaller than n_clusters (2). Possibly due to duplicate points in X.
  return fit_method(estimator, *args, **kwargs)
/share/yangxizhong/env/anaconda/envs/deepconf/lib/python3.11/site-packages/sklearn/base.py:1365: ConvergenceWarning: Number of distinct clusters (1) found smaller than n_clusters (2). Possibly due to duplicate points in X.
  return fit_method(estimator, *args, **kwargs)
/share/yangxizhong/env/anaconda/envs/deepconf/lib/python3.11/site-packages/sklearn/base.py:1365: ConvergenceWarning: Number of distinct clusters (1) found smaller than n_clusters (2). Possibly due to duplicate points in X.
  return fit_method(estimator, *args, **kwargs)
/share/yangxizhong/env/anaconda/envs/deepconf/lib/python3.11/site-packages/sklearn/base.py:1365: ConvergenceWarning: Number of distinct clusters (1) found smaller than n_clusters (2). Possibly due to duplicate points in X.
  return fit_method(estimator, *args, **kwargs)
/share/yangxizhong/env/anaconda/envs/deepconf/lib/python3.11/site-packages/sklearn/base.py:1365: ConvergenceWarning: Number of distinct clusters (1) found smaller than n_clusters (2). Possibly due to duplicate points in X.
  return fit_method(estimator, *args, **kwargs)
/share/yangxizhong/env/anaconda/envs/deepconf/lib/python3.11/site-packages/sklearn/base.py:1365: ConvergenceWarning: Number of distinct clusters (1) found smaller than n_clusters (2). Possibly due to duplicate points in X.
  return fit_method(estimator, *args, **kwargs)
/share/yangxizhong/env/anaconda/envs/deepconf/lib/python3.11/site-packages/sklearn/base.py:1365: ConvergenceWarning: Number of distinct clusters (1) found smaller than n_clusters (2). Possibly due to duplicate points in X.
  return fit_method(estimator, *args, **kwargs)
/share/yangxizhong/env/anaconda/envs/deepconf/lib/python3.11/site-packages/sklearn/base.py:1365: ConvergenceWarning: Number of distinct clusters (1) found smaller than n_clusters (2). Possibly due to duplicate points in X.
  return fit_method(estimator, *args, **kwargs)
/share/yangxizhong/env/anaconda/envs/deepconf/lib/python3.11/site-packages/sklearn/base.py:1365: ConvergenceWarning: Number of distinct clusters (1) found smaller than n_clusters (2). Possibly due to duplicate points in X.
  return fit_method(estimator, *args, **kwargs)
/share/yangxizhong/env/anaconda/envs/deepconf/lib/python3.11/site-packages/sklearn/base.py:1365: ConvergenceWarning: Number of distinct clusters (1) found smaller than n_clusters (2). Possibly due to duplicate points in X.
  return fit_method(estimator, *args, **kwargs)
/share/yangxizhong/env/anaconda/envs/deepconf/lib/python3.11/site-packages/sklearn/base.py:1365: ConvergenceWarning: Number of distinct clusters (1) found smaller than n_clusters (2). Possibly due to duplicate points in X.
  return fit_method(estimator, *args, **kwargs)
/share/yangxizhong/env/anaconda/envs/deepconf/lib/python3.11/site-packages/sklearn/base.py:1365: ConvergenceWarning: Number of distinct clusters (1) found smaller than n_clusters (2). Possibly due to duplicate points in X.
  return fit_method(estimator, *args, **kwargs)
/share/yangxizhong/env/anaconda/envs/deepconf/lib/python3.11/site-packages/sklearn/base.py:1365: ConvergenceWarning: Number of distinct clusters (1) found smaller than n_clusters (2). Possibly due to duplicate points in X.
  return fit_method(estimator, *args, **kwargs)
/share/yangxizhong/env/anaconda/envs/deepconf/lib/python3.11/site-packages/sklearn/base.py:1365: ConvergenceWarning: Number of distinct clusters (1) found smaller than n_clusters (2). Possibly due to duplicate points in X.
  return fit_method(estimator, *args, **kwargs)
/share/yangxizhong/env/anaconda/envs/deepconf/lib/python3.11/site-packages/sklearn/base.py:1365: ConvergenceWarning: Number of distinct clusters (1) found smaller than n_clusters (2). Possibly due to duplicate points in X.
  return fit_method(estimator, *args, **kwargs)
/share/yangxizhong/env/anaconda/envs/deepconf/lib/python3.11/site-packages/sklearn/base.py:1365: ConvergenceWarning: Number of distinct clusters (1) found smaller than n_clusters (2). Possibly due to duplicate points in X.
  return fit_method(estimator, *args, **kwargs)
/share/yangxizhong/env/anaconda/envs/deepconf/lib/python3.11/site-packages/sklearn/base.py:1365: ConvergenceWarning: Number of distinct clusters (1) found smaller than n_clusters (2). Possibly due to duplicate points in X.
  return fit_method(estimator, *args, **kwargs)
/share/yangxizhong/env/anaconda/envs/deepconf/lib/python3.11/site-packages/sklearn/base.py:1365: ConvergenceWarning: Number of distinct clusters (1) found smaller than n_clusters (2). Possibly due to duplicate points in X.
  return fit_method(estimator, *args, **kwargs)
 38%|███▊      | 5/13 [38:53<1:13:28, 551.06s/it] 46%|████▌     | 6/13 [40:23<46:00, 394.39s/it]   54%|█████▍    | 7/13 [41:14<28:12, 282.02s/it]/share/yangxizhong/env/anaconda/envs/deepconf/lib/python3.11/site-packages/sklearn/base.py:1365: ConvergenceWarning: Number of distinct clusters (1) found smaller than n_clusters (2). Possibly due to duplicate points in X.
  return fit_method(estimator, *args, **kwargs)
/share/yangxizhong/env/anaconda/envs/deepconf/lib/python3.11/site-packages/sklearn/base.py:1365: ConvergenceWarning: Number of distinct clusters (1) found smaller than n_clusters (2). Possibly due to duplicate points in X.
  return fit_method(estimator, *args, **kwargs)
/share/yangxizhong/env/anaconda/envs/deepconf/lib/python3.11/site-packages/sklearn/base.py:1365: ConvergenceWarning: Number of distinct clusters (1) found smaller than n_clusters (2). Possibly due to duplicate points in X.
  return fit_method(estimator, *args, **kwargs)
/share/yangxizhong/env/anaconda/envs/deepconf/lib/python3.11/site-packages/sklearn/base.py:1365: ConvergenceWarning: Number of distinct clusters (1) found smaller than n_clusters (2). Possibly due to duplicate points in X.
  return fit_method(estimator, *args, **kwargs)
/share/yangxizhong/env/anaconda/envs/deepconf/lib/python3.11/site-packages/sklearn/base.py:1365: ConvergenceWarning: Number of distinct clusters (1) found smaller than n_clusters (2). Possibly due to duplicate points in X.
  return fit_method(estimator, *args, **kwargs)
/share/yangxizhong/env/anaconda/envs/deepconf/lib/python3.11/site-packages/sklearn/base.py:1365: ConvergenceWarning: Number of distinct clusters (1) found smaller than n_clusters (2). Possibly due to duplicate points in X.
  return fit_method(estimator, *args, **kwargs)
/share/yangxizhong/env/anaconda/envs/deepconf/lib/python3.11/site-packages/sklearn/base.py:1365: ConvergenceWarning: Number of distinct clusters (1) found smaller than n_clusters (2). Possibly due to duplicate points in X.
  return fit_method(estimator, *args, **kwargs)
/share/yangxizhong/env/anaconda/envs/deepconf/lib/python3.11/site-packages/sklearn/base.py:1365: ConvergenceWarning: Number of distinct clusters (1) found smaller than n_clusters (2). Possibly due to duplicate points in X.
  return fit_method(estimator, *args, **kwargs)
/share/yangxizhong/env/anaconda/envs/deepconf/lib/python3.11/site-packages/sklearn/base.py:1365: ConvergenceWarning: Number of distinct clusters (1) found smaller than n_clusters (2). Possibly due to duplicate points in X.
  return fit_method(estimator, *args, **kwargs)
/share/yangxizhong/env/anaconda/envs/deepconf/lib/python3.11/site-packages/sklearn/base.py:1365: ConvergenceWarning: Number of distinct clusters (1) found smaller than n_clusters (2). Possibly due to duplicate points in X.
  return fit_method(estimator, *args, **kwargs)
/share/yangxizhong/env/anaconda/envs/deepconf/lib/python3.11/site-packages/sklearn/base.py:1365: ConvergenceWarning: Number of distinct clusters (1) found smaller than n_clusters (2). Possibly due to duplicate points in X.
  return fit_method(estimator, *args, **kwargs)
/share/yangxizhong/env/anaconda/envs/deepconf/lib/python3.11/site-packages/sklearn/base.py:1365: ConvergenceWarning: Number of distinct clusters (1) found smaller than n_clusters (2). Possibly due to duplicate points in X.
  return fit_method(estimator, *args, **kwargs)
/share/yangxizhong/env/anaconda/envs/deepconf/lib/python3.11/site-packages/sklearn/base.py:1365: ConvergenceWarning: Number of distinct clusters (1) found smaller than n_clusters (2). Possibly due to duplicate points in X.
  return fit_method(estimator, *args, **kwargs)
/share/yangxizhong/env/anaconda/envs/deepconf/lib/python3.11/site-packages/sklearn/base.py:1365: ConvergenceWarning: Number of distinct clusters (1) found smaller than n_clusters (2). Possibly due to duplicate points in X.
  return fit_method(estimator, *args, **kwargs)
/share/yangxizhong/env/anaconda/envs/deepconf/lib/python3.11/site-packages/sklearn/base.py:1365: ConvergenceWarning: Number of distinct clusters (1) found smaller than n_clusters (2). Possibly due to duplicate points in X.
  return fit_method(estimator, *args, **kwargs)
/share/yangxizhong/env/anaconda/envs/deepconf/lib/python3.11/site-packages/sklearn/base.py:1365: ConvergenceWarning: Number of distinct clusters (1) found smaller than n_clusters (2). Possibly due to duplicate points in X.
  return fit_method(estimator, *args, **kwargs)
/share/yangxizhong/env/anaconda/envs/deepconf/lib/python3.11/site-packages/sklearn/base.py:1365: ConvergenceWarning: Number of distinct clusters (1) found smaller than n_clusters (2). Possibly due to duplicate points in X.
  return fit_method(estimator, *args, **kwargs)
/share/yangxizhong/env/anaconda/envs/deepconf/lib/python3.11/site-packages/sklearn/base.py:1365: ConvergenceWarning: Number of distinct clusters (1) found smaller than n_clusters (2). Possibly due to duplicate points in X.
  return fit_method(estimator, *args, **kwargs)
/share/yangxizhong/env/anaconda/envs/deepconf/lib/python3.11/site-packages/sklearn/base.py:1365: ConvergenceWarning: Number of distinct clusters (1) found smaller than n_clusters (2). Possibly due to duplicate points in X.
  return fit_method(estimator, *args, **kwargs)
/share/yangxizhong/env/anaconda/envs/deepconf/lib/python3.11/site-packages/sklearn/base.py:1365: ConvergenceWarning: Number of distinct clusters (1) found smaller than n_clusters (2). Possibly due to duplicate points in X.
  return fit_method(estimator, *args, **kwargs)
/share/yangxizhong/env/anaconda/envs/deepconf/lib/python3.11/site-packages/sklearn/base.py:1365: ConvergenceWarning: Number of distinct clusters (1) found smaller than n_clusters (2). Possibly due to duplicate points in X.
  return fit_method(estimator, *args, **kwargs)
/share/yangxizhong/env/anaconda/envs/deepconf/lib/python3.11/site-packages/sklearn/base.py:1365: ConvergenceWarning: Number of distinct clusters (1) found smaller than n_clusters (2). Possibly due to duplicate points in X.
  return fit_method(estimator, *args, **kwargs)
/share/yangxizhong/env/anaconda/envs/deepconf/lib/python3.11/site-packages/sklearn/base.py:1365: ConvergenceWarning: Number of distinct clusters (1) found smaller than n_clusters (2). Possibly due to duplicate points in X.
  return fit_method(estimator, *args, **kwargs)
/share/yangxizhong/env/anaconda/envs/deepconf/lib/python3.11/site-packages/sklearn/base.py:1365: ConvergenceWarning: Number of distinct clusters (1) found smaller than n_clusters (2). Possibly due to duplicate points in X.
  return fit_method(estimator, *args, **kwargs)
/share/yangxizhong/env/anaconda/envs/deepconf/lib/python3.11/site-packages/sklearn/base.py:1365: ConvergenceWarning: Number of distinct clusters (1) found smaller than n_clusters (2). Possibly due to duplicate points in X.
  return fit_method(estimator, *args, **kwargs)
/share/yangxizhong/env/anaconda/envs/deepconf/lib/python3.11/site-packages/sklearn/base.py:1365: ConvergenceWarning: Number of distinct clusters (1) found smaller than n_clusters (2). Possibly due to duplicate points in X.
  return fit_method(estimator, *args, **kwargs)
/share/yangxizhong/env/anaconda/envs/deepconf/lib/python3.11/site-packages/sklearn/base.py:1365: ConvergenceWarning: Number of distinct clusters (1) found smaller than n_clusters (2). Possibly due to duplicate points in X.
  return fit_method(estimator, *args, **kwargs)
/share/yangxizhong/env/anaconda/envs/deepconf/lib/python3.11/site-packages/sklearn/base.py:1365: ConvergenceWarning: Number of distinct clusters (1) found smaller than n_clusters (2). Possibly due to duplicate points in X.
  return fit_method(estimator, *args, **kwargs)
/share/yangxizhong/env/anaconda/envs/deepconf/lib/python3.11/site-packages/sklearn/base.py:1365: ConvergenceWarning: Number of distinct clusters (1) found smaller than n_clusters (2). Possibly due to duplicate points in X.
  return fit_method(estimator, *args, **kwargs)
/share/yangxizhong/env/anaconda/envs/deepconf/lib/python3.11/site-packages/sklearn/base.py:1365: ConvergenceWarning: Number of distinct clusters (1) found smaller than n_clusters (2). Possibly due to duplicate points in X.
  return fit_method(estimator, *args, **kwargs)
/share/yangxizhong/env/anaconda/envs/deepconf/lib/python3.11/site-packages/sklearn/base.py:1365: ConvergenceWarning: Number of distinct clusters (1) found smaller than n_clusters (2). Possibly due to duplicate points in X.
  return fit_method(estimator, *args, **kwargs)
/share/yangxizhong/env/anaconda/envs/deepconf/lib/python3.11/site-packages/sklearn/base.py:1365: ConvergenceWarning: Number of distinct clusters (1) found smaller than n_clusters (2). Possibly due to duplicate points in X.
  return fit_method(estimator, *args, **kwargs)
/share/yangxizhong/env/anaconda/envs/deepconf/lib/python3.11/site-packages/sklearn/base.py:1365: ConvergenceWarning: Number of distinct clusters (1) found smaller than n_clusters (2). Possibly due to duplicate points in X.
  return fit_method(estimator, *args, **kwargs)
/share/yangxizhong/env/anaconda/envs/deepconf/lib/python3.11/site-packages/sklearn/base.py:1365: ConvergenceWarning: Number of distinct clusters (1) found smaller than n_clusters (2). Possibly due to duplicate points in X.
  return fit_method(estimator, *args, **kwargs)
/share/yangxizhong/env/anaconda/envs/deepconf/lib/python3.11/site-packages/sklearn/base.py:1365: ConvergenceWarning: Number of distinct clusters (1) found smaller than n_clusters (2). Possibly due to duplicate points in X.
  return fit_method(estimator, *args, **kwargs)
/share/yangxizhong/env/anaconda/envs/deepconf/lib/python3.11/site-packages/sklearn/base.py:1365: ConvergenceWarning: Number of distinct clusters (1) found smaller than n_clusters (2). Possibly due to duplicate points in X.
  return fit_method(estimator, *args, **kwargs)
/share/yangxizhong/env/anaconda/envs/deepconf/lib/python3.11/site-packages/sklearn/base.py:1365: ConvergenceWarning: Number of distinct clusters (1) found smaller than n_clusters (2). Possibly due to duplicate points in X.
  return fit_method(estimator, *args, **kwargs)
/share/yangxizhong/env/anaconda/envs/deepconf/lib/python3.11/site-packages/sklearn/base.py:1365: ConvergenceWarning: Number of distinct clusters (1) found smaller than n_clusters (2). Possibly due to duplicate points in X.
  return fit_method(estimator, *args, **kwargs)
/share/yangxizhong/env/anaconda/envs/deepconf/lib/python3.11/site-packages/sklearn/base.py:1365: ConvergenceWarning: Number of distinct clusters (1) found smaller than n_clusters (2). Possibly due to duplicate points in X.
  return fit_method(estimator, *args, **kwargs)
/share/yangxizhong/env/anaconda/envs/deepconf/lib/python3.11/site-packages/sklearn/base.py:1365: ConvergenceWarning: Number of distinct clusters (1) found smaller than n_clusters (2). Possibly due to duplicate points in X.
  return fit_method(estimator, *args, **kwargs)
/share/yangxizhong/env/anaconda/envs/deepconf/lib/python3.11/site-packages/sklearn/base.py:1365: ConvergenceWarning: Number of distinct clusters (1) found smaller than n_clusters (2). Possibly due to duplicate points in X.
  return fit_method(estimator, *args, **kwargs)
/share/yangxizhong/env/anaconda/envs/deepconf/lib/python3.11/site-packages/sklearn/base.py:1365: ConvergenceWarning: Number of distinct clusters (1) found smaller than n_clusters (2). Possibly due to duplicate points in X.
  return fit_method(estimator, *args, **kwargs)
/share/yangxizhong/env/anaconda/envs/deepconf/lib/python3.11/site-packages/sklearn/base.py:1365: ConvergenceWarning: Number of distinct clusters (1) found smaller than n_clusters (2). Possibly due to duplicate points in X.
  return fit_method(estimator, *args, **kwargs)
/share/yangxizhong/env/anaconda/envs/deepconf/lib/python3.11/site-packages/sklearn/base.py:1365: ConvergenceWarning: Number of distinct clusters (1) found smaller than n_clusters (2). Possibly due to duplicate points in X.
  return fit_method(estimator, *args, **kwargs)
/share/yangxizhong/env/anaconda/envs/deepconf/lib/python3.11/site-packages/sklearn/base.py:1365: ConvergenceWarning: Number of distinct clusters (1) found smaller than n_clusters (2). Possibly due to duplicate points in X.
  return fit_method(estimator, *args, **kwargs)
/share/yangxizhong/env/anaconda/envs/deepconf/lib/python3.11/site-packages/sklearn/base.py:1365: ConvergenceWarning: Number of distinct clusters (1) found smaller than n_clusters (2). Possibly due to duplicate points in X.
  return fit_method(estimator, *args, **kwargs)
/share/yangxizhong/env/anaconda/envs/deepconf/lib/python3.11/site-packages/sklearn/base.py:1365: ConvergenceWarning: Number of distinct clusters (1) found smaller than n_clusters (2). Possibly due to duplicate points in X.
  return fit_method(estimator, *args, **kwargs)
/share/yangxizhong/env/anaconda/envs/deepconf/lib/python3.11/site-packages/sklearn/base.py:1365: ConvergenceWarning: Number of distinct clusters (1) found smaller than n_clusters (2). Possibly due to duplicate points in X.
  return fit_method(estimator, *args, **kwargs)
/share/yangxizhong/env/anaconda/envs/deepconf/lib/python3.11/site-packages/sklearn/base.py:1365: ConvergenceWarning: Number of distinct clusters (1) found smaller than n_clusters (2). Possibly due to duplicate points in X.
  return fit_method(estimator, *args, **kwargs)
/share/yangxizhong/env/anaconda/envs/deepconf/lib/python3.11/site-packages/sklearn/base.py:1365: ConvergenceWarning: Number of distinct clusters (1) found smaller than n_clusters (2). Possibly due to duplicate points in X.
  return fit_method(estimator, *args, **kwargs)
/share/yangxizhong/env/anaconda/envs/deepconf/lib/python3.11/site-packages/sklearn/base.py:1365: ConvergenceWarning: Number of distinct clusters (1) found smaller than n_clusters (2). Possibly due to duplicate points in X.
  return fit_method(estimator, *args, **kwargs)
/share/yangxizhong/env/anaconda/envs/deepconf/lib/python3.11/site-packages/sklearn/base.py:1365: ConvergenceWarning: Number of distinct clusters (1) found smaller than n_clusters (2). Possibly due to duplicate points in X.
  return fit_method(estimator, *args, **kwargs)
/share/yangxizhong/env/anaconda/envs/deepconf/lib/python3.11/site-packages/sklearn/base.py:1365: ConvergenceWarning: Number of distinct clusters (1) found smaller than n_clusters (2). Possibly due to duplicate points in X.
  return fit_method(estimator, *args, **kwargs)
/share/yangxizhong/env/anaconda/envs/deepconf/lib/python3.11/site-packages/sklearn/base.py:1365: ConvergenceWarning: Number of distinct clusters (1) found smaller than n_clusters (2). Possibly due to duplicate points in X.
  return fit_method(estimator, *args, **kwargs)
/share/yangxizhong/env/anaconda/envs/deepconf/lib/python3.11/site-packages/sklearn/base.py:1365: ConvergenceWarning: Number of distinct clusters (1) found smaller than n_clusters (2). Possibly due to duplicate points in X.
  return fit_method(estimator, *args, **kwargs)
/share/yangxizhong/env/anaconda/envs/deepconf/lib/python3.11/site-packages/sklearn/base.py:1365: ConvergenceWarning: Number of distinct clusters (1) found smaller than n_clusters (2). Possibly due to duplicate points in X.
  return fit_method(estimator, *args, **kwargs)
/share/yangxizhong/env/anaconda/envs/deepconf/lib/python3.11/site-packages/sklearn/base.py:1365: ConvergenceWarning: Number of distinct clusters (1) found smaller than n_clusters (2). Possibly due to duplicate points in X.
  return fit_method(estimator, *args, **kwargs)
/share/yangxizhong/env/anaconda/envs/deepconf/lib/python3.11/site-packages/sklearn/base.py:1365: ConvergenceWarning: Number of distinct clusters (1) found smaller than n_clusters (2). Possibly due to duplicate points in X.
  return fit_method(estimator, *args, **kwargs)
/share/yangxizhong/env/anaconda/envs/deepconf/lib/python3.11/site-packages/sklearn/base.py:1365: ConvergenceWarning: Number of distinct clusters (1) found smaller than n_clusters (2). Possibly due to duplicate points in X.
  return fit_method(estimator, *args, **kwargs)
/share/yangxizhong/env/anaconda/envs/deepconf/lib/python3.11/site-packages/sklearn/base.py:1365: ConvergenceWarning: Number of distinct clusters (1) found smaller than n_clusters (2). Possibly due to duplicate points in X.
  return fit_method(estimator, *args, **kwargs)
/share/yangxizhong/env/anaconda/envs/deepconf/lib/python3.11/site-packages/sklearn/base.py:1365: ConvergenceWarning: Number of distinct clusters (1) found smaller than n_clusters (2). Possibly due to duplicate points in X.
  return fit_method(estimator, *args, **kwargs)
/share/yangxizhong/env/anaconda/envs/deepconf/lib/python3.11/site-packages/sklearn/base.py:1365: ConvergenceWarning: Number of distinct clusters (1) found smaller than n_clusters (2). Possibly due to duplicate points in X.
  return fit_method(estimator, *args, **kwargs)
/share/yangxizhong/env/anaconda/envs/deepconf/lib/python3.11/site-packages/sklearn/base.py:1365: ConvergenceWarning: Number of distinct clusters (1) found smaller than n_clusters (2). Possibly due to duplicate points in X.
  return fit_method(estimator, *args, **kwargs)
/share/yangxizhong/env/anaconda/envs/deepconf/lib/python3.11/site-packages/sklearn/base.py:1365: ConvergenceWarning: Number of distinct clusters (1) found smaller than n_clusters (2). Possibly due to duplicate points in X.
  return fit_method(estimator, *args, **kwargs)
/share/yangxizhong/env/anaconda/envs/deepconf/lib/python3.11/site-packages/sklearn/base.py:1365: ConvergenceWarning: Number of distinct clusters (1) found smaller than n_clusters (2). Possibly due to duplicate points in X.
  return fit_method(estimator, *args, **kwargs)
/share/yangxizhong/env/anaconda/envs/deepconf/lib/python3.11/site-packages/sklearn/base.py:1365: ConvergenceWarning: Number of distinct clusters (1) found smaller than n_clusters (2). Possibly due to duplicate points in X.
  return fit_method(estimator, *args, **kwargs)
/share/yangxizhong/env/anaconda/envs/deepconf/lib/python3.11/site-packages/sklearn/base.py:1365: ConvergenceWarning: Number of distinct clusters (1) found smaller than n_clusters (2). Possibly due to duplicate points in X.
  return fit_method(estimator, *args, **kwargs)
/share/yangxizhong/env/anaconda/envs/deepconf/lib/python3.11/site-packages/sklearn/base.py:1365: ConvergenceWarning: Number of distinct clusters (1) found smaller than n_clusters (2). Possibly due to duplicate points in X.
  return fit_method(estimator, *args, **kwargs)
/share/yangxizhong/env/anaconda/envs/deepconf/lib/python3.11/site-packages/sklearn/base.py:1365: ConvergenceWarning: Number of distinct clusters (1) found smaller than n_clusters (2). Possibly due to duplicate points in X.
  return fit_method(estimator, *args, **kwargs)
/share/yangxizhong/env/anaconda/envs/deepconf/lib/python3.11/site-packages/sklearn/base.py:1365: ConvergenceWarning: Number of distinct clusters (1) found smaller than n_clusters (2). Possibly due to duplicate points in X.
  return fit_method(estimator, *args, **kwargs)
/share/yangxizhong/env/anaconda/envs/deepconf/lib/python3.11/site-packages/sklearn/base.py:1365: ConvergenceWarning: Number of distinct clusters (1) found smaller than n_clusters (2). Possibly due to duplicate points in X.
  return fit_method(estimator, *args, **kwargs)
/share/yangxizhong/env/anaconda/envs/deepconf/lib/python3.11/site-packages/sklearn/base.py:1365: ConvergenceWarning: Number of distinct clusters (1) found smaller than n_clusters (2). Possibly due to duplicate points in X.
  return fit_method(estimator, *args, **kwargs)
/share/yangxizhong/env/anaconda/envs/deepconf/lib/python3.11/site-packages/sklearn/base.py:1365: ConvergenceWarning: Number of distinct clusters (1) found smaller than n_clusters (2). Possibly due to duplicate points in X.
  return fit_method(estimator, *args, **kwargs)
/share/yangxizhong/env/anaconda/envs/deepconf/lib/python3.11/site-packages/sklearn/base.py:1365: ConvergenceWarning: Number of distinct clusters (1) found smaller than n_clusters (2). Possibly due to duplicate points in X.
  return fit_method(estimator, *args, **kwargs)
/share/yangxizhong/env/anaconda/envs/deepconf/lib/python3.11/site-packages/sklearn/base.py:1365: ConvergenceWarning: Number of distinct clusters (1) found smaller than n_clusters (2). Possibly due to duplicate points in X.
  return fit_method(estimator, *args, **kwargs)
/share/yangxizhong/env/anaconda/envs/deepconf/lib/python3.11/site-packages/sklearn/base.py:1365: ConvergenceWarning: Number of distinct clusters (1) found smaller than n_clusters (2). Possibly due to duplicate points in X.
  return fit_method(estimator, *args, **kwargs)
/share/yangxizhong/env/anaconda/envs/deepconf/lib/python3.11/site-packages/sklearn/base.py:1365: ConvergenceWarning: Number of distinct clusters (1) found smaller than n_clusters (2). Possibly due to duplicate points in X.
  return fit_method(estimator, *args, **kwargs)
/share/yangxizhong/env/anaconda/envs/deepconf/lib/python3.11/site-packages/sklearn/base.py:1365: ConvergenceWarning: Number of distinct clusters (1) found smaller than n_clusters (2). Possibly due to duplicate points in X.
  return fit_method(estimator, *args, **kwargs)
/share/yangxizhong/env/anaconda/envs/deepconf/lib/python3.11/site-packages/sklearn/base.py:1365: ConvergenceWarning: Number of distinct clusters (1) found smaller than n_clusters (2). Possibly due to duplicate points in X.
  return fit_method(estimator, *args, **kwargs)
/share/yangxizhong/env/anaconda/envs/deepconf/lib/python3.11/site-packages/sklearn/base.py:1365: ConvergenceWarning: Number of distinct clusters (1) found smaller than n_clusters (2). Possibly due to duplicate points in X.
  return fit_method(estimator, *args, **kwargs)
/share/yangxizhong/env/anaconda/envs/deepconf/lib/python3.11/site-packages/sklearn/base.py:1365: ConvergenceWarning: Number of distinct clusters (1) found smaller than n_clusters (2). Possibly due to duplicate points in X.
  return fit_method(estimator, *args, **kwargs)
/share/yangxizhong/env/anaconda/envs/deepconf/lib/python3.11/site-packages/sklearn/base.py:1365: ConvergenceWarning: Number of distinct clusters (1) found smaller than n_clusters (2). Possibly due to duplicate points in X.
  return fit_method(estimator, *args, **kwargs)
/share/yangxizhong/env/anaconda/envs/deepconf/lib/python3.11/site-packages/sklearn/base.py:1365: ConvergenceWarning: Number of distinct clusters (1) found smaller than n_clusters (2). Possibly due to duplicate points in X.
  return fit_method(estimator, *args, **kwargs)
/share/yangxizhong/env/anaconda/envs/deepconf/lib/python3.11/site-packages/sklearn/base.py:1365: ConvergenceWarning: Number of distinct clusters (1) found smaller than n_clusters (2). Possibly due to duplicate points in X.
  return fit_method(estimator, *args, **kwargs)
/share/yangxizhong/env/anaconda/envs/deepconf/lib/python3.11/site-packages/sklearn/base.py:1365: ConvergenceWarning: Number of distinct clusters (1) found smaller than n_clusters (2). Possibly due to duplicate points in X.
  return fit_method(estimator, *args, **kwargs)
/share/yangxizhong/env/anaconda/envs/deepconf/lib/python3.11/site-packages/sklearn/base.py:1365: ConvergenceWarning: Number of distinct clusters (1) found smaller than n_clusters (2). Possibly due to duplicate points in X.
  return fit_method(estimator, *args, **kwargs)
/share/yangxizhong/env/anaconda/envs/deepconf/lib/python3.11/site-packages/sklearn/base.py:1365: ConvergenceWarning: Number of distinct clusters (1) found smaller than n_clusters (2). Possibly due to duplicate points in X.
  return fit_method(estimator, *args, **kwargs)
/share/yangxizhong/env/anaconda/envs/deepconf/lib/python3.11/site-packages/sklearn/base.py:1365: ConvergenceWarning: Number of distinct clusters (1) found smaller than n_clusters (2). Possibly due to duplicate points in X.
  return fit_method(estimator, *args, **kwargs)
/share/yangxizhong/env/anaconda/envs/deepconf/lib/python3.11/site-packages/sklearn/base.py:1365: ConvergenceWarning: Number of distinct clusters (1) found smaller than n_clusters (2). Possibly due to duplicate points in X.
  return fit_method(estimator, *args, **kwargs)
/share/yangxizhong/env/anaconda/envs/deepconf/lib/python3.11/site-packages/sklearn/base.py:1365: ConvergenceWarning: Number of distinct clusters (1) found smaller than n_clusters (2). Possibly due to duplicate points in X.
  return fit_method(estimator, *args, **kwargs)
/share/yangxizhong/env/anaconda/envs/deepconf/lib/python3.11/site-packages/sklearn/base.py:1365: ConvergenceWarning: Number of distinct clusters (1) found smaller than n_clusters (2). Possibly due to duplicate points in X.
  return fit_method(estimator, *args, **kwargs)
/share/yangxizhong/env/anaconda/envs/deepconf/lib/python3.11/site-packages/sklearn/base.py:1365: ConvergenceWarning: Number of distinct clusters (1) found smaller than n_clusters (2). Possibly due to duplicate points in X.
  return fit_method(estimator, *args, **kwargs)
 62%|██████▏   | 8/13 [59:58<45:50, 550.08s/it]/share/yangxizhong/env/anaconda/envs/deepconf/lib/python3.11/site-packages/sklearn/base.py:1365: ConvergenceWarning: Number of distinct clusters (1) found smaller than n_clusters (2). Possibly due to duplicate points in X.
  return fit_method(estimator, *args, **kwargs)
/share/yangxizhong/env/anaconda/envs/deepconf/lib/python3.11/site-packages/sklearn/base.py:1365: ConvergenceWarning: Number of distinct clusters (1) found smaller than n_clusters (2). Possibly due to duplicate points in X.
  return fit_method(estimator, *args, **kwargs)
/share/yangxizhong/env/anaconda/envs/deepconf/lib/python3.11/site-packages/sklearn/base.py:1365: ConvergenceWarning: Number of distinct clusters (1) found smaller than n_clusters (2). Possibly due to duplicate points in X.
  return fit_method(estimator, *args, **kwargs)
/share/yangxizhong/env/anaconda/envs/deepconf/lib/python3.11/site-packages/sklearn/base.py:1365: ConvergenceWarning: Number of distinct clusters (1) found smaller than n_clusters (2). Possibly due to duplicate points in X.
  return fit_method(estimator, *args, **kwargs)
/share/yangxizhong/env/anaconda/envs/deepconf/lib/python3.11/site-packages/sklearn/base.py:1365: ConvergenceWarning: Number of distinct clusters (1) found smaller than n_clusters (2). Possibly due to duplicate points in X.
  return fit_method(estimator, *args, **kwargs)
/share/yangxizhong/env/anaconda/envs/deepconf/lib/python3.11/site-packages/sklearn/base.py:1365: ConvergenceWarning: Number of distinct clusters (1) found smaller than n_clusters (2). Possibly due to duplicate points in X.
  return fit_method(estimator, *args, **kwargs)
/share/yangxizhong/env/anaconda/envs/deepconf/lib/python3.11/site-packages/sklearn/base.py:1365: ConvergenceWarning: Number of distinct clusters (1) found smaller than n_clusters (2). Possibly due to duplicate points in X.
  return fit_method(estimator, *args, **kwargs)
/share/yangxizhong/env/anaconda/envs/deepconf/lib/python3.11/site-packages/sklearn/base.py:1365: ConvergenceWarning: Number of distinct clusters (1) found smaller than n_clusters (2). Possibly due to duplicate points in X.
  return fit_method(estimator, *args, **kwargs)
/share/yangxizhong/env/anaconda/envs/deepconf/lib/python3.11/site-packages/sklearn/base.py:1365: ConvergenceWarning: Number of distinct clusters (1) found smaller than n_clusters (2). Possibly due to duplicate points in X.
  return fit_method(estimator, *args, **kwargs)
/share/yangxizhong/env/anaconda/envs/deepconf/lib/python3.11/site-packages/sklearn/base.py:1365: ConvergenceWarning: Number of distinct clusters (1) found smaller than n_clusters (2). Possibly due to duplicate points in X.
  return fit_method(estimator, *args, **kwargs)
/share/yangxizhong/env/anaconda/envs/deepconf/lib/python3.11/site-packages/sklearn/base.py:1365: ConvergenceWarning: Number of distinct clusters (1) found smaller than n_clusters (2). Possibly due to duplicate points in X.
  return fit_method(estimator, *args, **kwargs)
/share/yangxizhong/env/anaconda/envs/deepconf/lib/python3.11/site-packages/sklearn/base.py:1365: ConvergenceWarning: Number of distinct clusters (1) found smaller than n_clusters (2). Possibly due to duplicate points in X.
  return fit_method(estimator, *args, **kwargs)
/share/yangxizhong/env/anaconda/envs/deepconf/lib/python3.11/site-packages/sklearn/base.py:1365: ConvergenceWarning: Number of distinct clusters (1) found smaller than n_clusters (2). Possibly due to duplicate points in X.
  return fit_method(estimator, *args, **kwargs)
/share/yangxizhong/env/anaconda/envs/deepconf/lib/python3.11/site-packages/sklearn/base.py:1365: ConvergenceWarning: Number of distinct clusters (1) found smaller than n_clusters (2). Possibly due to duplicate points in X.
  return fit_method(estimator, *args, **kwargs)
/share/yangxizhong/env/anaconda/envs/deepconf/lib/python3.11/site-packages/sklearn/base.py:1365: ConvergenceWarning: Number of distinct clusters (1) found smaller than n_clusters (2). Possibly due to duplicate points in X.
  return fit_method(estimator, *args, **kwargs)
/share/yangxizhong/env/anaconda/envs/deepconf/lib/python3.11/site-packages/sklearn/base.py:1365: ConvergenceWarning: Number of distinct clusters (1) found smaller than n_clusters (2). Possibly due to duplicate points in X.
  return fit_method(estimator, *args, **kwargs)
/share/yangxizhong/env/anaconda/envs/deepconf/lib/python3.11/site-packages/sklearn/base.py:1365: ConvergenceWarning: Number of distinct clusters (1) found smaller than n_clusters (2). Possibly due to duplicate points in X.
  return fit_method(estimator, *args, **kwargs)
/share/yangxizhong/env/anaconda/envs/deepconf/lib/python3.11/site-packages/sklearn/base.py:1365: ConvergenceWarning: Number of distinct clusters (1) found smaller than n_clusters (2). Possibly due to duplicate points in X.
  return fit_method(estimator, *args, **kwargs)
/share/yangxizhong/env/anaconda/envs/deepconf/lib/python3.11/site-packages/sklearn/base.py:1365: ConvergenceWarning: Number of distinct clusters (1) found smaller than n_clusters (2). Possibly due to duplicate points in X.
  return fit_method(estimator, *args, **kwargs)
/share/yangxizhong/env/anaconda/envs/deepconf/lib/python3.11/site-packages/sklearn/base.py:1365: ConvergenceWarning: Number of distinct clusters (1) found smaller than n_clusters (2). Possibly due to duplicate points in X.
  return fit_method(estimator, *args, **kwargs)
/share/yangxizhong/env/anaconda/envs/deepconf/lib/python3.11/site-packages/sklearn/base.py:1365: ConvergenceWarning: Number of distinct clusters (1) found smaller than n_clusters (2). Possibly due to duplicate points in X.
  return fit_method(estimator, *args, **kwargs)
/share/yangxizhong/env/anaconda/envs/deepconf/lib/python3.11/site-packages/sklearn/base.py:1365: ConvergenceWarning: Number of distinct clusters (1) found smaller than n_clusters (2). Possibly due to duplicate points in X.
  return fit_method(estimator, *args, **kwargs)
/share/yangxizhong/env/anaconda/envs/deepconf/lib/python3.11/site-packages/sklearn/base.py:1365: ConvergenceWarning: Number of distinct clusters (1) found smaller than n_clusters (2). Possibly due to duplicate points in X.
  return fit_method(estimator, *args, **kwargs)
/share/yangxizhong/env/anaconda/envs/deepconf/lib/python3.11/site-packages/sklearn/base.py:1365: ConvergenceWarning: Number of distinct clusters (1) found smaller than n_clusters (2). Possibly due to duplicate points in X.
  return fit_method(estimator, *args, **kwargs)
/share/yangxizhong/env/anaconda/envs/deepconf/lib/python3.11/site-packages/sklearn/base.py:1365: ConvergenceWarning: Number of distinct clusters (1) found smaller than n_clusters (2). Possibly due to duplicate points in X.
  return fit_method(estimator, *args, **kwargs)
/share/yangxizhong/env/anaconda/envs/deepconf/lib/python3.11/site-packages/sklearn/base.py:1365: ConvergenceWarning: Number of distinct clusters (1) found smaller than n_clusters (2). Possibly due to duplicate points in X.
  return fit_method(estimator, *args, **kwargs)
/share/yangxizhong/env/anaconda/envs/deepconf/lib/python3.11/site-packages/sklearn/base.py:1365: ConvergenceWarning: Number of distinct clusters (1) found smaller than n_clusters (2). Possibly due to duplicate points in X.
  return fit_method(estimator, *args, **kwargs)
/share/yangxizhong/env/anaconda/envs/deepconf/lib/python3.11/site-packages/sklearn/base.py:1365: ConvergenceWarning: Number of distinct clusters (1) found smaller than n_clusters (2). Possibly due to duplicate points in X.
  return fit_method(estimator, *args, **kwargs)
/share/yangxizhong/env/anaconda/envs/deepconf/lib/python3.11/site-packages/sklearn/base.py:1365: ConvergenceWarning: Number of distinct clusters (1) found smaller than n_clusters (2). Possibly due to duplicate points in X.
  return fit_method(estimator, *args, **kwargs)
/share/yangxizhong/env/anaconda/envs/deepconf/lib/python3.11/site-packages/sklearn/base.py:1365: ConvergenceWarning: Number of distinct clusters (1) found smaller than n_clusters (2). Possibly due to duplicate points in X.
  return fit_method(estimator, *args, **kwargs)
/share/yangxizhong/env/anaconda/envs/deepconf/lib/python3.11/site-packages/sklearn/base.py:1365: ConvergenceWarning: Number of distinct clusters (1) found smaller than n_clusters (2). Possibly due to duplicate points in X.
  return fit_method(estimator, *args, **kwargs)
/share/yangxizhong/env/anaconda/envs/deepconf/lib/python3.11/site-packages/sklearn/base.py:1365: ConvergenceWarning: Number of distinct clusters (1) found smaller than n_clusters (2). Possibly due to duplicate points in X.
  return fit_method(estimator, *args, **kwargs)
/share/yangxizhong/env/anaconda/envs/deepconf/lib/python3.11/site-packages/sklearn/base.py:1365: ConvergenceWarning: Number of distinct clusters (1) found smaller than n_clusters (2). Possibly due to duplicate points in X.
  return fit_method(estimator, *args, **kwargs)
/share/yangxizhong/env/anaconda/envs/deepconf/lib/python3.11/site-packages/sklearn/base.py:1365: ConvergenceWarning: Number of distinct clusters (1) found smaller than n_clusters (2). Possibly due to duplicate points in X.
  return fit_method(estimator, *args, **kwargs)
/share/yangxizhong/env/anaconda/envs/deepconf/lib/python3.11/site-packages/sklearn/base.py:1365: ConvergenceWarning: Number of distinct clusters (1) found smaller than n_clusters (2). Possibly due to duplicate points in X.
  return fit_method(estimator, *args, **kwargs)
/share/yangxizhong/env/anaconda/envs/deepconf/lib/python3.11/site-packages/sklearn/base.py:1365: ConvergenceWarning: Number of distinct clusters (1) found smaller than n_clusters (2). Possibly due to duplicate points in X.
  return fit_method(estimator, *args, **kwargs)
/share/yangxizhong/env/anaconda/envs/deepconf/lib/python3.11/site-packages/sklearn/base.py:1365: ConvergenceWarning: Number of distinct clusters (1) found smaller than n_clusters (2). Possibly due to duplicate points in X.
  return fit_method(estimator, *args, **kwargs)
/share/yangxizhong/env/anaconda/envs/deepconf/lib/python3.11/site-packages/sklearn/base.py:1365: ConvergenceWarning: Number of distinct clusters (1) found smaller than n_clusters (2). Possibly due to duplicate points in X.
  return fit_method(estimator, *args, **kwargs)
/share/yangxizhong/env/anaconda/envs/deepconf/lib/python3.11/site-packages/sklearn/base.py:1365: ConvergenceWarning: Number of distinct clusters (1) found smaller than n_clusters (2). Possibly due to duplicate points in X.
  return fit_method(estimator, *args, **kwargs)
/share/yangxizhong/env/anaconda/envs/deepconf/lib/python3.11/site-packages/sklearn/base.py:1365: ConvergenceWarning: Number of distinct clusters (1) found smaller than n_clusters (2). Possibly due to duplicate points in X.
  return fit_method(estimator, *args, **kwargs)
/share/yangxizhong/env/anaconda/envs/deepconf/lib/python3.11/site-packages/sklearn/base.py:1365: ConvergenceWarning: Number of distinct clusters (1) found smaller than n_clusters (2). Possibly due to duplicate points in X.
  return fit_method(estimator, *args, **kwargs)
/share/yangxizhong/env/anaconda/envs/deepconf/lib/python3.11/site-packages/sklearn/base.py:1365: ConvergenceWarning: Number of distinct clusters (1) found smaller than n_clusters (2). Possibly due to duplicate points in X.
  return fit_method(estimator, *args, **kwargs)
/share/yangxizhong/env/anaconda/envs/deepconf/lib/python3.11/site-packages/sklearn/base.py:1365: ConvergenceWarning: Number of distinct clusters (1) found smaller than n_clusters (2). Possibly due to duplicate points in X.
  return fit_method(estimator, *args, **kwargs)
/share/yangxizhong/env/anaconda/envs/deepconf/lib/python3.11/site-packages/sklearn/base.py:1365: ConvergenceWarning: Number of distinct clusters (1) found smaller than n_clusters (2). Possibly due to duplicate points in X.
  return fit_method(estimator, *args, **kwargs)
/share/yangxizhong/env/anaconda/envs/deepconf/lib/python3.11/site-packages/sklearn/base.py:1365: ConvergenceWarning: Number of distinct clusters (1) found smaller than n_clusters (2). Possibly due to duplicate points in X.
  return fit_method(estimator, *args, **kwargs)
/share/yangxizhong/env/anaconda/envs/deepconf/lib/python3.11/site-packages/sklearn/base.py:1365: ConvergenceWarning: Number of distinct clusters (1) found smaller than n_clusters (2). Possibly due to duplicate points in X.
  return fit_method(estimator, *args, **kwargs)
 69%|██████▉   | 9/13 [1:17:22<46:57, 704.49s/it] 77%|███████▋  | 10/13 [1:18:53<25:44, 514.98s/it]/share/yangxizhong/env/anaconda/envs/deepconf/lib/python3.11/site-packages/sklearn/base.py:1365: ConvergenceWarning: Number of distinct clusters (1) found smaller than n_clusters (2). Possibly due to duplicate points in X.
  return fit_method(estimator, *args, **kwargs)
/share/yangxizhong/env/anaconda/envs/deepconf/lib/python3.11/site-packages/sklearn/base.py:1365: ConvergenceWarning: Number of distinct clusters (1) found smaller than n_clusters (2). Possibly due to duplicate points in X.
  return fit_method(estimator, *args, **kwargs)
/share/yangxizhong/env/anaconda/envs/deepconf/lib/python3.11/site-packages/sklearn/base.py:1365: ConvergenceWarning: Number of distinct clusters (1) found smaller than n_clusters (2). Possibly due to duplicate points in X.
  return fit_method(estimator, *args, **kwargs)
/share/yangxizhong/env/anaconda/envs/deepconf/lib/python3.11/site-packages/sklearn/base.py:1365: ConvergenceWarning: Number of distinct clusters (1) found smaller than n_clusters (2). Possibly due to duplicate points in X.
  return fit_method(estimator, *args, **kwargs)
/share/yangxizhong/env/anaconda/envs/deepconf/lib/python3.11/site-packages/sklearn/base.py:1365: ConvergenceWarning: Number of distinct clusters (1) found smaller than n_clusters (2). Possibly due to duplicate points in X.
  return fit_method(estimator, *args, **kwargs)
/share/yangxizhong/env/anaconda/envs/deepconf/lib/python3.11/site-packages/sklearn/base.py:1365: ConvergenceWarning: Number of distinct clusters (1) found smaller than n_clusters (2). Possibly due to duplicate points in X.
  return fit_method(estimator, *args, **kwargs)
/share/yangxizhong/env/anaconda/envs/deepconf/lib/python3.11/site-packages/sklearn/base.py:1365: ConvergenceWarning: Number of distinct clusters (1) found smaller than n_clusters (2). Possibly due to duplicate points in X.
  return fit_method(estimator, *args, **kwargs)
/share/yangxizhong/env/anaconda/envs/deepconf/lib/python3.11/site-packages/sklearn/base.py:1365: ConvergenceWarning: Number of distinct clusters (1) found smaller than n_clusters (2). Possibly due to duplicate points in X.
  return fit_method(estimator, *args, **kwargs)
/share/yangxizhong/env/anaconda/envs/deepconf/lib/python3.11/site-packages/sklearn/base.py:1365: ConvergenceWarning: Number of distinct clusters (1) found smaller than n_clusters (2). Possibly due to duplicate points in X.
  return fit_method(estimator, *args, **kwargs)
/share/yangxizhong/env/anaconda/envs/deepconf/lib/python3.11/site-packages/sklearn/base.py:1365: ConvergenceWarning: Number of distinct clusters (1) found smaller than n_clusters (2). Possibly due to duplicate points in X.
  return fit_method(estimator, *args, **kwargs)
/share/yangxizhong/env/anaconda/envs/deepconf/lib/python3.11/site-packages/sklearn/base.py:1365: ConvergenceWarning: Number of distinct clusters (1) found smaller than n_clusters (2). Possibly due to duplicate points in X.
  return fit_method(estimator, *args, **kwargs)
/share/yangxizhong/env/anaconda/envs/deepconf/lib/python3.11/site-packages/sklearn/base.py:1365: ConvergenceWarning: Number of distinct clusters (1) found smaller than n_clusters (2). Possibly due to duplicate points in X.
  return fit_method(estimator, *args, **kwargs)
/share/yangxizhong/env/anaconda/envs/deepconf/lib/python3.11/site-packages/sklearn/base.py:1365: ConvergenceWarning: Number of distinct clusters (1) found smaller than n_clusters (2). Possibly due to duplicate points in X.
  return fit_method(estimator, *args, **kwargs)
/share/yangxizhong/env/anaconda/envs/deepconf/lib/python3.11/site-packages/sklearn/base.py:1365: ConvergenceWarning: Number of distinct clusters (1) found smaller than n_clusters (2). Possibly due to duplicate points in X.
  return fit_method(estimator, *args, **kwargs)
/share/yangxizhong/env/anaconda/envs/deepconf/lib/python3.11/site-packages/sklearn/base.py:1365: ConvergenceWarning: Number of distinct clusters (1) found smaller than n_clusters (2). Possibly due to duplicate points in X.
  return fit_method(estimator, *args, **kwargs)
/share/yangxizhong/env/anaconda/envs/deepconf/lib/python3.11/site-packages/sklearn/base.py:1365: ConvergenceWarning: Number of distinct clusters (1) found smaller than n_clusters (2). Possibly due to duplicate points in X.
  return fit_method(estimator, *args, **kwargs)
/share/yangxizhong/env/anaconda/envs/deepconf/lib/python3.11/site-packages/sklearn/base.py:1365: ConvergenceWarning: Number of distinct clusters (1) found smaller than n_clusters (2). Possibly due to duplicate points in X.
  return fit_method(estimator, *args, **kwargs)
/share/yangxizhong/env/anaconda/envs/deepconf/lib/python3.11/site-packages/sklearn/base.py:1365: ConvergenceWarning: Number of distinct clusters (1) found smaller than n_clusters (2). Possibly due to duplicate points in X.
  return fit_method(estimator, *args, **kwargs)
/share/yangxizhong/env/anaconda/envs/deepconf/lib/python3.11/site-packages/sklearn/base.py:1365: ConvergenceWarning: Number of distinct clusters (1) found smaller than n_clusters (2). Possibly due to duplicate points in X.
  return fit_method(estimator, *args, **kwargs)
/share/yangxizhong/env/anaconda/envs/deepconf/lib/python3.11/site-packages/sklearn/base.py:1365: ConvergenceWarning: Number of distinct clusters (1) found smaller than n_clusters (2). Possibly due to duplicate points in X.
  return fit_method(estimator, *args, **kwargs)
/share/yangxizhong/env/anaconda/envs/deepconf/lib/python3.11/site-packages/sklearn/base.py:1365: ConvergenceWarning: Number of distinct clusters (1) found smaller than n_clusters (2). Possibly due to duplicate points in X.
  return fit_method(estimator, *args, **kwargs)
/share/yangxizhong/env/anaconda/envs/deepconf/lib/python3.11/site-packages/sklearn/base.py:1365: ConvergenceWarning: Number of distinct clusters (1) found smaller than n_clusters (2). Possibly due to duplicate points in X.
  return fit_method(estimator, *args, **kwargs)
/share/yangxizhong/env/anaconda/envs/deepconf/lib/python3.11/site-packages/sklearn/base.py:1365: ConvergenceWarning: Number of distinct clusters (1) found smaller than n_clusters (2). Possibly due to duplicate points in X.
  return fit_method(estimator, *args, **kwargs)
/share/yangxizhong/env/anaconda/envs/deepconf/lib/python3.11/site-packages/sklearn/base.py:1365: ConvergenceWarning: Number of distinct clusters (1) found smaller than n_clusters (2). Possibly due to duplicate points in X.
  return fit_method(estimator, *args, **kwargs)
/share/yangxizhong/env/anaconda/envs/deepconf/lib/python3.11/site-packages/sklearn/base.py:1365: ConvergenceWarning: Number of distinct clusters (1) found smaller than n_clusters (2). Possibly due to duplicate points in X.
  return fit_method(estimator, *args, **kwargs)
/share/yangxizhong/env/anaconda/envs/deepconf/lib/python3.11/site-packages/sklearn/base.py:1365: ConvergenceWarning: Number of distinct clusters (1) found smaller than n_clusters (2). Possibly due to duplicate points in X.
  return fit_method(estimator, *args, **kwargs)
/share/yangxizhong/env/anaconda/envs/deepconf/lib/python3.11/site-packages/sklearn/base.py:1365: ConvergenceWarning: Number of distinct clusters (1) found smaller than n_clusters (2). Possibly due to duplicate points in X.
  return fit_method(estimator, *args, **kwargs)
/share/yangxizhong/env/anaconda/envs/deepconf/lib/python3.11/site-packages/sklearn/base.py:1365: ConvergenceWarning: Number of distinct clusters (1) found smaller than n_clusters (2). Possibly due to duplicate points in X.
  return fit_method(estimator, *args, **kwargs)
/share/yangxizhong/env/anaconda/envs/deepconf/lib/python3.11/site-packages/sklearn/base.py:1365: ConvergenceWarning: Number of distinct clusters (1) found smaller than n_clusters (2). Possibly due to duplicate points in X.
  return fit_method(estimator, *args, **kwargs)
/share/yangxizhong/env/anaconda/envs/deepconf/lib/python3.11/site-packages/sklearn/base.py:1365: ConvergenceWarning: Number of distinct clusters (1) found smaller than n_clusters (2). Possibly due to duplicate points in X.
  return fit_method(estimator, *args, **kwargs)
/share/yangxizhong/env/anaconda/envs/deepconf/lib/python3.11/site-packages/sklearn/base.py:1365: ConvergenceWarning: Number of distinct clusters (1) found smaller than n_clusters (2). Possibly due to duplicate points in X.
  return fit_method(estimator, *args, **kwargs)
/share/yangxizhong/env/anaconda/envs/deepconf/lib/python3.11/site-packages/sklearn/base.py:1365: ConvergenceWarning: Number of distinct clusters (1) found smaller than n_clusters (2). Possibly due to duplicate points in X.
  return fit_method(estimator, *args, **kwargs)
/share/yangxizhong/env/anaconda/envs/deepconf/lib/python3.11/site-packages/sklearn/base.py:1365: ConvergenceWarning: Number of distinct clusters (1) found smaller than n_clusters (2). Possibly due to duplicate points in X.
  return fit_method(estimator, *args, **kwargs)
/share/yangxizhong/env/anaconda/envs/deepconf/lib/python3.11/site-packages/sklearn/base.py:1365: ConvergenceWarning: Number of distinct clusters (1) found smaller than n_clusters (2). Possibly due to duplicate points in X.
  return fit_method(estimator, *args, **kwargs)
/share/yangxizhong/env/anaconda/envs/deepconf/lib/python3.11/site-packages/sklearn/base.py:1365: ConvergenceWarning: Number of distinct clusters (1) found smaller than n_clusters (2). Possibly due to duplicate points in X.
  return fit_method(estimator, *args, **kwargs)
/share/yangxizhong/env/anaconda/envs/deepconf/lib/python3.11/site-packages/sklearn/base.py:1365: ConvergenceWarning: Number of distinct clusters (1) found smaller than n_clusters (2). Possibly due to duplicate points in X.
  return fit_method(estimator, *args, **kwargs)
/share/yangxizhong/env/anaconda/envs/deepconf/lib/python3.11/site-packages/sklearn/base.py:1365: ConvergenceWarning: Number of distinct clusters (1) found smaller than n_clusters (2). Possibly due to duplicate points in X.
  return fit_method(estimator, *args, **kwargs)
/share/yangxizhong/env/anaconda/envs/deepconf/lib/python3.11/site-packages/sklearn/base.py:1365: ConvergenceWarning: Number of distinct clusters (1) found smaller than n_clusters (2). Possibly due to duplicate points in X.
  return fit_method(estimator, *args, **kwargs)
/share/yangxizhong/env/anaconda/envs/deepconf/lib/python3.11/site-packages/sklearn/base.py:1365: ConvergenceWarning: Number of distinct clusters (1) found smaller than n_clusters (2). Possibly due to duplicate points in X.
  return fit_method(estimator, *args, **kwargs)
/share/yangxizhong/env/anaconda/envs/deepconf/lib/python3.11/site-packages/sklearn/base.py:1365: ConvergenceWarning: Number of distinct clusters (1) found smaller than n_clusters (2). Possibly due to duplicate points in X.
  return fit_method(estimator, *args, **kwargs)
/share/yangxizhong/env/anaconda/envs/deepconf/lib/python3.11/site-packages/sklearn/base.py:1365: ConvergenceWarning: Number of distinct clusters (1) found smaller than n_clusters (2). Possibly due to duplicate points in X.
  return fit_method(estimator, *args, **kwargs)
/share/yangxizhong/env/anaconda/envs/deepconf/lib/python3.11/site-packages/sklearn/base.py:1365: ConvergenceWarning: Number of distinct clusters (1) found smaller than n_clusters (2). Possibly due to duplicate points in X.
  return fit_method(estimator, *args, **kwargs)
/share/yangxizhong/env/anaconda/envs/deepconf/lib/python3.11/site-packages/sklearn/base.py:1365: ConvergenceWarning: Number of distinct clusters (1) found smaller than n_clusters (2). Possibly due to duplicate points in X.
  return fit_method(estimator, *args, **kwargs)
/share/yangxizhong/env/anaconda/envs/deepconf/lib/python3.11/site-packages/sklearn/base.py:1365: ConvergenceWarning: Number of distinct clusters (1) found smaller than n_clusters (2). Possibly due to duplicate points in X.
  return fit_method(estimator, *args, **kwargs)
/share/yangxizhong/env/anaconda/envs/deepconf/lib/python3.11/site-packages/sklearn/base.py:1365: ConvergenceWarning: Number of distinct clusters (1) found smaller than n_clusters (2). Possibly due to duplicate points in X.
  return fit_method(estimator, *args, **kwargs)
/share/yangxizhong/env/anaconda/envs/deepconf/lib/python3.11/site-packages/sklearn/base.py:1365: ConvergenceWarning: Number of distinct clusters (1) found smaller than n_clusters (2). Possibly due to duplicate points in X.
  return fit_method(estimator, *args, **kwargs)
/share/yangxizhong/env/anaconda/envs/deepconf/lib/python3.11/site-packages/sklearn/base.py:1365: ConvergenceWarning: Number of distinct clusters (1) found smaller than n_clusters (2). Possibly due to duplicate points in X.
  return fit_method(estimator, *args, **kwargs)
/share/yangxizhong/env/anaconda/envs/deepconf/lib/python3.11/site-packages/sklearn/base.py:1365: ConvergenceWarning: Number of distinct clusters (1) found smaller than n_clusters (2). Possibly due to duplicate points in X.
  return fit_method(estimator, *args, **kwargs)
/share/yangxizhong/env/anaconda/envs/deepconf/lib/python3.11/site-packages/sklearn/base.py:1365: ConvergenceWarning: Number of distinct clusters (1) found smaller than n_clusters (2). Possibly due to duplicate points in X.
  return fit_method(estimator, *args, **kwargs)
/share/yangxizhong/env/anaconda/envs/deepconf/lib/python3.11/site-packages/sklearn/base.py:1365: ConvergenceWarning: Number of distinct clusters (1) found smaller than n_clusters (2). Possibly due to duplicate points in X.
  return fit_method(estimator, *args, **kwargs)
/share/yangxizhong/env/anaconda/envs/deepconf/lib/python3.11/site-packages/sklearn/base.py:1365: ConvergenceWarning: Number of distinct clusters (1) found smaller than n_clusters (2). Possibly due to duplicate points in X.
  return fit_method(estimator, *args, **kwargs)
/share/yangxizhong/env/anaconda/envs/deepconf/lib/python3.11/site-packages/sklearn/base.py:1365: ConvergenceWarning: Number of distinct clusters (1) found smaller than n_clusters (2). Possibly due to duplicate points in X.
  return fit_method(estimator, *args, **kwargs)
/share/yangxizhong/env/anaconda/envs/deepconf/lib/python3.11/site-packages/sklearn/base.py:1365: ConvergenceWarning: Number of distinct clusters (1) found smaller than n_clusters (2). Possibly due to duplicate points in X.
  return fit_method(estimator, *args, **kwargs)
/share/yangxizhong/env/anaconda/envs/deepconf/lib/python3.11/site-packages/sklearn/base.py:1365: ConvergenceWarning: Number of distinct clusters (1) found smaller than n_clusters (2). Possibly due to duplicate points in X.
  return fit_method(estimator, *args, **kwargs)
/share/yangxizhong/env/anaconda/envs/deepconf/lib/python3.11/site-packages/sklearn/base.py:1365: ConvergenceWarning: Number of distinct clusters (1) found smaller than n_clusters (2). Possibly due to duplicate points in X.
  return fit_method(estimator, *args, **kwargs)
/share/yangxizhong/env/anaconda/envs/deepconf/lib/python3.11/site-packages/sklearn/base.py:1365: ConvergenceWarning: Number of distinct clusters (1) found smaller than n_clusters (2). Possibly due to duplicate points in X.
  return fit_method(estimator, *args, **kwargs)
/share/yangxizhong/env/anaconda/envs/deepconf/lib/python3.11/site-packages/sklearn/base.py:1365: ConvergenceWarning: Number of distinct clusters (1) found smaller than n_clusters (2). Possibly due to duplicate points in X.
  return fit_method(estimator, *args, **kwargs)
/share/yangxizhong/env/anaconda/envs/deepconf/lib/python3.11/site-packages/sklearn/base.py:1365: ConvergenceWarning: Number of distinct clusters (1) found smaller than n_clusters (2). Possibly due to duplicate points in X.
  return fit_method(estimator, *args, **kwargs)
/share/yangxizhong/env/anaconda/envs/deepconf/lib/python3.11/site-packages/sklearn/base.py:1365: ConvergenceWarning: Number of distinct clusters (1) found smaller than n_clusters (2). Possibly due to duplicate points in X.
  return fit_method(estimator, *args, **kwargs)
/share/yangxizhong/env/anaconda/envs/deepconf/lib/python3.11/site-packages/sklearn/base.py:1365: ConvergenceWarning: Number of distinct clusters (1) found smaller than n_clusters (2). Possibly due to duplicate points in X.
  return fit_method(estimator, *args, **kwargs)
/share/yangxizhong/env/anaconda/envs/deepconf/lib/python3.11/site-packages/sklearn/base.py:1365: ConvergenceWarning: Number of distinct clusters (1) found smaller than n_clusters (2). Possibly due to duplicate points in X.
  return fit_method(estimator, *args, **kwargs)
/share/yangxizhong/env/anaconda/envs/deepconf/lib/python3.11/site-packages/sklearn/base.py:1365: ConvergenceWarning: Number of distinct clusters (1) found smaller than n_clusters (2). Possibly due to duplicate points in X.
  return fit_method(estimator, *args, **kwargs)
/share/yangxizhong/env/anaconda/envs/deepconf/lib/python3.11/site-packages/sklearn/base.py:1365: ConvergenceWarning: Number of distinct clusters (1) found smaller than n_clusters (2). Possibly due to duplicate points in X.
  return fit_method(estimator, *args, **kwargs)
/share/yangxizhong/env/anaconda/envs/deepconf/lib/python3.11/site-packages/sklearn/base.py:1365: ConvergenceWarning: Number of distinct clusters (1) found smaller than n_clusters (2). Possibly due to duplicate points in X.
  return fit_method(estimator, *args, **kwargs)
/share/yangxizhong/env/anaconda/envs/deepconf/lib/python3.11/site-packages/sklearn/base.py:1365: ConvergenceWarning: Number of distinct clusters (1) found smaller than n_clusters (2). Possibly due to duplicate points in X.
  return fit_method(estimator, *args, **kwargs)
/share/yangxizhong/env/anaconda/envs/deepconf/lib/python3.11/site-packages/sklearn/base.py:1365: ConvergenceWarning: Number of distinct clusters (1) found smaller than n_clusters (2). Possibly due to duplicate points in X.
  return fit_method(estimator, *args, **kwargs)
/share/yangxizhong/env/anaconda/envs/deepconf/lib/python3.11/site-packages/sklearn/base.py:1365: ConvergenceWarning: Number of distinct clusters (1) found smaller than n_clusters (2). Possibly due to duplicate points in X.
  return fit_method(estimator, *args, **kwargs)
/share/yangxizhong/env/anaconda/envs/deepconf/lib/python3.11/site-packages/sklearn/base.py:1365: ConvergenceWarning: Number of distinct clusters (1) found smaller than n_clusters (2). Possibly due to duplicate points in X.
  return fit_method(estimator, *args, **kwargs)
/share/yangxizhong/env/anaconda/envs/deepconf/lib/python3.11/site-packages/sklearn/base.py:1365: ConvergenceWarning: Number of distinct clusters (1) found smaller than n_clusters (2). Possibly due to duplicate points in X.
  return fit_method(estimator, *args, **kwargs)
/share/yangxizhong/env/anaconda/envs/deepconf/lib/python3.11/site-packages/sklearn/base.py:1365: ConvergenceWarning: Number of distinct clusters (1) found smaller than n_clusters (2). Possibly due to duplicate points in X.
  return fit_method(estimator, *args, **kwargs)
/share/yangxizhong/env/anaconda/envs/deepconf/lib/python3.11/site-packages/sklearn/base.py:1365: ConvergenceWarning: Number of distinct clusters (1) found smaller than n_clusters (2). Possibly due to duplicate points in X.
  return fit_method(estimator, *args, **kwargs)
/share/yangxizhong/env/anaconda/envs/deepconf/lib/python3.11/site-packages/sklearn/base.py:1365: ConvergenceWarning: Number of distinct clusters (1) found smaller than n_clusters (2). Possibly due to duplicate points in X.
  return fit_method(estimator, *args, **kwargs)
/share/yangxizhong/env/anaconda/envs/deepconf/lib/python3.11/site-packages/sklearn/base.py:1365: ConvergenceWarning: Number of distinct clusters (1) found smaller than n_clusters (2). Possibly due to duplicate points in X.
  return fit_method(estimator, *args, **kwargs)
/share/yangxizhong/env/anaconda/envs/deepconf/lib/python3.11/site-packages/sklearn/base.py:1365: ConvergenceWarning: Number of distinct clusters (1) found smaller than n_clusters (2). Possibly due to duplicate points in X.
  return fit_method(estimator, *args, **kwargs)
/share/yangxizhong/env/anaconda/envs/deepconf/lib/python3.11/site-packages/sklearn/base.py:1365: ConvergenceWarning: Number of distinct clusters (1) found smaller than n_clusters (2). Possibly due to duplicate points in X.
  return fit_method(estimator, *args, **kwargs)
/share/yangxizhong/env/anaconda/envs/deepconf/lib/python3.11/site-packages/sklearn/base.py:1365: ConvergenceWarning: Number of distinct clusters (1) found smaller than n_clusters (2). Possibly due to duplicate points in X.
  return fit_method(estimator, *args, **kwargs)
/share/yangxizhong/env/anaconda/envs/deepconf/lib/python3.11/site-packages/sklearn/base.py:1365: ConvergenceWarning: Number of distinct clusters (1) found smaller than n_clusters (2). Possibly due to duplicate points in X.
  return fit_method(estimator, *args, **kwargs)
/share/yangxizhong/env/anaconda/envs/deepconf/lib/python3.11/site-packages/sklearn/base.py:1365: ConvergenceWarning: Number of distinct clusters (1) found smaller than n_clusters (2). Possibly due to duplicate points in X.
  return fit_method(estimator, *args, **kwargs)
/share/yangxizhong/env/anaconda/envs/deepconf/lib/python3.11/site-packages/sklearn/base.py:1365: ConvergenceWarning: Number of distinct clusters (1) found smaller than n_clusters (2). Possibly due to duplicate points in X.
  return fit_method(estimator, *args, **kwargs)
/share/yangxizhong/env/anaconda/envs/deepconf/lib/python3.11/site-packages/sklearn/base.py:1365: ConvergenceWarning: Number of distinct clusters (1) found smaller than n_clusters (2). Possibly due to duplicate points in X.
  return fit_method(estimator, *args, **kwargs)
/share/yangxizhong/env/anaconda/envs/deepconf/lib/python3.11/site-packages/sklearn/base.py:1365: ConvergenceWarning: Number of distinct clusters (1) found smaller than n_clusters (2). Possibly due to duplicate points in X.
  return fit_method(estimator, *args, **kwargs)
/share/yangxizhong/env/anaconda/envs/deepconf/lib/python3.11/site-packages/sklearn/base.py:1365: ConvergenceWarning: Number of distinct clusters (1) found smaller than n_clusters (2). Possibly due to duplicate points in X.
  return fit_method(estimator, *args, **kwargs)
/share/yangxizhong/env/anaconda/envs/deepconf/lib/python3.11/site-packages/sklearn/base.py:1365: ConvergenceWarning: Number of distinct clusters (1) found smaller than n_clusters (2). Possibly due to duplicate points in X.
  return fit_method(estimator, *args, **kwargs)
/share/yangxizhong/env/anaconda/envs/deepconf/lib/python3.11/site-packages/sklearn/base.py:1365: ConvergenceWarning: Number of distinct clusters (1) found smaller than n_clusters (2). Possibly due to duplicate points in X.
  return fit_method(estimator, *args, **kwargs)
/share/yangxizhong/env/anaconda/envs/deepconf/lib/python3.11/site-packages/sklearn/base.py:1365: ConvergenceWarning: Number of distinct clusters (1) found smaller than n_clusters (2). Possibly due to duplicate points in X.
  return fit_method(estimator, *args, **kwargs)
/share/yangxizhong/env/anaconda/envs/deepconf/lib/python3.11/site-packages/sklearn/base.py:1365: ConvergenceWarning: Number of distinct clusters (1) found smaller than n_clusters (2). Possibly due to duplicate points in X.
  return fit_method(estimator, *args, **kwargs)
/share/yangxizhong/env/anaconda/envs/deepconf/lib/python3.11/site-packages/sklearn/base.py:1365: ConvergenceWarning: Number of distinct clusters (1) found smaller than n_clusters (2). Possibly due to duplicate points in X.
  return fit_method(estimator, *args, **kwargs)
/share/yangxizhong/env/anaconda/envs/deepconf/lib/python3.11/site-packages/sklearn/base.py:1365: ConvergenceWarning: Number of distinct clusters (1) found smaller than n_clusters (2). Possibly due to duplicate points in X.
  return fit_method(estimator, *args, **kwargs)
/share/yangxizhong/env/anaconda/envs/deepconf/lib/python3.11/site-packages/sklearn/base.py:1365: ConvergenceWarning: Number of distinct clusters (1) found smaller than n_clusters (2). Possibly due to duplicate points in X.
  return fit_method(estimator, *args, **kwargs)
/share/yangxizhong/env/anaconda/envs/deepconf/lib/python3.11/site-packages/sklearn/base.py:1365: ConvergenceWarning: Number of distinct clusters (1) found smaller than n_clusters (2). Possibly due to duplicate points in X.
  return fit_method(estimator, *args, **kwargs)
/share/yangxizhong/env/anaconda/envs/deepconf/lib/python3.11/site-packages/sklearn/base.py:1365: ConvergenceWarning: Number of distinct clusters (1) found smaller than n_clusters (2). Possibly due to duplicate points in X.
  return fit_method(estimator, *args, **kwargs)
/share/yangxizhong/env/anaconda/envs/deepconf/lib/python3.11/site-packages/sklearn/base.py:1365: ConvergenceWarning: Number of distinct clusters (1) found smaller than n_clusters (2). Possibly due to duplicate points in X.
  return fit_method(estimator, *args, **kwargs)
 85%|████████▍ | 11/13 [1:36:59<22:59, 689.86s/it] 92%|█████████▏| 12/13 [1:37:32<08:10, 490.14s/it]100%|██████████| 13/13 [1:38:12<00:00, 353.65s/it]100%|██████████| 13/13 [1:38:12<00:00, 453.26s/it]
Processing SC with params (0, 0, 'SC', None, None)
Processing 28 files with threading...
hmmt2025 voting acc: 0.21819196428571427
Processing 198 files with threading...
gpqad voting acc: 0.5556344696969697
Processing 30 files with threading...
aime2024 voting acc: 0.4640625
Processing 29 files with threading...
aime2025 voting acc: 0.35237068965517243
Processing 30 files with threading...
brumo2025 voting acc: 0.4979166666666667
结果已动态更新到: /share/yangxizhong/workspace/step_level_deepconf/output/result/voting/Qwen3-14B-NonThinking-core-All-Avg64ofB128-AllAblation-base-repeat3.xlsx
Processing BoN with params (0, 0, 'BoN', None, None)
Processing 28 files with threading...
hmmt2025 voting acc: 0.20591517857142858
Processing 198 files with threading...
gpqad voting acc: 0.5290404040404041
Processing 30 files with threading...
aime2024 voting acc: 0.34375
Processing 29 files with threading...
aime2025 voting acc: 0.3572198275862069
Processing 30 files with threading...
brumo2025 voting acc: 0.36041666666666666
结果已动态更新到: /share/yangxizhong/workspace/step_level_deepconf/output/result/voting/Qwen3-14B-NonThinking-core-All-Avg64ofB128-AllAblation-base-repeat3.xlsx
Processing MoB-Adaptive with params (1, 0, 'MoB-Adaptive', None, None)
Processing 28 files with threading...
hmmt2025 voting acc: 0.24888392857142858
Processing 198 files with threading...
gpqad voting acc: 0.5635258838383839
Processing 30 files with threading...
aime2024 voting acc: 0.48333333333333334
Processing 29 files with threading...
aime2025 voting acc: 0.4552801724137931
Processing 30 files with threading...
brumo2025 voting acc: 0.5119791666666667
结果已动态更新到: /share/yangxizhong/workspace/step_level_deepconf/output/result/voting/Qwen3-14B-NonThinking-core-All-Avg64ofB128-AllAblation-base-repeat3.xlsx
Processing 0000-Top50-No-WSC with params (0, 0, 'Top50-No-WSC', 'top10', None)
Processing 28 files with threading...
hmmt2025 voting acc: 0.25223214285714285
Processing 198 files with threading...
gpqad voting acc: 0.5637626262626263
Processing 30 files with threading...
aime2024 voting acc: 0.5067708333333333
Processing 29 files with threading...
aime2025 voting acc: 0.36799568965517243
Processing 30 files with threading...
brumo2025 voting acc: 0.49322916666666666
结果已动态更新到: /share/yangxizhong/workspace/step_level_deepconf/output/result/voting/Qwen3-14B-NonThinking-core-All-Avg64ofB128-AllAblation-base-repeat3.xlsx
Processing 0100-GMM-No-WSC with params (0, 0, 'GMM-No-WSC', 'gmm', None)
Processing 28 files with threading...
hmmt2025 voting acc: 0.25948660714285715
Processing 198 files with threading...
gpqad voting acc: 0.5584753787878788
Processing 30 files with threading...
aime2024 voting acc: 0.4942708333333333
Processing 29 files with threading...
aime2025 voting acc: 0.3728448275862069
Processing 30 files with threading...
brumo2025 voting acc: 0.5
结果已动态更新到: /share/yangxizhong/workspace/step_level_deepconf/output/result/voting/Qwen3-14B-NonThinking-core-All-Avg64ofB128-AllAblation-base-repeat3.xlsx
Processing 0010-Top50-Reject-WSC with params (0, 0, 'Top50-Reject-WSC', 'top10', None)
Processing 28 files with threading...
hmmt2025 voting acc: 0.25167410714285715
Processing 198 files with threading...
gpqad voting acc: 0.5632891414141414
Processing 30 files with threading...
aime2024 voting acc: 0.50625
Processing 29 files with threading...
aime2025 voting acc: 0.36907327586206895
Processing 30 files with threading...
brumo2025 voting acc: 0.49375
结果已动态更新到: /share/yangxizhong/workspace/step_level_deepconf/output/result/voting/Qwen3-14B-NonThinking-core-All-Avg64ofB128-AllAblation-base-repeat3.xlsx
Processing 0001-Top50-No-HierV with params (0, 0, 'Top50-No-HierV', 'top10', None)
Processing 28 files with threading...
hmmt2025 voting acc: 0.2572544642857143
Processing 198 files with threading...
gpqad voting acc: 0.5622632575757576
Processing 30 files with threading...
aime2024 voting acc: 0.49895833333333334
Processing 29 files with threading...
aime2025 voting acc: 0.3922413793103448
Processing 30 files with threading...
brumo2025 voting acc: 0.5145833333333333
结果已动态更新到: /share/yangxizhong/workspace/step_level_deepconf/output/result/voting/Qwen3-14B-NonThinking-core-All-Avg64ofB128-AllAblation-base-repeat3.xlsx
Processing 0110-GMM-Reject-WSC with params (0, 0, 'GMM-Reject-WSC', 'gmm', None)
Processing 28 files with threading...
hmmt2025 voting acc: 0.26060267857142855
Processing 198 files with threading...
gpqad voting acc: 0.5592645202020202
Processing 30 files with threading...
aime2024 voting acc: 0.49322916666666666
Processing 29 files with threading...
aime2025 voting acc: 0.3728448275862069
Processing 30 files with threading...
brumo2025 voting acc: 0.49947916666666664
结果已动态更新到: /share/yangxizhong/workspace/step_level_deepconf/output/result/voting/Qwen3-14B-NonThinking-core-All-Avg64ofB128-AllAblation-base-repeat3.xlsx
Processing 0101-GMM-No-HierV with params (0, 0, 'GMM-No-HierV', 'gmm', None)
Processing 28 files with threading...
hmmt2025 voting acc: 0.2578125
Processing 198 files with threading...
gpqad voting acc: 0.5556344696969697
Processing 30 files with threading...
aime2024 voting acc: 0.49322916666666666
Processing 29 files with threading...
aime2025 voting acc: 0.38092672413793105
Processing 30 files with threading...
brumo2025 voting acc: 0.49895833333333334
结果已动态更新到: /share/yangxizhong/workspace/step_level_deepconf/output/result/voting/Qwen3-14B-NonThinking-core-All-Avg64ofB128-AllAblation-base-repeat3.xlsx
Processing 0011-Top50-Reject-HierV with params (0, 0, 'Top50-Reject-HierV', 'top10', None)
Processing 28 files with threading...
hmmt2025 voting acc: 0.25669642857142855
Processing 198 files with threading...
gpqad voting acc: 0.5616319444444444
Processing 30 files with threading...
aime2024 voting acc: 0.49947916666666664
Processing 29 files with threading...
aime2025 voting acc: 0.3895474137931034
Processing 30 files with threading...
brumo2025 voting acc: 0.5161458333333333
结果已动态更新到: /share/yangxizhong/workspace/step_level_deepconf/output/result/voting/Qwen3-14B-NonThinking-core-All-Avg64ofB128-AllAblation-base-repeat3.xlsx
Processing 0111-GMM-Reject-HierV with params (0, 0, 'GMM-Reject-HierV', 'gmm', None)
Processing 28 files with threading...
hmmt2025 voting acc: 0.25613839285714285
Processing 198 files with threading...
gpqad voting acc: 0.555792297979798
Processing 30 files with threading...
aime2024 voting acc: 0.49114583333333334
Processing 29 files with threading...
aime2025 voting acc: 0.3857758620689655
Processing 30 files with threading...
brumo2025 voting acc: 0.49947916666666664
结果已动态更新到: /share/yangxizhong/workspace/step_level_deepconf/output/result/voting/Qwen3-14B-NonThinking-core-All-Avg64ofB128-AllAblation-base-repeat3.xlsx
Processing 0000-No-No-WSC with params (0, 0, 'No-No-WSC', None, None)
Processing 28 files with threading...
hmmt2025 voting acc: 0.22767857142857142
Processing 198 files with threading...
gpqad voting acc: 0.5576073232323232
Processing 30 files with threading...
aime2024 voting acc: 0.475
Processing 29 files with threading...
aime2025 voting acc: 0.3566810344827586
Processing 30 files with threading...
brumo2025 voting acc: 0.5015625
结果已动态更新到: /share/yangxizhong/workspace/step_level_deepconf/output/result/voting/Qwen3-14B-NonThinking-core-All-Avg64ofB128-AllAblation-base-repeat3.xlsx
Processing 0001-No-No-HierV with params (0, 0, 'No-No-HierV', None, None)
Processing 28 files with threading...
hmmt2025 voting acc: 0.20591517857142858
Processing 198 files with threading...
gpqad voting acc: 0.5516098484848485
Processing 30 files with threading...
aime2024 voting acc: 0.478125
Processing 29 files with threading...
aime2025 voting acc: 0.35183189655172414
Processing 30 files with threading...
brumo2025 voting acc: 0.49270833333333336
结果已动态更新到: /share/yangxizhong/workspace/step_level_deepconf/output/result/voting/Qwen3-14B-NonThinking-core-All-Avg64ofB128-AllAblation-base-repeat3.xlsx
VOTING_MODE: No-No-HierV, THRESHOLD_MODE: None, THRESHOLD_SCOPE: None
  0%|          | 0/13 [00:00<?, ?it/s]  8%|▊         | 1/13 [00:32<06:34, 32.86s/it] 15%|█▌        | 2/13 [01:17<07:15, 39.55s/it] 23%|██▎       | 3/13 [02:09<07:34, 45.44s/it] 31%|███       | 4/13 [02:51<06:37, 44.17s/it]/share/yangxizhong/env/anaconda/envs/deepconf/lib/python3.11/site-packages/sklearn/base.py:1365: ConvergenceWarning: Number of distinct clusters (1) found smaller than n_clusters (2). Possibly due to duplicate points in X.
  return fit_method(estimator, *args, **kwargs)
/share/yangxizhong/env/anaconda/envs/deepconf/lib/python3.11/site-packages/sklearn/base.py:1365: ConvergenceWarning: Number of distinct clusters (1) found smaller than n_clusters (2). Possibly due to duplicate points in X.
  return fit_method(estimator, *args, **kwargs)
/share/yangxizhong/env/anaconda/envs/deepconf/lib/python3.11/site-packages/sklearn/base.py:1365: ConvergenceWarning: Number of distinct clusters (1) found smaller than n_clusters (2). Possibly due to duplicate points in X.
  return fit_method(estimator, *args, **kwargs)
/share/yangxizhong/env/anaconda/envs/deepconf/lib/python3.11/site-packages/sklearn/base.py:1365: ConvergenceWarning: Number of distinct clusters (1) found smaller than n_clusters (2). Possibly due to duplicate points in X.
  return fit_method(estimator, *args, **kwargs)
/share/yangxizhong/env/anaconda/envs/deepconf/lib/python3.11/site-packages/sklearn/base.py:1365: ConvergenceWarning: Number of distinct clusters (1) found smaller than n_clusters (2). Possibly due to duplicate points in X.
  return fit_method(estimator, *args, **kwargs)
/share/yangxizhong/env/anaconda/envs/deepconf/lib/python3.11/site-packages/sklearn/base.py:1365: ConvergenceWarning: Number of distinct clusters (1) found smaller than n_clusters (2). Possibly due to duplicate points in X.
  return fit_method(estimator, *args, **kwargs)
/share/yangxizhong/env/anaconda/envs/deepconf/lib/python3.11/site-packages/sklearn/base.py:1365: ConvergenceWarning: Number of distinct clusters (1) found smaller than n_clusters (2). Possibly due to duplicate points in X.
  return fit_method(estimator, *args, **kwargs)
/share/yangxizhong/env/anaconda/envs/deepconf/lib/python3.11/site-packages/sklearn/base.py:1365: ConvergenceWarning: Number of distinct clusters (1) found smaller than n_clusters (2). Possibly due to duplicate points in X.
  return fit_method(estimator, *args, **kwargs)
/share/yangxizhong/env/anaconda/envs/deepconf/lib/python3.11/site-packages/sklearn/base.py:1365: ConvergenceWarning: Number of distinct clusters (1) found smaller than n_clusters (2). Possibly due to duplicate points in X.
  return fit_method(estimator, *args, **kwargs)
/share/yangxizhong/env/anaconda/envs/deepconf/lib/python3.11/site-packages/sklearn/base.py:1365: ConvergenceWarning: Number of distinct clusters (1) found smaller than n_clusters (2). Possibly due to duplicate points in X.
  return fit_method(estimator, *args, **kwargs)
/share/yangxizhong/env/anaconda/envs/deepconf/lib/python3.11/site-packages/sklearn/base.py:1365: ConvergenceWarning: Number of distinct clusters (1) found smaller than n_clusters (2). Possibly due to duplicate points in X.
  return fit_method(estimator, *args, **kwargs)
/share/yangxizhong/env/anaconda/envs/deepconf/lib/python3.11/site-packages/sklearn/base.py:1365: ConvergenceWarning: Number of distinct clusters (1) found smaller than n_clusters (2). Possibly due to duplicate points in X.
  return fit_method(estimator, *args, **kwargs)
/share/yangxizhong/env/anaconda/envs/deepconf/lib/python3.11/site-packages/sklearn/base.py:1365: ConvergenceWarning: Number of distinct clusters (1) found smaller than n_clusters (2). Possibly due to duplicate points in X.
  return fit_method(estimator, *args, **kwargs)
/share/yangxizhong/env/anaconda/envs/deepconf/lib/python3.11/site-packages/sklearn/base.py:1365: ConvergenceWarning: Number of distinct clusters (1) found smaller than n_clusters (2). Possibly due to duplicate points in X.
  return fit_method(estimator, *args, **kwargs)
/share/yangxizhong/env/anaconda/envs/deepconf/lib/python3.11/site-packages/sklearn/base.py:1365: ConvergenceWarning: Number of distinct clusters (1) found smaller than n_clusters (2). Possibly due to duplicate points in X.
  return fit_method(estimator, *args, **kwargs)
/share/yangxizhong/env/anaconda/envs/deepconf/lib/python3.11/site-packages/sklearn/base.py:1365: ConvergenceWarning: Number of distinct clusters (1) found smaller than n_clusters (2). Possibly due to duplicate points in X.
  return fit_method(estimator, *args, **kwargs)
/share/yangxizhong/env/anaconda/envs/deepconf/lib/python3.11/site-packages/sklearn/base.py:1365: ConvergenceWarning: Number of distinct clusters (1) found smaller than n_clusters (2). Possibly due to duplicate points in X.
  return fit_method(estimator, *args, **kwargs)
/share/yangxizhong/env/anaconda/envs/deepconf/lib/python3.11/site-packages/sklearn/base.py:1365: ConvergenceWarning: Number of distinct clusters (1) found smaller than n_clusters (2). Possibly due to duplicate points in X.
  return fit_method(estimator, *args, **kwargs)
/share/yangxizhong/env/anaconda/envs/deepconf/lib/python3.11/site-packages/sklearn/base.py:1365: ConvergenceWarning: Number of distinct clusters (1) found smaller than n_clusters (2). Possibly due to duplicate points in X.
  return fit_method(estimator, *args, **kwargs)
/share/yangxizhong/env/anaconda/envs/deepconf/lib/python3.11/site-packages/sklearn/base.py:1365: ConvergenceWarning: Number of distinct clusters (1) found smaller than n_clusters (2). Possibly due to duplicate points in X.
  return fit_method(estimator, *args, **kwargs)
/share/yangxizhong/env/anaconda/envs/deepconf/lib/python3.11/site-packages/sklearn/base.py:1365: ConvergenceWarning: Number of distinct clusters (1) found smaller than n_clusters (2). Possibly due to duplicate points in X.
  return fit_method(estimator, *args, **kwargs)
/share/yangxizhong/env/anaconda/envs/deepconf/lib/python3.11/site-packages/sklearn/base.py:1365: ConvergenceWarning: Number of distinct clusters (1) found smaller than n_clusters (2). Possibly due to duplicate points in X.
  return fit_method(estimator, *args, **kwargs)
/share/yangxizhong/env/anaconda/envs/deepconf/lib/python3.11/site-packages/sklearn/base.py:1365: ConvergenceWarning: Number of distinct clusters (1) found smaller than n_clusters (2). Possibly due to duplicate points in X.
  return fit_method(estimator, *args, **kwargs)
/share/yangxizhong/env/anaconda/envs/deepconf/lib/python3.11/site-packages/sklearn/base.py:1365: ConvergenceWarning: Number of distinct clusters (1) found smaller than n_clusters (2). Possibly due to duplicate points in X.
  return fit_method(estimator, *args, **kwargs)
/share/yangxizhong/env/anaconda/envs/deepconf/lib/python3.11/site-packages/sklearn/base.py:1365: ConvergenceWarning: Number of distinct clusters (1) found smaller than n_clusters (2). Possibly due to duplicate points in X.
  return fit_method(estimator, *args, **kwargs)
/share/yangxizhong/env/anaconda/envs/deepconf/lib/python3.11/site-packages/sklearn/base.py:1365: ConvergenceWarning: Number of distinct clusters (1) found smaller than n_clusters (2). Possibly due to duplicate points in X.
  return fit_method(estimator, *args, **kwargs)
/share/yangxizhong/env/anaconda/envs/deepconf/lib/python3.11/site-packages/sklearn/base.py:1365: ConvergenceWarning: Number of distinct clusters (1) found smaller than n_clusters (2). Possibly due to duplicate points in X.
  return fit_method(estimator, *args, **kwargs)
/share/yangxizhong/env/anaconda/envs/deepconf/lib/python3.11/site-packages/sklearn/base.py:1365: ConvergenceWarning: Number of distinct clusters (1) found smaller than n_clusters (2). Possibly due to duplicate points in X.
  return fit_method(estimator, *args, **kwargs)
/share/yangxizhong/env/anaconda/envs/deepconf/lib/python3.11/site-packages/sklearn/base.py:1365: ConvergenceWarning: Number of distinct clusters (1) found smaller than n_clusters (2). Possibly due to duplicate points in X.
  return fit_method(estimator, *args, **kwargs)
/share/yangxizhong/env/anaconda/envs/deepconf/lib/python3.11/site-packages/sklearn/base.py:1365: ConvergenceWarning: Number of distinct clusters (1) found smaller than n_clusters (2). Possibly due to duplicate points in X.
  return fit_method(estimator, *args, **kwargs)
/share/yangxizhong/env/anaconda/envs/deepconf/lib/python3.11/site-packages/sklearn/base.py:1365: ConvergenceWarning: Number of distinct clusters (1) found smaller than n_clusters (2). Possibly due to duplicate points in X.
  return fit_method(estimator, *args, **kwargs)
/share/yangxizhong/env/anaconda/envs/deepconf/lib/python3.11/site-packages/sklearn/base.py:1365: ConvergenceWarning: Number of distinct clusters (1) found smaller than n_clusters (2). Possibly due to duplicate points in X.
  return fit_method(estimator, *args, **kwargs)
/share/yangxizhong/env/anaconda/envs/deepconf/lib/python3.11/site-packages/sklearn/base.py:1365: ConvergenceWarning: Number of distinct clusters (1) found smaller than n_clusters (2). Possibly due to duplicate points in X.
  return fit_method(estimator, *args, **kwargs)
/share/yangxizhong/env/anaconda/envs/deepconf/lib/python3.11/site-packages/sklearn/base.py:1365: ConvergenceWarning: Number of distinct clusters (1) found smaller than n_clusters (2). Possibly due to duplicate points in X.
  return fit_method(estimator, *args, **kwargs)
/share/yangxizhong/env/anaconda/envs/deepconf/lib/python3.11/site-packages/sklearn/base.py:1365: ConvergenceWarning: Number of distinct clusters (1) found smaller than n_clusters (2). Possibly due to duplicate points in X.
  return fit_method(estimator, *args, **kwargs)
/share/yangxizhong/env/anaconda/envs/deepconf/lib/python3.11/site-packages/sklearn/base.py:1365: ConvergenceWarning: Number of distinct clusters (1) found smaller than n_clusters (2). Possibly due to duplicate points in X.
  return fit_method(estimator, *args, **kwargs)
/share/yangxizhong/env/anaconda/envs/deepconf/lib/python3.11/site-packages/sklearn/base.py:1365: ConvergenceWarning: Number of distinct clusters (1) found smaller than n_clusters (2). Possibly due to duplicate points in X.
  return fit_method(estimator, *args, **kwargs)
/share/yangxizhong/env/anaconda/envs/deepconf/lib/python3.11/site-packages/sklearn/base.py:1365: ConvergenceWarning: Number of distinct clusters (1) found smaller than n_clusters (2). Possibly due to duplicate points in X.
  return fit_method(estimator, *args, **kwargs)
/share/yangxizhong/env/anaconda/envs/deepconf/lib/python3.11/site-packages/sklearn/base.py:1365: ConvergenceWarning: Number of distinct clusters (1) found smaller than n_clusters (2). Possibly due to duplicate points in X.
  return fit_method(estimator, *args, **kwargs)
/share/yangxizhong/env/anaconda/envs/deepconf/lib/python3.11/site-packages/sklearn/base.py:1365: ConvergenceWarning: Number of distinct clusters (1) found smaller than n_clusters (2). Possibly due to duplicate points in X.
  return fit_method(estimator, *args, **kwargs)
/share/yangxizhong/env/anaconda/envs/deepconf/lib/python3.11/site-packages/sklearn/base.py:1365: ConvergenceWarning: Number of distinct clusters (1) found smaller than n_clusters (2). Possibly due to duplicate points in X.
  return fit_method(estimator, *args, **kwargs)
/share/yangxizhong/env/anaconda/envs/deepconf/lib/python3.11/site-packages/sklearn/base.py:1365: ConvergenceWarning: Number of distinct clusters (1) found smaller than n_clusters (2). Possibly due to duplicate points in X.
  return fit_method(estimator, *args, **kwargs)
/share/yangxizhong/env/anaconda/envs/deepconf/lib/python3.11/site-packages/sklearn/base.py:1365: ConvergenceWarning: Number of distinct clusters (1) found smaller than n_clusters (2). Possibly due to duplicate points in X.
  return fit_method(estimator, *args, **kwargs)
/share/yangxizhong/env/anaconda/envs/deepconf/lib/python3.11/site-packages/sklearn/base.py:1365: ConvergenceWarning: Number of distinct clusters (1) found smaller than n_clusters (2). Possibly due to duplicate points in X.
  return fit_method(estimator, *args, **kwargs)
/share/yangxizhong/env/anaconda/envs/deepconf/lib/python3.11/site-packages/sklearn/base.py:1365: ConvergenceWarning: Number of distinct clusters (1) found smaller than n_clusters (2). Possibly due to duplicate points in X.
  return fit_method(estimator, *args, **kwargs)
/share/yangxizhong/env/anaconda/envs/deepconf/lib/python3.11/site-packages/sklearn/base.py:1365: ConvergenceWarning: Number of distinct clusters (1) found smaller than n_clusters (2). Possibly due to duplicate points in X.
  return fit_method(estimator, *args, **kwargs)
/share/yangxizhong/env/anaconda/envs/deepconf/lib/python3.11/site-packages/sklearn/base.py:1365: ConvergenceWarning: Number of distinct clusters (1) found smaller than n_clusters (2). Possibly due to duplicate points in X.
  return fit_method(estimator, *args, **kwargs)
/share/yangxizhong/env/anaconda/envs/deepconf/lib/python3.11/site-packages/sklearn/base.py:1365: ConvergenceWarning: Number of distinct clusters (1) found smaller than n_clusters (2). Possibly due to duplicate points in X.
  return fit_method(estimator, *args, **kwargs)
/share/yangxizhong/env/anaconda/envs/deepconf/lib/python3.11/site-packages/sklearn/base.py:1365: ConvergenceWarning: Number of distinct clusters (1) found smaller than n_clusters (2). Possibly due to duplicate points in X.
  return fit_method(estimator, *args, **kwargs)
/share/yangxizhong/env/anaconda/envs/deepconf/lib/python3.11/site-packages/sklearn/base.py:1365: ConvergenceWarning: Number of distinct clusters (1) found smaller than n_clusters (2). Possibly due to duplicate points in X.
  return fit_method(estimator, *args, **kwargs)
/share/yangxizhong/env/anaconda/envs/deepconf/lib/python3.11/site-packages/sklearn/base.py:1365: ConvergenceWarning: Number of distinct clusters (1) found smaller than n_clusters (2). Possibly due to duplicate points in X.
  return fit_method(estimator, *args, **kwargs)
/share/yangxizhong/env/anaconda/envs/deepconf/lib/python3.11/site-packages/sklearn/base.py:1365: ConvergenceWarning: Number of distinct clusters (1) found smaller than n_clusters (2). Possibly due to duplicate points in X.
  return fit_method(estimator, *args, **kwargs)
/share/yangxizhong/env/anaconda/envs/deepconf/lib/python3.11/site-packages/sklearn/base.py:1365: ConvergenceWarning: Number of distinct clusters (1) found smaller than n_clusters (2). Possibly due to duplicate points in X.
  return fit_method(estimator, *args, **kwargs)
/share/yangxizhong/env/anaconda/envs/deepconf/lib/python3.11/site-packages/sklearn/base.py:1365: ConvergenceWarning: Number of distinct clusters (1) found smaller than n_clusters (2). Possibly due to duplicate points in X.
  return fit_method(estimator, *args, **kwargs)
/share/yangxizhong/env/anaconda/envs/deepconf/lib/python3.11/site-packages/sklearn/base.py:1365: ConvergenceWarning: Number of distinct clusters (1) found smaller than n_clusters (2). Possibly due to duplicate points in X.
  return fit_method(estimator, *args, **kwargs)
/share/yangxizhong/env/anaconda/envs/deepconf/lib/python3.11/site-packages/sklearn/base.py:1365: ConvergenceWarning: Number of distinct clusters (1) found smaller than n_clusters (2). Possibly due to duplicate points in X.
  return fit_method(estimator, *args, **kwargs)
/share/yangxizhong/env/anaconda/envs/deepconf/lib/python3.11/site-packages/sklearn/base.py:1365: ConvergenceWarning: Number of distinct clusters (1) found smaller than n_clusters (2). Possibly due to duplicate points in X.
  return fit_method(estimator, *args, **kwargs)
/share/yangxizhong/env/anaconda/envs/deepconf/lib/python3.11/site-packages/sklearn/base.py:1365: ConvergenceWarning: Number of distinct clusters (1) found smaller than n_clusters (2). Possibly due to duplicate points in X.
  return fit_method(estimator, *args, **kwargs)
/share/yangxizhong/env/anaconda/envs/deepconf/lib/python3.11/site-packages/sklearn/base.py:1365: ConvergenceWarning: Number of distinct clusters (1) found smaller than n_clusters (2). Possibly due to duplicate points in X.
  return fit_method(estimator, *args, **kwargs)
/share/yangxizhong/env/anaconda/envs/deepconf/lib/python3.11/site-packages/sklearn/base.py:1365: ConvergenceWarning: Number of distinct clusters (1) found smaller than n_clusters (2). Possibly due to duplicate points in X.
  return fit_method(estimator, *args, **kwargs)
/share/yangxizhong/env/anaconda/envs/deepconf/lib/python3.11/site-packages/sklearn/base.py:1365: ConvergenceWarning: Number of distinct clusters (1) found smaller than n_clusters (2). Possibly due to duplicate points in X.
  return fit_method(estimator, *args, **kwargs)
/share/yangxizhong/env/anaconda/envs/deepconf/lib/python3.11/site-packages/sklearn/base.py:1365: ConvergenceWarning: Number of distinct clusters (1) found smaller than n_clusters (2). Possibly due to duplicate points in X.
  return fit_method(estimator, *args, **kwargs)
/share/yangxizhong/env/anaconda/envs/deepconf/lib/python3.11/site-packages/sklearn/base.py:1365: ConvergenceWarning: Number of distinct clusters (1) found smaller than n_clusters (2). Possibly due to duplicate points in X.
  return fit_method(estimator, *args, **kwargs)
/share/yangxizhong/env/anaconda/envs/deepconf/lib/python3.11/site-packages/sklearn/base.py:1365: ConvergenceWarning: Number of distinct clusters (1) found smaller than n_clusters (2). Possibly due to duplicate points in X.
  return fit_method(estimator, *args, **kwargs)
/share/yangxizhong/env/anaconda/envs/deepconf/lib/python3.11/site-packages/sklearn/base.py:1365: ConvergenceWarning: Number of distinct clusters (1) found smaller than n_clusters (2). Possibly due to duplicate points in X.
  return fit_method(estimator, *args, **kwargs)
/share/yangxizhong/env/anaconda/envs/deepconf/lib/python3.11/site-packages/sklearn/base.py:1365: ConvergenceWarning: Number of distinct clusters (1) found smaller than n_clusters (2). Possibly due to duplicate points in X.
  return fit_method(estimator, *args, **kwargs)
/share/yangxizhong/env/anaconda/envs/deepconf/lib/python3.11/site-packages/sklearn/base.py:1365: ConvergenceWarning: Number of distinct clusters (1) found smaller than n_clusters (2). Possibly due to duplicate points in X.
  return fit_method(estimator, *args, **kwargs)
/share/yangxizhong/env/anaconda/envs/deepconf/lib/python3.11/site-packages/sklearn/base.py:1365: ConvergenceWarning: Number of distinct clusters (1) found smaller than n_clusters (2). Possibly due to duplicate points in X.
  return fit_method(estimator, *args, **kwargs)
/share/yangxizhong/env/anaconda/envs/deepconf/lib/python3.11/site-packages/sklearn/base.py:1365: ConvergenceWarning: Number of distinct clusters (1) found smaller than n_clusters (2). Possibly due to duplicate points in X.
  return fit_method(estimator, *args, **kwargs)
/share/yangxizhong/env/anaconda/envs/deepconf/lib/python3.11/site-packages/sklearn/base.py:1365: ConvergenceWarning: Number of distinct clusters (1) found smaller than n_clusters (2). Possibly due to duplicate points in X.
  return fit_method(estimator, *args, **kwargs)
/share/yangxizhong/env/anaconda/envs/deepconf/lib/python3.11/site-packages/sklearn/base.py:1365: ConvergenceWarning: Number of distinct clusters (1) found smaller than n_clusters (2). Possibly due to duplicate points in X.
  return fit_method(estimator, *args, **kwargs)
/share/yangxizhong/env/anaconda/envs/deepconf/lib/python3.11/site-packages/sklearn/base.py:1365: ConvergenceWarning: Number of distinct clusters (1) found smaller than n_clusters (2). Possibly due to duplicate points in X.
  return fit_method(estimator, *args, **kwargs)
/share/yangxizhong/env/anaconda/envs/deepconf/lib/python3.11/site-packages/sklearn/base.py:1365: ConvergenceWarning: Number of distinct clusters (1) found smaller than n_clusters (2). Possibly due to duplicate points in X.
  return fit_method(estimator, *args, **kwargs)
/share/yangxizhong/env/anaconda/envs/deepconf/lib/python3.11/site-packages/sklearn/base.py:1365: ConvergenceWarning: Number of distinct clusters (1) found smaller than n_clusters (2). Possibly due to duplicate points in X.
  return fit_method(estimator, *args, **kwargs)
/share/yangxizhong/env/anaconda/envs/deepconf/lib/python3.11/site-packages/sklearn/base.py:1365: ConvergenceWarning: Number of distinct clusters (1) found smaller than n_clusters (2). Possibly due to duplicate points in X.
  return fit_method(estimator, *args, **kwargs)
/share/yangxizhong/env/anaconda/envs/deepconf/lib/python3.11/site-packages/sklearn/base.py:1365: ConvergenceWarning: Number of distinct clusters (1) found smaller than n_clusters (2). Possibly due to duplicate points in X.
  return fit_method(estimator, *args, **kwargs)
/share/yangxizhong/env/anaconda/envs/deepconf/lib/python3.11/site-packages/sklearn/base.py:1365: ConvergenceWarning: Number of distinct clusters (1) found smaller than n_clusters (2). Possibly due to duplicate points in X.
  return fit_method(estimator, *args, **kwargs)
/share/yangxizhong/env/anaconda/envs/deepconf/lib/python3.11/site-packages/sklearn/base.py:1365: ConvergenceWarning: Number of distinct clusters (1) found smaller than n_clusters (2). Possibly due to duplicate points in X.
  return fit_method(estimator, *args, **kwargs)
/share/yangxizhong/env/anaconda/envs/deepconf/lib/python3.11/site-packages/sklearn/base.py:1365: ConvergenceWarning: Number of distinct clusters (1) found smaller than n_clusters (2). Possibly due to duplicate points in X.
  return fit_method(estimator, *args, **kwargs)
/share/yangxizhong/env/anaconda/envs/deepconf/lib/python3.11/site-packages/sklearn/base.py:1365: ConvergenceWarning: Number of distinct clusters (1) found smaller than n_clusters (2). Possibly due to duplicate points in X.
  return fit_method(estimator, *args, **kwargs)
/share/yangxizhong/env/anaconda/envs/deepconf/lib/python3.11/site-packages/sklearn/base.py:1365: ConvergenceWarning: Number of distinct clusters (1) found smaller than n_clusters (2). Possibly due to duplicate points in X.
  return fit_method(estimator, *args, **kwargs)
/share/yangxizhong/env/anaconda/envs/deepconf/lib/python3.11/site-packages/sklearn/base.py:1365: ConvergenceWarning: Number of distinct clusters (1) found smaller than n_clusters (2). Possibly due to duplicate points in X.
  return fit_method(estimator, *args, **kwargs)
/share/yangxizhong/env/anaconda/envs/deepconf/lib/python3.11/site-packages/sklearn/base.py:1365: ConvergenceWarning: Number of distinct clusters (1) found smaller than n_clusters (2). Possibly due to duplicate points in X.
  return fit_method(estimator, *args, **kwargs)
/share/yangxizhong/env/anaconda/envs/deepconf/lib/python3.11/site-packages/sklearn/base.py:1365: ConvergenceWarning: Number of distinct clusters (1) found smaller than n_clusters (2). Possibly due to duplicate points in X.
  return fit_method(estimator, *args, **kwargs)
/share/yangxizhong/env/anaconda/envs/deepconf/lib/python3.11/site-packages/sklearn/base.py:1365: ConvergenceWarning: Number of distinct clusters (1) found smaller than n_clusters (2). Possibly due to duplicate points in X.
  return fit_method(estimator, *args, **kwargs)
/share/yangxizhong/env/anaconda/envs/deepconf/lib/python3.11/site-packages/sklearn/base.py:1365: ConvergenceWarning: Number of distinct clusters (1) found smaller than n_clusters (2). Possibly due to duplicate points in X.
  return fit_method(estimator, *args, **kwargs)
/share/yangxizhong/env/anaconda/envs/deepconf/lib/python3.11/site-packages/sklearn/base.py:1365: ConvergenceWarning: Number of distinct clusters (1) found smaller than n_clusters (2). Possibly due to duplicate points in X.
  return fit_method(estimator, *args, **kwargs)
/share/yangxizhong/env/anaconda/envs/deepconf/lib/python3.11/site-packages/sklearn/base.py:1365: ConvergenceWarning: Number of distinct clusters (1) found smaller than n_clusters (2). Possibly due to duplicate points in X.
  return fit_method(estimator, *args, **kwargs)
/share/yangxizhong/env/anaconda/envs/deepconf/lib/python3.11/site-packages/sklearn/base.py:1365: ConvergenceWarning: Number of distinct clusters (1) found smaller than n_clusters (2). Possibly due to duplicate points in X.
  return fit_method(estimator, *args, **kwargs)
/share/yangxizhong/env/anaconda/envs/deepconf/lib/python3.11/site-packages/sklearn/base.py:1365: ConvergenceWarning: Number of distinct clusters (1) found smaller than n_clusters (2). Possibly due to duplicate points in X.
  return fit_method(estimator, *args, **kwargs)
/share/yangxizhong/env/anaconda/envs/deepconf/lib/python3.11/site-packages/sklearn/base.py:1365: ConvergenceWarning: Number of distinct clusters (1) found smaller than n_clusters (2). Possibly due to duplicate points in X.
  return fit_method(estimator, *args, **kwargs)
/share/yangxizhong/env/anaconda/envs/deepconf/lib/python3.11/site-packages/sklearn/base.py:1365: ConvergenceWarning: Number of distinct clusters (1) found smaller than n_clusters (2). Possibly due to duplicate points in X.
  return fit_method(estimator, *args, **kwargs)
 38%|███▊      | 5/13 [04:58<09:52, 74.12s/it] 46%|████▌     | 6/13 [06:22<09:02, 77.46s/it] 54%|█████▍    | 7/13 [07:08<06:42, 67.12s/it]/share/yangxizhong/env/anaconda/envs/deepconf/lib/python3.11/site-packages/sklearn/base.py:1365: ConvergenceWarning: Number of distinct clusters (1) found smaller than n_clusters (2). Possibly due to duplicate points in X.
  return fit_method(estimator, *args, **kwargs)
/share/yangxizhong/env/anaconda/envs/deepconf/lib/python3.11/site-packages/sklearn/base.py:1365: ConvergenceWarning: Number of distinct clusters (1) found smaller than n_clusters (2). Possibly due to duplicate points in X.
  return fit_method(estimator, *args, **kwargs)
/share/yangxizhong/env/anaconda/envs/deepconf/lib/python3.11/site-packages/sklearn/base.py:1365: ConvergenceWarning: Number of distinct clusters (1) found smaller than n_clusters (2). Possibly due to duplicate points in X.
  return fit_method(estimator, *args, **kwargs)
/share/yangxizhong/env/anaconda/envs/deepconf/lib/python3.11/site-packages/sklearn/base.py:1365: ConvergenceWarning: Number of distinct clusters (1) found smaller than n_clusters (2). Possibly due to duplicate points in X.
  return fit_method(estimator, *args, **kwargs)
/share/yangxizhong/env/anaconda/envs/deepconf/lib/python3.11/site-packages/sklearn/base.py:1365: ConvergenceWarning: Number of distinct clusters (1) found smaller than n_clusters (2). Possibly due to duplicate points in X.
  return fit_method(estimator, *args, **kwargs)
/share/yangxizhong/env/anaconda/envs/deepconf/lib/python3.11/site-packages/sklearn/base.py:1365: ConvergenceWarning: Number of distinct clusters (1) found smaller than n_clusters (2). Possibly due to duplicate points in X.
  return fit_method(estimator, *args, **kwargs)
/share/yangxizhong/env/anaconda/envs/deepconf/lib/python3.11/site-packages/sklearn/base.py:1365: ConvergenceWarning: Number of distinct clusters (1) found smaller than n_clusters (2). Possibly due to duplicate points in X.
  return fit_method(estimator, *args, **kwargs)
/share/yangxizhong/env/anaconda/envs/deepconf/lib/python3.11/site-packages/sklearn/base.py:1365: ConvergenceWarning: Number of distinct clusters (1) found smaller than n_clusters (2). Possibly due to duplicate points in X.
  return fit_method(estimator, *args, **kwargs)
/share/yangxizhong/env/anaconda/envs/deepconf/lib/python3.11/site-packages/sklearn/base.py:1365: ConvergenceWarning: Number of distinct clusters (1) found smaller than n_clusters (2). Possibly due to duplicate points in X.
  return fit_method(estimator, *args, **kwargs)
/share/yangxizhong/env/anaconda/envs/deepconf/lib/python3.11/site-packages/sklearn/base.py:1365: ConvergenceWarning: Number of distinct clusters (1) found smaller than n_clusters (2). Possibly due to duplicate points in X.
  return fit_method(estimator, *args, **kwargs)
/share/yangxizhong/env/anaconda/envs/deepconf/lib/python3.11/site-packages/sklearn/base.py:1365: ConvergenceWarning: Number of distinct clusters (1) found smaller than n_clusters (2). Possibly due to duplicate points in X.
  return fit_method(estimator, *args, **kwargs)
/share/yangxizhong/env/anaconda/envs/deepconf/lib/python3.11/site-packages/sklearn/base.py:1365: ConvergenceWarning: Number of distinct clusters (1) found smaller than n_clusters (2). Possibly due to duplicate points in X.
  return fit_method(estimator, *args, **kwargs)
/share/yangxizhong/env/anaconda/envs/deepconf/lib/python3.11/site-packages/sklearn/base.py:1365: ConvergenceWarning: Number of distinct clusters (1) found smaller than n_clusters (2). Possibly due to duplicate points in X.
  return fit_method(estimator, *args, **kwargs)
/share/yangxizhong/env/anaconda/envs/deepconf/lib/python3.11/site-packages/sklearn/base.py:1365: ConvergenceWarning: Number of distinct clusters (1) found smaller than n_clusters (2). Possibly due to duplicate points in X.
  return fit_method(estimator, *args, **kwargs)
/share/yangxizhong/env/anaconda/envs/deepconf/lib/python3.11/site-packages/sklearn/base.py:1365: ConvergenceWarning: Number of distinct clusters (1) found smaller than n_clusters (2). Possibly due to duplicate points in X.
  return fit_method(estimator, *args, **kwargs)
/share/yangxizhong/env/anaconda/envs/deepconf/lib/python3.11/site-packages/sklearn/base.py:1365: ConvergenceWarning: Number of distinct clusters (1) found smaller than n_clusters (2). Possibly due to duplicate points in X.
  return fit_method(estimator, *args, **kwargs)
/share/yangxizhong/env/anaconda/envs/deepconf/lib/python3.11/site-packages/sklearn/base.py:1365: ConvergenceWarning: Number of distinct clusters (1) found smaller than n_clusters (2). Possibly due to duplicate points in X.
  return fit_method(estimator, *args, **kwargs)
/share/yangxizhong/env/anaconda/envs/deepconf/lib/python3.11/site-packages/sklearn/base.py:1365: ConvergenceWarning: Number of distinct clusters (1) found smaller than n_clusters (2). Possibly due to duplicate points in X.
  return fit_method(estimator, *args, **kwargs)
/share/yangxizhong/env/anaconda/envs/deepconf/lib/python3.11/site-packages/sklearn/base.py:1365: ConvergenceWarning: Number of distinct clusters (1) found smaller than n_clusters (2). Possibly due to duplicate points in X.
  return fit_method(estimator, *args, **kwargs)
/share/yangxizhong/env/anaconda/envs/deepconf/lib/python3.11/site-packages/sklearn/base.py:1365: ConvergenceWarning: Number of distinct clusters (1) found smaller than n_clusters (2). Possibly due to duplicate points in X.
  return fit_method(estimator, *args, **kwargs)
/share/yangxizhong/env/anaconda/envs/deepconf/lib/python3.11/site-packages/sklearn/base.py:1365: ConvergenceWarning: Number of distinct clusters (1) found smaller than n_clusters (2). Possibly due to duplicate points in X.
  return fit_method(estimator, *args, **kwargs)
/share/yangxizhong/env/anaconda/envs/deepconf/lib/python3.11/site-packages/sklearn/base.py:1365: ConvergenceWarning: Number of distinct clusters (1) found smaller than n_clusters (2). Possibly due to duplicate points in X.
  return fit_method(estimator, *args, **kwargs)
/share/yangxizhong/env/anaconda/envs/deepconf/lib/python3.11/site-packages/sklearn/base.py:1365: ConvergenceWarning: Number of distinct clusters (1) found smaller than n_clusters (2). Possibly due to duplicate points in X.
  return fit_method(estimator, *args, **kwargs)
/share/yangxizhong/env/anaconda/envs/deepconf/lib/python3.11/site-packages/sklearn/base.py:1365: ConvergenceWarning: Number of distinct clusters (1) found smaller than n_clusters (2). Possibly due to duplicate points in X.
  return fit_method(estimator, *args, **kwargs)
/share/yangxizhong/env/anaconda/envs/deepconf/lib/python3.11/site-packages/sklearn/base.py:1365: ConvergenceWarning: Number of distinct clusters (1) found smaller than n_clusters (2). Possibly due to duplicate points in X.
  return fit_method(estimator, *args, **kwargs)
/share/yangxizhong/env/anaconda/envs/deepconf/lib/python3.11/site-packages/sklearn/base.py:1365: ConvergenceWarning: Number of distinct clusters (1) found smaller than n_clusters (2). Possibly due to duplicate points in X.
  return fit_method(estimator, *args, **kwargs)
/share/yangxizhong/env/anaconda/envs/deepconf/lib/python3.11/site-packages/sklearn/base.py:1365: ConvergenceWarning: Number of distinct clusters (1) found smaller than n_clusters (2). Possibly due to duplicate points in X.
  return fit_method(estimator, *args, **kwargs)
/share/yangxizhong/env/anaconda/envs/deepconf/lib/python3.11/site-packages/sklearn/base.py:1365: ConvergenceWarning: Number of distinct clusters (1) found smaller than n_clusters (2). Possibly due to duplicate points in X.
  return fit_method(estimator, *args, **kwargs)
/share/yangxizhong/env/anaconda/envs/deepconf/lib/python3.11/site-packages/sklearn/base.py:1365: ConvergenceWarning: Number of distinct clusters (1) found smaller than n_clusters (2). Possibly due to duplicate points in X.
  return fit_method(estimator, *args, **kwargs)
/share/yangxizhong/env/anaconda/envs/deepconf/lib/python3.11/site-packages/sklearn/base.py:1365: ConvergenceWarning: Number of distinct clusters (1) found smaller than n_clusters (2). Possibly due to duplicate points in X.
  return fit_method(estimator, *args, **kwargs)
/share/yangxizhong/env/anaconda/envs/deepconf/lib/python3.11/site-packages/sklearn/base.py:1365: ConvergenceWarning: Number of distinct clusters (1) found smaller than n_clusters (2). Possibly due to duplicate points in X.
  return fit_method(estimator, *args, **kwargs)
/share/yangxizhong/env/anaconda/envs/deepconf/lib/python3.11/site-packages/sklearn/base.py:1365: ConvergenceWarning: Number of distinct clusters (1) found smaller than n_clusters (2). Possibly due to duplicate points in X.
  return fit_method(estimator, *args, **kwargs)
/share/yangxizhong/env/anaconda/envs/deepconf/lib/python3.11/site-packages/sklearn/base.py:1365: ConvergenceWarning: Number of distinct clusters (1) found smaller than n_clusters (2). Possibly due to duplicate points in X.
  return fit_method(estimator, *args, **kwargs)
/share/yangxizhong/env/anaconda/envs/deepconf/lib/python3.11/site-packages/sklearn/base.py:1365: ConvergenceWarning: Number of distinct clusters (1) found smaller than n_clusters (2). Possibly due to duplicate points in X.
  return fit_method(estimator, *args, **kwargs)
/share/yangxizhong/env/anaconda/envs/deepconf/lib/python3.11/site-packages/sklearn/base.py:1365: ConvergenceWarning: Number of distinct clusters (1) found smaller than n_clusters (2). Possibly due to duplicate points in X.
  return fit_method(estimator, *args, **kwargs)
/share/yangxizhong/env/anaconda/envs/deepconf/lib/python3.11/site-packages/sklearn/base.py:1365: ConvergenceWarning: Number of distinct clusters (1) found smaller than n_clusters (2). Possibly due to duplicate points in X.
  return fit_method(estimator, *args, **kwargs)
/share/yangxizhong/env/anaconda/envs/deepconf/lib/python3.11/site-packages/sklearn/base.py:1365: ConvergenceWarning: Number of distinct clusters (1) found smaller than n_clusters (2). Possibly due to duplicate points in X.
  return fit_method(estimator, *args, **kwargs)
/share/yangxizhong/env/anaconda/envs/deepconf/lib/python3.11/site-packages/sklearn/base.py:1365: ConvergenceWarning: Number of distinct clusters (1) found smaller than n_clusters (2). Possibly due to duplicate points in X.
  return fit_method(estimator, *args, **kwargs)
/share/yangxizhong/env/anaconda/envs/deepconf/lib/python3.11/site-packages/sklearn/base.py:1365: ConvergenceWarning: Number of distinct clusters (1) found smaller than n_clusters (2). Possibly due to duplicate points in X.
  return fit_method(estimator, *args, **kwargs)
/share/yangxizhong/env/anaconda/envs/deepconf/lib/python3.11/site-packages/sklearn/base.py:1365: ConvergenceWarning: Number of distinct clusters (1) found smaller than n_clusters (2). Possibly due to duplicate points in X.
  return fit_method(estimator, *args, **kwargs)
/share/yangxizhong/env/anaconda/envs/deepconf/lib/python3.11/site-packages/sklearn/base.py:1365: ConvergenceWarning: Number of distinct clusters (1) found smaller than n_clusters (2). Possibly due to duplicate points in X.
  return fit_method(estimator, *args, **kwargs)
/share/yangxizhong/env/anaconda/envs/deepconf/lib/python3.11/site-packages/sklearn/base.py:1365: ConvergenceWarning: Number of distinct clusters (1) found smaller than n_clusters (2). Possibly due to duplicate points in X.
  return fit_method(estimator, *args, **kwargs)
/share/yangxizhong/env/anaconda/envs/deepconf/lib/python3.11/site-packages/sklearn/base.py:1365: ConvergenceWarning: Number of distinct clusters (1) found smaller than n_clusters (2). Possibly due to duplicate points in X.
  return fit_method(estimator, *args, **kwargs)
/share/yangxizhong/env/anaconda/envs/deepconf/lib/python3.11/site-packages/sklearn/base.py:1365: ConvergenceWarning: Number of distinct clusters (1) found smaller than n_clusters (2). Possibly due to duplicate points in X.
  return fit_method(estimator, *args, **kwargs)
/share/yangxizhong/env/anaconda/envs/deepconf/lib/python3.11/site-packages/sklearn/base.py:1365: ConvergenceWarning: Number of distinct clusters (1) found smaller than n_clusters (2). Possibly due to duplicate points in X.
  return fit_method(estimator, *args, **kwargs)
/share/yangxizhong/env/anaconda/envs/deepconf/lib/python3.11/site-packages/sklearn/base.py:1365: ConvergenceWarning: Number of distinct clusters (1) found smaller than n_clusters (2). Possibly due to duplicate points in X.
  return fit_method(estimator, *args, **kwargs)
/share/yangxizhong/env/anaconda/envs/deepconf/lib/python3.11/site-packages/sklearn/base.py:1365: ConvergenceWarning: Number of distinct clusters (1) found smaller than n_clusters (2). Possibly due to duplicate points in X.
  return fit_method(estimator, *args, **kwargs)
/share/yangxizhong/env/anaconda/envs/deepconf/lib/python3.11/site-packages/sklearn/base.py:1365: ConvergenceWarning: Number of distinct clusters (1) found smaller than n_clusters (2). Possibly due to duplicate points in X.
  return fit_method(estimator, *args, **kwargs)
/share/yangxizhong/env/anaconda/envs/deepconf/lib/python3.11/site-packages/sklearn/base.py:1365: ConvergenceWarning: Number of distinct clusters (1) found smaller than n_clusters (2). Possibly due to duplicate points in X.
  return fit_method(estimator, *args, **kwargs)
/share/yangxizhong/env/anaconda/envs/deepconf/lib/python3.11/site-packages/sklearn/base.py:1365: ConvergenceWarning: Number of distinct clusters (1) found smaller than n_clusters (2). Possibly due to duplicate points in X.
  return fit_method(estimator, *args, **kwargs)
/share/yangxizhong/env/anaconda/envs/deepconf/lib/python3.11/site-packages/sklearn/base.py:1365: ConvergenceWarning: Number of distinct clusters (1) found smaller than n_clusters (2). Possibly due to duplicate points in X.
  return fit_method(estimator, *args, **kwargs)
/share/yangxizhong/env/anaconda/envs/deepconf/lib/python3.11/site-packages/sklearn/base.py:1365: ConvergenceWarning: Number of distinct clusters (1) found smaller than n_clusters (2). Possibly due to duplicate points in X.
  return fit_method(estimator, *args, **kwargs)
/share/yangxizhong/env/anaconda/envs/deepconf/lib/python3.11/site-packages/sklearn/base.py:1365: ConvergenceWarning: Number of distinct clusters (1) found smaller than n_clusters (2). Possibly due to duplicate points in X.
  return fit_method(estimator, *args, **kwargs)
/share/yangxizhong/env/anaconda/envs/deepconf/lib/python3.11/site-packages/sklearn/base.py:1365: ConvergenceWarning: Number of distinct clusters (1) found smaller than n_clusters (2). Possibly due to duplicate points in X.
  return fit_method(estimator, *args, **kwargs)
/share/yangxizhong/env/anaconda/envs/deepconf/lib/python3.11/site-packages/sklearn/base.py:1365: ConvergenceWarning: Number of distinct clusters (1) found smaller than n_clusters (2). Possibly due to duplicate points in X.
  return fit_method(estimator, *args, **kwargs)
/share/yangxizhong/env/anaconda/envs/deepconf/lib/python3.11/site-packages/sklearn/base.py:1365: ConvergenceWarning: Number of distinct clusters (1) found smaller than n_clusters (2). Possibly due to duplicate points in X.
  return fit_method(estimator, *args, **kwargs)
/share/yangxizhong/env/anaconda/envs/deepconf/lib/python3.11/site-packages/sklearn/base.py:1365: ConvergenceWarning: Number of distinct clusters (1) found smaller than n_clusters (2). Possibly due to duplicate points in X.
  return fit_method(estimator, *args, **kwargs)
/share/yangxizhong/env/anaconda/envs/deepconf/lib/python3.11/site-packages/sklearn/base.py:1365: ConvergenceWarning: Number of distinct clusters (1) found smaller than n_clusters (2). Possibly due to duplicate points in X.
  return fit_method(estimator, *args, **kwargs)
/share/yangxizhong/env/anaconda/envs/deepconf/lib/python3.11/site-packages/sklearn/base.py:1365: ConvergenceWarning: Number of distinct clusters (1) found smaller than n_clusters (2). Possibly due to duplicate points in X.
  return fit_method(estimator, *args, **kwargs)
/share/yangxizhong/env/anaconda/envs/deepconf/lib/python3.11/site-packages/sklearn/base.py:1365: ConvergenceWarning: Number of distinct clusters (1) found smaller than n_clusters (2). Possibly due to duplicate points in X.
  return fit_method(estimator, *args, **kwargs)
/share/yangxizhong/env/anaconda/envs/deepconf/lib/python3.11/site-packages/sklearn/base.py:1365: ConvergenceWarning: Number of distinct clusters (1) found smaller than n_clusters (2). Possibly due to duplicate points in X.
  return fit_method(estimator, *args, **kwargs)
/share/yangxizhong/env/anaconda/envs/deepconf/lib/python3.11/site-packages/sklearn/base.py:1365: ConvergenceWarning: Number of distinct clusters (1) found smaller than n_clusters (2). Possibly due to duplicate points in X.
  return fit_method(estimator, *args, **kwargs)
/share/yangxizhong/env/anaconda/envs/deepconf/lib/python3.11/site-packages/sklearn/base.py:1365: ConvergenceWarning: Number of distinct clusters (1) found smaller than n_clusters (2). Possibly due to duplicate points in X.
  return fit_method(estimator, *args, **kwargs)
/share/yangxizhong/env/anaconda/envs/deepconf/lib/python3.11/site-packages/sklearn/base.py:1365: ConvergenceWarning: Number of distinct clusters (1) found smaller than n_clusters (2). Possibly due to duplicate points in X.
  return fit_method(estimator, *args, **kwargs)
/share/yangxizhong/env/anaconda/envs/deepconf/lib/python3.11/site-packages/sklearn/base.py:1365: ConvergenceWarning: Number of distinct clusters (1) found smaller than n_clusters (2). Possibly due to duplicate points in X.
  return fit_method(estimator, *args, **kwargs)
/share/yangxizhong/env/anaconda/envs/deepconf/lib/python3.11/site-packages/sklearn/base.py:1365: ConvergenceWarning: Number of distinct clusters (1) found smaller than n_clusters (2). Possibly due to duplicate points in X.
  return fit_method(estimator, *args, **kwargs)
/share/yangxizhong/env/anaconda/envs/deepconf/lib/python3.11/site-packages/sklearn/base.py:1365: ConvergenceWarning: Number of distinct clusters (1) found smaller than n_clusters (2). Possibly due to duplicate points in X.
  return fit_method(estimator, *args, **kwargs)
/share/yangxizhong/env/anaconda/envs/deepconf/lib/python3.11/site-packages/sklearn/base.py:1365: ConvergenceWarning: Number of distinct clusters (1) found smaller than n_clusters (2). Possibly due to duplicate points in X.
  return fit_method(estimator, *args, **kwargs)
/share/yangxizhong/env/anaconda/envs/deepconf/lib/python3.11/site-packages/sklearn/base.py:1365: ConvergenceWarning: Number of distinct clusters (1) found smaller than n_clusters (2). Possibly due to duplicate points in X.
  return fit_method(estimator, *args, **kwargs)
/share/yangxizhong/env/anaconda/envs/deepconf/lib/python3.11/site-packages/sklearn/base.py:1365: ConvergenceWarning: Number of distinct clusters (1) found smaller than n_clusters (2). Possibly due to duplicate points in X.
  return fit_method(estimator, *args, **kwargs)
/share/yangxizhong/env/anaconda/envs/deepconf/lib/python3.11/site-packages/sklearn/base.py:1365: ConvergenceWarning: Number of distinct clusters (1) found smaller than n_clusters (2). Possibly due to duplicate points in X.
  return fit_method(estimator, *args, **kwargs)
/share/yangxizhong/env/anaconda/envs/deepconf/lib/python3.11/site-packages/sklearn/base.py:1365: ConvergenceWarning: Number of distinct clusters (1) found smaller than n_clusters (2). Possibly due to duplicate points in X.
  return fit_method(estimator, *args, **kwargs)
/share/yangxizhong/env/anaconda/envs/deepconf/lib/python3.11/site-packages/sklearn/base.py:1365: ConvergenceWarning: Number of distinct clusters (1) found smaller than n_clusters (2). Possibly due to duplicate points in X.
  return fit_method(estimator, *args, **kwargs)
/share/yangxizhong/env/anaconda/envs/deepconf/lib/python3.11/site-packages/sklearn/base.py:1365: ConvergenceWarning: Number of distinct clusters (1) found smaller than n_clusters (2). Possibly due to duplicate points in X.
  return fit_method(estimator, *args, **kwargs)
/share/yangxizhong/env/anaconda/envs/deepconf/lib/python3.11/site-packages/sklearn/base.py:1365: ConvergenceWarning: Number of distinct clusters (1) found smaller than n_clusters (2). Possibly due to duplicate points in X.
  return fit_method(estimator, *args, **kwargs)
/share/yangxizhong/env/anaconda/envs/deepconf/lib/python3.11/site-packages/sklearn/base.py:1365: ConvergenceWarning: Number of distinct clusters (1) found smaller than n_clusters (2). Possibly due to duplicate points in X.
  return fit_method(estimator, *args, **kwargs)
/share/yangxizhong/env/anaconda/envs/deepconf/lib/python3.11/site-packages/sklearn/base.py:1365: ConvergenceWarning: Number of distinct clusters (1) found smaller than n_clusters (2). Possibly due to duplicate points in X.
  return fit_method(estimator, *args, **kwargs)
/share/yangxizhong/env/anaconda/envs/deepconf/lib/python3.11/site-packages/sklearn/base.py:1365: ConvergenceWarning: Number of distinct clusters (1) found smaller than n_clusters (2). Possibly due to duplicate points in X.
  return fit_method(estimator, *args, **kwargs)
/share/yangxizhong/env/anaconda/envs/deepconf/lib/python3.11/site-packages/sklearn/base.py:1365: ConvergenceWarning: Number of distinct clusters (1) found smaller than n_clusters (2). Possibly due to duplicate points in X.
  return fit_method(estimator, *args, **kwargs)
/share/yangxizhong/env/anaconda/envs/deepconf/lib/python3.11/site-packages/sklearn/base.py:1365: ConvergenceWarning: Number of distinct clusters (1) found smaller than n_clusters (2). Possibly due to duplicate points in X.
  return fit_method(estimator, *args, **kwargs)
/share/yangxizhong/env/anaconda/envs/deepconf/lib/python3.11/site-packages/sklearn/base.py:1365: ConvergenceWarning: Number of distinct clusters (1) found smaller than n_clusters (2). Possibly due to duplicate points in X.
  return fit_method(estimator, *args, **kwargs)
/share/yangxizhong/env/anaconda/envs/deepconf/lib/python3.11/site-packages/sklearn/base.py:1365: ConvergenceWarning: Number of distinct clusters (1) found smaller than n_clusters (2). Possibly due to duplicate points in X.
  return fit_method(estimator, *args, **kwargs)
/share/yangxizhong/env/anaconda/envs/deepconf/lib/python3.11/site-packages/sklearn/base.py:1365: ConvergenceWarning: Number of distinct clusters (1) found smaller than n_clusters (2). Possibly due to duplicate points in X.
  return fit_method(estimator, *args, **kwargs)
/share/yangxizhong/env/anaconda/envs/deepconf/lib/python3.11/site-packages/sklearn/base.py:1365: ConvergenceWarning: Number of distinct clusters (1) found smaller than n_clusters (2). Possibly due to duplicate points in X.
  return fit_method(estimator, *args, **kwargs)
/share/yangxizhong/env/anaconda/envs/deepconf/lib/python3.11/site-packages/sklearn/base.py:1365: ConvergenceWarning: Number of distinct clusters (1) found smaller than n_clusters (2). Possibly due to duplicate points in X.
  return fit_method(estimator, *args, **kwargs)
/share/yangxizhong/env/anaconda/envs/deepconf/lib/python3.11/site-packages/sklearn/base.py:1365: ConvergenceWarning: Number of distinct clusters (1) found smaller than n_clusters (2). Possibly due to duplicate points in X.
  return fit_method(estimator, *args, **kwargs)
/share/yangxizhong/env/anaconda/envs/deepconf/lib/python3.11/site-packages/sklearn/base.py:1365: ConvergenceWarning: Number of distinct clusters (1) found smaller than n_clusters (2). Possibly due to duplicate points in X.
  return fit_method(estimator, *args, **kwargs)
/share/yangxizhong/env/anaconda/envs/deepconf/lib/python3.11/site-packages/sklearn/base.py:1365: ConvergenceWarning: Number of distinct clusters (1) found smaller than n_clusters (2). Possibly due to duplicate points in X.
  return fit_method(estimator, *args, **kwargs)
/share/yangxizhong/env/anaconda/envs/deepconf/lib/python3.11/site-packages/sklearn/base.py:1365: ConvergenceWarning: Number of distinct clusters (1) found smaller than n_clusters (2). Possibly due to duplicate points in X.
  return fit_method(estimator, *args, **kwargs)
/share/yangxizhong/env/anaconda/envs/deepconf/lib/python3.11/site-packages/sklearn/base.py:1365: ConvergenceWarning: Number of distinct clusters (1) found smaller than n_clusters (2). Possibly due to duplicate points in X.
  return fit_method(estimator, *args, **kwargs)
/share/yangxizhong/env/anaconda/envs/deepconf/lib/python3.11/site-packages/sklearn/base.py:1365: ConvergenceWarning: Number of distinct clusters (1) found smaller than n_clusters (2). Possibly due to duplicate points in X.
  return fit_method(estimator, *args, **kwargs)
/share/yangxizhong/env/anaconda/envs/deepconf/lib/python3.11/site-packages/sklearn/base.py:1365: ConvergenceWarning: Number of distinct clusters (1) found smaller than n_clusters (2). Possibly due to duplicate points in X.
  return fit_method(estimator, *args, **kwargs)
/share/yangxizhong/env/anaconda/envs/deepconf/lib/python3.11/site-packages/sklearn/base.py:1365: ConvergenceWarning: Number of distinct clusters (1) found smaller than n_clusters (2). Possibly due to duplicate points in X.
  return fit_method(estimator, *args, **kwargs)
/share/yangxizhong/env/anaconda/envs/deepconf/lib/python3.11/site-packages/sklearn/base.py:1365: ConvergenceWarning: Number of distinct clusters (1) found smaller than n_clusters (2). Possibly due to duplicate points in X.
  return fit_method(estimator, *args, **kwargs)
/share/yangxizhong/env/anaconda/envs/deepconf/lib/python3.11/site-packages/sklearn/base.py:1365: ConvergenceWarning: Number of distinct clusters (1) found smaller than n_clusters (2). Possibly due to duplicate points in X.
  return fit_method(estimator, *args, **kwargs)
/share/yangxizhong/env/anaconda/envs/deepconf/lib/python3.11/site-packages/sklearn/base.py:1365: ConvergenceWarning: Number of distinct clusters (1) found smaller than n_clusters (2). Possibly due to duplicate points in X.
  return fit_method(estimator, *args, **kwargs)
/share/yangxizhong/env/anaconda/envs/deepconf/lib/python3.11/site-packages/sklearn/base.py:1365: ConvergenceWarning: Number of distinct clusters (1) found smaller than n_clusters (2). Possibly due to duplicate points in X.
  return fit_method(estimator, *args, **kwargs)
/share/yangxizhong/env/anaconda/envs/deepconf/lib/python3.11/site-packages/sklearn/base.py:1365: ConvergenceWarning: Number of distinct clusters (1) found smaller than n_clusters (2). Possibly due to duplicate points in X.
  return fit_method(estimator, *args, **kwargs)
/share/yangxizhong/env/anaconda/envs/deepconf/lib/python3.11/site-packages/sklearn/base.py:1365: ConvergenceWarning: Number of distinct clusters (1) found smaller than n_clusters (2). Possibly due to duplicate points in X.
  return fit_method(estimator, *args, **kwargs)
/share/yangxizhong/env/anaconda/envs/deepconf/lib/python3.11/site-packages/sklearn/base.py:1365: ConvergenceWarning: Number of distinct clusters (1) found smaller than n_clusters (2). Possibly due to duplicate points in X.
  return fit_method(estimator, *args, **kwargs)
/share/yangxizhong/env/anaconda/envs/deepconf/lib/python3.11/site-packages/sklearn/base.py:1365: ConvergenceWarning: Number of distinct clusters (1) found smaller than n_clusters (2). Possibly due to duplicate points in X.
  return fit_method(estimator, *args, **kwargs)
/share/yangxizhong/env/anaconda/envs/deepconf/lib/python3.11/site-packages/sklearn/base.py:1365: ConvergenceWarning: Number of distinct clusters (1) found smaller than n_clusters (2). Possibly due to duplicate points in X.
  return fit_method(estimator, *args, **kwargs)
/share/yangxizhong/env/anaconda/envs/deepconf/lib/python3.11/site-packages/sklearn/base.py:1365: ConvergenceWarning: Number of distinct clusters (1) found smaller than n_clusters (2). Possibly due to duplicate points in X.
  return fit_method(estimator, *args, **kwargs)
/share/yangxizhong/env/anaconda/envs/deepconf/lib/python3.11/site-packages/sklearn/base.py:1365: ConvergenceWarning: Number of distinct clusters (1) found smaller than n_clusters (2). Possibly due to duplicate points in X.
  return fit_method(estimator, *args, **kwargs)
/share/yangxizhong/env/anaconda/envs/deepconf/lib/python3.11/site-packages/sklearn/base.py:1365: ConvergenceWarning: Number of distinct clusters (1) found smaller than n_clusters (2). Possibly due to duplicate points in X.
  return fit_method(estimator, *args, **kwargs)
/share/yangxizhong/env/anaconda/envs/deepconf/lib/python3.11/site-packages/sklearn/base.py:1365: ConvergenceWarning: Number of distinct clusters (1) found smaller than n_clusters (2). Possibly due to duplicate points in X.
  return fit_method(estimator, *args, **kwargs)
/share/yangxizhong/env/anaconda/envs/deepconf/lib/python3.11/site-packages/sklearn/base.py:1365: ConvergenceWarning: Number of distinct clusters (1) found smaller than n_clusters (2). Possibly due to duplicate points in X.
  return fit_method(estimator, *args, **kwargs)
/share/yangxizhong/env/anaconda/envs/deepconf/lib/python3.11/site-packages/sklearn/base.py:1365: ConvergenceWarning: Number of distinct clusters (1) found smaller than n_clusters (2). Possibly due to duplicate points in X.
  return fit_method(estimator, *args, **kwargs)
/share/yangxizhong/env/anaconda/envs/deepconf/lib/python3.11/site-packages/sklearn/base.py:1365: ConvergenceWarning: Number of distinct clusters (1) found smaller than n_clusters (2). Possibly due to duplicate points in X.
  return fit_method(estimator, *args, **kwargs)
/share/yangxizhong/env/anaconda/envs/deepconf/lib/python3.11/site-packages/sklearn/base.py:1365: ConvergenceWarning: Number of distinct clusters (1) found smaller than n_clusters (2). Possibly due to duplicate points in X.
  return fit_method(estimator, *args, **kwargs)
/share/yangxizhong/env/anaconda/envs/deepconf/lib/python3.11/site-packages/sklearn/base.py:1365: ConvergenceWarning: Number of distinct clusters (1) found smaller than n_clusters (2). Possibly due to duplicate points in X.
  return fit_method(estimator, *args, **kwargs)
/share/yangxizhong/env/anaconda/envs/deepconf/lib/python3.11/site-packages/sklearn/base.py:1365: ConvergenceWarning: Number of distinct clusters (1) found smaller than n_clusters (2). Possibly due to duplicate points in X.
  return fit_method(estimator, *args, **kwargs)
/share/yangxizhong/env/anaconda/envs/deepconf/lib/python3.11/site-packages/sklearn/base.py:1365: ConvergenceWarning: Number of distinct clusters (1) found smaller than n_clusters (2). Possibly due to duplicate points in X.
  return fit_method(estimator, *args, **kwargs)
/share/yangxizhong/env/anaconda/envs/deepconf/lib/python3.11/site-packages/sklearn/base.py:1365: ConvergenceWarning: Number of distinct clusters (1) found smaller than n_clusters (2). Possibly due to duplicate points in X.
  return fit_method(estimator, *args, **kwargs)
/share/yangxizhong/env/anaconda/envs/deepconf/lib/python3.11/site-packages/sklearn/base.py:1365: ConvergenceWarning: Number of distinct clusters (1) found smaller than n_clusters (2). Possibly due to duplicate points in X.
  return fit_method(estimator, *args, **kwargs)
/share/yangxizhong/env/anaconda/envs/deepconf/lib/python3.11/site-packages/sklearn/base.py:1365: ConvergenceWarning: Number of distinct clusters (1) found smaller than n_clusters (2). Possibly due to duplicate points in X.
  return fit_method(estimator, *args, **kwargs)
/share/yangxizhong/env/anaconda/envs/deepconf/lib/python3.11/site-packages/sklearn/base.py:1365: ConvergenceWarning: Number of distinct clusters (1) found smaller than n_clusters (2). Possibly due to duplicate points in X.
  return fit_method(estimator, *args, **kwargs)
/share/yangxizhong/env/anaconda/envs/deepconf/lib/python3.11/site-packages/sklearn/base.py:1365: ConvergenceWarning: Number of distinct clusters (1) found smaller than n_clusters (2). Possibly due to duplicate points in X.
  return fit_method(estimator, *args, **kwargs)
/share/yangxizhong/env/anaconda/envs/deepconf/lib/python3.11/site-packages/sklearn/base.py:1365: ConvergenceWarning: Number of distinct clusters (1) found smaller than n_clusters (2). Possibly due to duplicate points in X.
  return fit_method(estimator, *args, **kwargs)
/share/yangxizhong/env/anaconda/envs/deepconf/lib/python3.11/site-packages/sklearn/base.py:1365: ConvergenceWarning: Number of distinct clusters (1) found smaller than n_clusters (2). Possibly due to duplicate points in X.
  return fit_method(estimator, *args, **kwargs)
/share/yangxizhong/env/anaconda/envs/deepconf/lib/python3.11/site-packages/sklearn/base.py:1365: ConvergenceWarning: Number of distinct clusters (1) found smaller than n_clusters (2). Possibly due to duplicate points in X.
  return fit_method(estimator, *args, **kwargs)
/share/yangxizhong/env/anaconda/envs/deepconf/lib/python3.11/site-packages/sklearn/base.py:1365: ConvergenceWarning: Number of distinct clusters (1) found smaller than n_clusters (2). Possibly due to duplicate points in X.
  return fit_method(estimator, *args, **kwargs)
/share/yangxizhong/env/anaconda/envs/deepconf/lib/python3.11/site-packages/sklearn/base.py:1365: ConvergenceWarning: Number of distinct clusters (1) found smaller than n_clusters (2). Possibly due to duplicate points in X.
  return fit_method(estimator, *args, **kwargs)
/share/yangxizhong/env/anaconda/envs/deepconf/lib/python3.11/site-packages/sklearn/base.py:1365: ConvergenceWarning: Number of distinct clusters (1) found smaller than n_clusters (2). Possibly due to duplicate points in X.
  return fit_method(estimator, *args, **kwargs)
/share/yangxizhong/env/anaconda/envs/deepconf/lib/python3.11/site-packages/sklearn/base.py:1365: ConvergenceWarning: Number of distinct clusters (1) found smaller than n_clusters (2). Possibly due to duplicate points in X.
  return fit_method(estimator, *args, **kwargs)
/share/yangxizhong/env/anaconda/envs/deepconf/lib/python3.11/site-packages/sklearn/base.py:1365: ConvergenceWarning: Number of distinct clusters (1) found smaller than n_clusters (2). Possibly due to duplicate points in X.
  return fit_method(estimator, *args, **kwargs)
/share/yangxizhong/env/anaconda/envs/deepconf/lib/python3.11/site-packages/sklearn/base.py:1365: ConvergenceWarning: Number of distinct clusters (1) found smaller than n_clusters (2). Possibly due to duplicate points in X.
  return fit_method(estimator, *args, **kwargs)
/share/yangxizhong/env/anaconda/envs/deepconf/lib/python3.11/site-packages/sklearn/base.py:1365: ConvergenceWarning: Number of distinct clusters (1) found smaller than n_clusters (2). Possibly due to duplicate points in X.
  return fit_method(estimator, *args, **kwargs)
/share/yangxizhong/env/anaconda/envs/deepconf/lib/python3.11/site-packages/sklearn/base.py:1365: ConvergenceWarning: Number of distinct clusters (1) found smaller than n_clusters (2). Possibly due to duplicate points in X.
  return fit_method(estimator, *args, **kwargs)
/share/yangxizhong/env/anaconda/envs/deepconf/lib/python3.11/site-packages/sklearn/base.py:1365: ConvergenceWarning: Number of distinct clusters (1) found smaller than n_clusters (2). Possibly due to duplicate points in X.
  return fit_method(estimator, *args, **kwargs)
/share/yangxizhong/env/anaconda/envs/deepconf/lib/python3.11/site-packages/sklearn/base.py:1365: ConvergenceWarning: Number of distinct clusters (1) found smaller than n_clusters (2). Possibly due to duplicate points in X.
  return fit_method(estimator, *args, **kwargs)
/share/yangxizhong/env/anaconda/envs/deepconf/lib/python3.11/site-packages/sklearn/base.py:1365: ConvergenceWarning: Number of distinct clusters (1) found smaller than n_clusters (2). Possibly due to duplicate points in X.
  return fit_method(estimator, *args, **kwargs)
/share/yangxizhong/env/anaconda/envs/deepconf/lib/python3.11/site-packages/sklearn/base.py:1365: ConvergenceWarning: Number of distinct clusters (1) found smaller than n_clusters (2). Possibly due to duplicate points in X.
  return fit_method(estimator, *args, **kwargs)
/share/yangxizhong/env/anaconda/envs/deepconf/lib/python3.11/site-packages/sklearn/base.py:1365: ConvergenceWarning: Number of distinct clusters (1) found smaller than n_clusters (2). Possibly due to duplicate points in X.
  return fit_method(estimator, *args, **kwargs)
/share/yangxizhong/env/anaconda/envs/deepconf/lib/python3.11/site-packages/sklearn/base.py:1365: ConvergenceWarning: Number of distinct clusters (1) found smaller than n_clusters (2). Possibly due to duplicate points in X.
  return fit_method(estimator, *args, **kwargs)
/share/yangxizhong/env/anaconda/envs/deepconf/lib/python3.11/site-packages/sklearn/base.py:1365: ConvergenceWarning: Number of distinct clusters (1) found smaller than n_clusters (2). Possibly due to duplicate points in X.
  return fit_method(estimator, *args, **kwargs)
/share/yangxizhong/env/anaconda/envs/deepconf/lib/python3.11/site-packages/sklearn/base.py:1365: ConvergenceWarning: Number of distinct clusters (1) found smaller than n_clusters (2). Possibly due to duplicate points in X.
  return fit_method(estimator, *args, **kwargs)
/share/yangxizhong/env/anaconda/envs/deepconf/lib/python3.11/site-packages/sklearn/base.py:1365: ConvergenceWarning: Number of distinct clusters (1) found smaller than n_clusters (2). Possibly due to duplicate points in X.
  return fit_method(estimator, *args, **kwargs)
/share/yangxizhong/env/anaconda/envs/deepconf/lib/python3.11/site-packages/sklearn/base.py:1365: ConvergenceWarning: Number of distinct clusters (1) found smaller than n_clusters (2). Possibly due to duplicate points in X.
  return fit_method(estimator, *args, **kwargs)
/share/yangxizhong/env/anaconda/envs/deepconf/lib/python3.11/site-packages/sklearn/base.py:1365: ConvergenceWarning: Number of distinct clusters (1) found smaller than n_clusters (2). Possibly due to duplicate points in X.
  return fit_method(estimator, *args, **kwargs)
/share/yangxizhong/env/anaconda/envs/deepconf/lib/python3.11/site-packages/sklearn/base.py:1365: ConvergenceWarning: Number of distinct clusters (1) found smaller than n_clusters (2). Possibly due to duplicate points in X.
  return fit_method(estimator, *args, **kwargs)
/share/yangxizhong/env/anaconda/envs/deepconf/lib/python3.11/site-packages/sklearn/base.py:1365: ConvergenceWarning: Number of distinct clusters (1) found smaller than n_clusters (2). Possibly due to duplicate points in X.
  return fit_method(estimator, *args, **kwargs)
/share/yangxizhong/env/anaconda/envs/deepconf/lib/python3.11/site-packages/sklearn/base.py:1365: ConvergenceWarning: Number of distinct clusters (1) found smaller than n_clusters (2). Possibly due to duplicate points in X.
  return fit_method(estimator, *args, **kwargs)
/share/yangxizhong/env/anaconda/envs/deepconf/lib/python3.11/site-packages/sklearn/base.py:1365: ConvergenceWarning: Number of distinct clusters (1) found smaller than n_clusters (2). Possibly due to duplicate points in X.
  return fit_method(estimator, *args, **kwargs)
/share/yangxizhong/env/anaconda/envs/deepconf/lib/python3.11/site-packages/sklearn/base.py:1365: ConvergenceWarning: Number of distinct clusters (1) found smaller than n_clusters (2). Possibly due to duplicate points in X.
  return fit_method(estimator, *args, **kwargs)
/share/yangxizhong/env/anaconda/envs/deepconf/lib/python3.11/site-packages/sklearn/base.py:1365: ConvergenceWarning: Number of distinct clusters (1) found smaller than n_clusters (2). Possibly due to duplicate points in X.
  return fit_method(estimator, *args, **kwargs)
/share/yangxizhong/env/anaconda/envs/deepconf/lib/python3.11/site-packages/sklearn/base.py:1365: ConvergenceWarning: Number of distinct clusters (1) found smaller than n_clusters (2). Possibly due to duplicate points in X.
  return fit_method(estimator, *args, **kwargs)
/share/yangxizhong/env/anaconda/envs/deepconf/lib/python3.11/site-packages/sklearn/base.py:1365: ConvergenceWarning: Number of distinct clusters (1) found smaller than n_clusters (2). Possibly due to duplicate points in X.
  return fit_method(estimator, *args, **kwargs)
/share/yangxizhong/env/anaconda/envs/deepconf/lib/python3.11/site-packages/sklearn/base.py:1365: ConvergenceWarning: Number of distinct clusters (1) found smaller than n_clusters (2). Possibly due to duplicate points in X.
  return fit_method(estimator, *args, **kwargs)
/share/yangxizhong/env/anaconda/envs/deepconf/lib/python3.11/site-packages/sklearn/base.py:1365: ConvergenceWarning: Number of distinct clusters (1) found smaller than n_clusters (2). Possibly due to duplicate points in X.
  return fit_method(estimator, *args, **kwargs)
/share/yangxizhong/env/anaconda/envs/deepconf/lib/python3.11/site-packages/sklearn/base.py:1365: ConvergenceWarning: Number of distinct clusters (1) found smaller than n_clusters (2). Possibly due to duplicate points in X.
  return fit_method(estimator, *args, **kwargs)
/share/yangxizhong/env/anaconda/envs/deepconf/lib/python3.11/site-packages/sklearn/base.py:1365: ConvergenceWarning: Number of distinct clusters (1) found smaller than n_clusters (2). Possibly due to duplicate points in X.
  return fit_method(estimator, *args, **kwargs)
/share/yangxizhong/env/anaconda/envs/deepconf/lib/python3.11/site-packages/sklearn/base.py:1365: ConvergenceWarning: Number of distinct clusters (1) found smaller than n_clusters (2). Possibly due to duplicate points in X.
  return fit_method(estimator, *args, **kwargs)
/share/yangxizhong/env/anaconda/envs/deepconf/lib/python3.11/site-packages/sklearn/base.py:1365: ConvergenceWarning: Number of distinct clusters (1) found smaller than n_clusters (2). Possibly due to duplicate points in X.
  return fit_method(estimator, *args, **kwargs)
/share/yangxizhong/env/anaconda/envs/deepconf/lib/python3.11/site-packages/sklearn/base.py:1365: ConvergenceWarning: Number of distinct clusters (1) found smaller than n_clusters (2). Possibly due to duplicate points in X.
  return fit_method(estimator, *args, **kwargs)
/share/yangxizhong/env/anaconda/envs/deepconf/lib/python3.11/site-packages/sklearn/base.py:1365: ConvergenceWarning: Number of distinct clusters (1) found smaller than n_clusters (2). Possibly due to duplicate points in X.
  return fit_method(estimator, *args, **kwargs)
/share/yangxizhong/env/anaconda/envs/deepconf/lib/python3.11/site-packages/sklearn/base.py:1365: ConvergenceWarning: Number of distinct clusters (1) found smaller than n_clusters (2). Possibly due to duplicate points in X.
  return fit_method(estimator, *args, **kwargs)
/share/yangxizhong/env/anaconda/envs/deepconf/lib/python3.11/site-packages/sklearn/base.py:1365: ConvergenceWarning: Number of distinct clusters (1) found smaller than n_clusters (2). Possibly due to duplicate points in X.
  return fit_method(estimator, *args, **kwargs)
/share/yangxizhong/env/anaconda/envs/deepconf/lib/python3.11/site-packages/sklearn/base.py:1365: ConvergenceWarning: Number of distinct clusters (1) found smaller than n_clusters (2). Possibly due to duplicate points in X.
  return fit_method(estimator, *args, **kwargs)
/share/yangxizhong/env/anaconda/envs/deepconf/lib/python3.11/site-packages/sklearn/base.py:1365: ConvergenceWarning: Number of distinct clusters (1) found smaller than n_clusters (2). Possibly due to duplicate points in X.
  return fit_method(estimator, *args, **kwargs)
/share/yangxizhong/env/anaconda/envs/deepconf/lib/python3.11/site-packages/sklearn/base.py:1365: ConvergenceWarning: Number of distinct clusters (1) found smaller than n_clusters (2). Possibly due to duplicate points in X.
  return fit_method(estimator, *args, **kwargs)
/share/yangxizhong/env/anaconda/envs/deepconf/lib/python3.11/site-packages/sklearn/base.py:1365: ConvergenceWarning: Number of distinct clusters (1) found smaller than n_clusters (2). Possibly due to duplicate points in X.
  return fit_method(estimator, *args, **kwargs)
/share/yangxizhong/env/anaconda/envs/deepconf/lib/python3.11/site-packages/sklearn/base.py:1365: ConvergenceWarning: Number of distinct clusters (1) found smaller than n_clusters (2). Possibly due to duplicate points in X.
  return fit_method(estimator, *args, **kwargs)
/share/yangxizhong/env/anaconda/envs/deepconf/lib/python3.11/site-packages/sklearn/base.py:1365: ConvergenceWarning: Number of distinct clusters (1) found smaller than n_clusters (2). Possibly due to duplicate points in X.
  return fit_method(estimator, *args, **kwargs)
/share/yangxizhong/env/anaconda/envs/deepconf/lib/python3.11/site-packages/sklearn/base.py:1365: ConvergenceWarning: Number of distinct clusters (1) found smaller than n_clusters (2). Possibly due to duplicate points in X.
  return fit_method(estimator, *args, **kwargs)
/share/yangxizhong/env/anaconda/envs/deepconf/lib/python3.11/site-packages/sklearn/base.py:1365: ConvergenceWarning: Number of distinct clusters (1) found smaller than n_clusters (2). Possibly due to duplicate points in X.
  return fit_method(estimator, *args, **kwargs)
/share/yangxizhong/env/anaconda/envs/deepconf/lib/python3.11/site-packages/sklearn/base.py:1365: ConvergenceWarning: Number of distinct clusters (1) found smaller than n_clusters (2). Possibly due to duplicate points in X.
  return fit_method(estimator, *args, **kwargs)
/share/yangxizhong/env/anaconda/envs/deepconf/lib/python3.11/site-packages/sklearn/base.py:1365: ConvergenceWarning: Number of distinct clusters (1) found smaller than n_clusters (2). Possibly due to duplicate points in X.
  return fit_method(estimator, *args, **kwargs)
/share/yangxizhong/env/anaconda/envs/deepconf/lib/python3.11/site-packages/sklearn/base.py:1365: ConvergenceWarning: Number of distinct clusters (1) found smaller than n_clusters (2). Possibly due to duplicate points in X.
  return fit_method(estimator, *args, **kwargs)
/share/yangxizhong/env/anaconda/envs/deepconf/lib/python3.11/site-packages/sklearn/base.py:1365: ConvergenceWarning: Number of distinct clusters (1) found smaller than n_clusters (2). Possibly due to duplicate points in X.
  return fit_method(estimator, *args, **kwargs)
/share/yangxizhong/env/anaconda/envs/deepconf/lib/python3.11/site-packages/sklearn/base.py:1365: ConvergenceWarning: Number of distinct clusters (1) found smaller than n_clusters (2). Possibly due to duplicate points in X.
  return fit_method(estimator, *args, **kwargs)
/share/yangxizhong/env/anaconda/envs/deepconf/lib/python3.11/site-packages/sklearn/base.py:1365: ConvergenceWarning: Number of distinct clusters (1) found smaller than n_clusters (2). Possibly due to duplicate points in X.
  return fit_method(estimator, *args, **kwargs)
/share/yangxizhong/env/anaconda/envs/deepconf/lib/python3.11/site-packages/sklearn/base.py:1365: ConvergenceWarning: Number of distinct clusters (1) found smaller than n_clusters (2). Possibly due to duplicate points in X.
  return fit_method(estimator, *args, **kwargs)
/share/yangxizhong/env/anaconda/envs/deepconf/lib/python3.11/site-packages/sklearn/base.py:1365: ConvergenceWarning: Number of distinct clusters (1) found smaller than n_clusters (2). Possibly due to duplicate points in X.
  return fit_method(estimator, *args, **kwargs)
/share/yangxizhong/env/anaconda/envs/deepconf/lib/python3.11/site-packages/sklearn/base.py:1365: ConvergenceWarning: Number of distinct clusters (1) found smaller than n_clusters (2). Possibly due to duplicate points in X.
  return fit_method(estimator, *args, **kwargs)
/share/yangxizhong/env/anaconda/envs/deepconf/lib/python3.11/site-packages/sklearn/base.py:1365: ConvergenceWarning: Number of distinct clusters (1) found smaller than n_clusters (2). Possibly due to duplicate points in X.
  return fit_method(estimator, *args, **kwargs)
/share/yangxizhong/env/anaconda/envs/deepconf/lib/python3.11/site-packages/sklearn/base.py:1365: ConvergenceWarning: Number of distinct clusters (1) found smaller than n_clusters (2). Possibly due to duplicate points in X.
  return fit_method(estimator, *args, **kwargs)
/share/yangxizhong/env/anaconda/envs/deepconf/lib/python3.11/site-packages/sklearn/base.py:1365: ConvergenceWarning: Number of distinct clusters (1) found smaller than n_clusters (2). Possibly due to duplicate points in X.
  return fit_method(estimator, *args, **kwargs)
/share/yangxizhong/env/anaconda/envs/deepconf/lib/python3.11/site-packages/sklearn/base.py:1365: ConvergenceWarning: Number of distinct clusters (1) found smaller than n_clusters (2). Possibly due to duplicate points in X.
  return fit_method(estimator, *args, **kwargs)
/share/yangxizhong/env/anaconda/envs/deepconf/lib/python3.11/site-packages/sklearn/base.py:1365: ConvergenceWarning: Number of distinct clusters (1) found smaller than n_clusters (2). Possibly due to duplicate points in X.
  return fit_method(estimator, *args, **kwargs)
/share/yangxizhong/env/anaconda/envs/deepconf/lib/python3.11/site-packages/sklearn/base.py:1365: ConvergenceWarning: Number of distinct clusters (1) found smaller than n_clusters (2). Possibly due to duplicate points in X.
  return fit_method(estimator, *args, **kwargs)
/share/yangxizhong/env/anaconda/envs/deepconf/lib/python3.11/site-packages/sklearn/base.py:1365: ConvergenceWarning: Number of distinct clusters (1) found smaller than n_clusters (2). Possibly due to duplicate points in X.
  return fit_method(estimator, *args, **kwargs)
/share/yangxizhong/env/anaconda/envs/deepconf/lib/python3.11/site-packages/sklearn/base.py:1365: ConvergenceWarning: Number of distinct clusters (1) found smaller than n_clusters (2). Possibly due to duplicate points in X.
  return fit_method(estimator, *args, **kwargs)
/share/yangxizhong/env/anaconda/envs/deepconf/lib/python3.11/site-packages/sklearn/base.py:1365: ConvergenceWarning: Number of distinct clusters (1) found smaller than n_clusters (2). Possibly due to duplicate points in X.
  return fit_method(estimator, *args, **kwargs)
 62%|██████▏   | 8/13 [12:34<12:27, 149.50s/it]/share/yangxizhong/env/anaconda/envs/deepconf/lib/python3.11/site-packages/sklearn/base.py:1365: ConvergenceWarning: Number of distinct clusters (1) found smaller than n_clusters (2). Possibly due to duplicate points in X.
  return fit_method(estimator, *args, **kwargs)
/share/yangxizhong/env/anaconda/envs/deepconf/lib/python3.11/site-packages/sklearn/base.py:1365: ConvergenceWarning: Number of distinct clusters (1) found smaller than n_clusters (2). Possibly due to duplicate points in X.
  return fit_method(estimator, *args, **kwargs)
/share/yangxizhong/env/anaconda/envs/deepconf/lib/python3.11/site-packages/sklearn/base.py:1365: ConvergenceWarning: Number of distinct clusters (1) found smaller than n_clusters (2). Possibly due to duplicate points in X.
  return fit_method(estimator, *args, **kwargs)
/share/yangxizhong/env/anaconda/envs/deepconf/lib/python3.11/site-packages/sklearn/base.py:1365: ConvergenceWarning: Number of distinct clusters (1) found smaller than n_clusters (2). Possibly due to duplicate points in X.
  return fit_method(estimator, *args, **kwargs)
/share/yangxizhong/env/anaconda/envs/deepconf/lib/python3.11/site-packages/sklearn/base.py:1365: ConvergenceWarning: Number of distinct clusters (1) found smaller than n_clusters (2). Possibly due to duplicate points in X.
  return fit_method(estimator, *args, **kwargs)
/share/yangxizhong/env/anaconda/envs/deepconf/lib/python3.11/site-packages/sklearn/base.py:1365: ConvergenceWarning: Number of distinct clusters (1) found smaller than n_clusters (2). Possibly due to duplicate points in X.
  return fit_method(estimator, *args, **kwargs)
/share/yangxizhong/env/anaconda/envs/deepconf/lib/python3.11/site-packages/sklearn/base.py:1365: ConvergenceWarning: Number of distinct clusters (1) found smaller than n_clusters (2). Possibly due to duplicate points in X.
  return fit_method(estimator, *args, **kwargs)
/share/yangxizhong/env/anaconda/envs/deepconf/lib/python3.11/site-packages/sklearn/base.py:1365: ConvergenceWarning: Number of distinct clusters (1) found smaller than n_clusters (2). Possibly due to duplicate points in X.
  return fit_method(estimator, *args, **kwargs)
/share/yangxizhong/env/anaconda/envs/deepconf/lib/python3.11/site-packages/sklearn/base.py:1365: ConvergenceWarning: Number of distinct clusters (1) found smaller than n_clusters (2). Possibly due to duplicate points in X.
  return fit_method(estimator, *args, **kwargs)
/share/yangxizhong/env/anaconda/envs/deepconf/lib/python3.11/site-packages/sklearn/base.py:1365: ConvergenceWarning: Number of distinct clusters (1) found smaller than n_clusters (2). Possibly due to duplicate points in X.
  return fit_method(estimator, *args, **kwargs)
/share/yangxizhong/env/anaconda/envs/deepconf/lib/python3.11/site-packages/sklearn/base.py:1365: ConvergenceWarning: Number of distinct clusters (1) found smaller than n_clusters (2). Possibly due to duplicate points in X.
  return fit_method(estimator, *args, **kwargs)
/share/yangxizhong/env/anaconda/envs/deepconf/lib/python3.11/site-packages/sklearn/base.py:1365: ConvergenceWarning: Number of distinct clusters (1) found smaller than n_clusters (2). Possibly due to duplicate points in X.
  return fit_method(estimator, *args, **kwargs)
/share/yangxizhong/env/anaconda/envs/deepconf/lib/python3.11/site-packages/sklearn/base.py:1365: ConvergenceWarning: Number of distinct clusters (1) found smaller than n_clusters (2). Possibly due to duplicate points in X.
  return fit_method(estimator, *args, **kwargs)
/share/yangxizhong/env/anaconda/envs/deepconf/lib/python3.11/site-packages/sklearn/base.py:1365: ConvergenceWarning: Number of distinct clusters (1) found smaller than n_clusters (2). Possibly due to duplicate points in X.
  return fit_method(estimator, *args, **kwargs)
/share/yangxizhong/env/anaconda/envs/deepconf/lib/python3.11/site-packages/sklearn/base.py:1365: ConvergenceWarning: Number of distinct clusters (1) found smaller than n_clusters (2). Possibly due to duplicate points in X.
  return fit_method(estimator, *args, **kwargs)
/share/yangxizhong/env/anaconda/envs/deepconf/lib/python3.11/site-packages/sklearn/base.py:1365: ConvergenceWarning: Number of distinct clusters (1) found smaller than n_clusters (2). Possibly due to duplicate points in X.
  return fit_method(estimator, *args, **kwargs)
/share/yangxizhong/env/anaconda/envs/deepconf/lib/python3.11/site-packages/sklearn/base.py:1365: ConvergenceWarning: Number of distinct clusters (1) found smaller than n_clusters (2). Possibly due to duplicate points in X.
  return fit_method(estimator, *args, **kwargs)
/share/yangxizhong/env/anaconda/envs/deepconf/lib/python3.11/site-packages/sklearn/base.py:1365: ConvergenceWarning: Number of distinct clusters (1) found smaller than n_clusters (2). Possibly due to duplicate points in X.
  return fit_method(estimator, *args, **kwargs)
/share/yangxizhong/env/anaconda/envs/deepconf/lib/python3.11/site-packages/sklearn/base.py:1365: ConvergenceWarning: Number of distinct clusters (1) found smaller than n_clusters (2). Possibly due to duplicate points in X.
  return fit_method(estimator, *args, **kwargs)
/share/yangxizhong/env/anaconda/envs/deepconf/lib/python3.11/site-packages/sklearn/base.py:1365: ConvergenceWarning: Number of distinct clusters (1) found smaller than n_clusters (2). Possibly due to duplicate points in X.
  return fit_method(estimator, *args, **kwargs)
/share/yangxizhong/env/anaconda/envs/deepconf/lib/python3.11/site-packages/sklearn/base.py:1365: ConvergenceWarning: Number of distinct clusters (1) found smaller than n_clusters (2). Possibly due to duplicate points in X.
  return fit_method(estimator, *args, **kwargs)
/share/yangxizhong/env/anaconda/envs/deepconf/lib/python3.11/site-packages/sklearn/base.py:1365: ConvergenceWarning: Number of distinct clusters (1) found smaller than n_clusters (2). Possibly due to duplicate points in X.
  return fit_method(estimator, *args, **kwargs)
/share/yangxizhong/env/anaconda/envs/deepconf/lib/python3.11/site-packages/sklearn/base.py:1365: ConvergenceWarning: Number of distinct clusters (1) found smaller than n_clusters (2). Possibly due to duplicate points in X.
  return fit_method(estimator, *args, **kwargs)
/share/yangxizhong/env/anaconda/envs/deepconf/lib/python3.11/site-packages/sklearn/base.py:1365: ConvergenceWarning: Number of distinct clusters (1) found smaller than n_clusters (2). Possibly due to duplicate points in X.
  return fit_method(estimator, *args, **kwargs)
/share/yangxizhong/env/anaconda/envs/deepconf/lib/python3.11/site-packages/sklearn/base.py:1365: ConvergenceWarning: Number of distinct clusters (1) found smaller than n_clusters (2). Possibly due to duplicate points in X.
  return fit_method(estimator, *args, **kwargs)
/share/yangxizhong/env/anaconda/envs/deepconf/lib/python3.11/site-packages/sklearn/base.py:1365: ConvergenceWarning: Number of distinct clusters (1) found smaller than n_clusters (2). Possibly due to duplicate points in X.
  return fit_method(estimator, *args, **kwargs)
/share/yangxizhong/env/anaconda/envs/deepconf/lib/python3.11/site-packages/sklearn/base.py:1365: ConvergenceWarning: Number of distinct clusters (1) found smaller than n_clusters (2). Possibly due to duplicate points in X.
  return fit_method(estimator, *args, **kwargs)
/share/yangxizhong/env/anaconda/envs/deepconf/lib/python3.11/site-packages/sklearn/base.py:1365: ConvergenceWarning: Number of distinct clusters (1) found smaller than n_clusters (2). Possibly due to duplicate points in X.
  return fit_method(estimator, *args, **kwargs)
/share/yangxizhong/env/anaconda/envs/deepconf/lib/python3.11/site-packages/sklearn/base.py:1365: ConvergenceWarning: Number of distinct clusters (1) found smaller than n_clusters (2). Possibly due to duplicate points in X.
  return fit_method(estimator, *args, **kwargs)
/share/yangxizhong/env/anaconda/envs/deepconf/lib/python3.11/site-packages/sklearn/base.py:1365: ConvergenceWarning: Number of distinct clusters (1) found smaller than n_clusters (2). Possibly due to duplicate points in X.
  return fit_method(estimator, *args, **kwargs)
/share/yangxizhong/env/anaconda/envs/deepconf/lib/python3.11/site-packages/sklearn/base.py:1365: ConvergenceWarning: Number of distinct clusters (1) found smaller than n_clusters (2). Possibly due to duplicate points in X.
  return fit_method(estimator, *args, **kwargs)
/share/yangxizhong/env/anaconda/envs/deepconf/lib/python3.11/site-packages/sklearn/base.py:1365: ConvergenceWarning: Number of distinct clusters (1) found smaller than n_clusters (2). Possibly due to duplicate points in X.
  return fit_method(estimator, *args, **kwargs)
/share/yangxizhong/env/anaconda/envs/deepconf/lib/python3.11/site-packages/sklearn/base.py:1365: ConvergenceWarning: Number of distinct clusters (1) found smaller than n_clusters (2). Possibly due to duplicate points in X.
  return fit_method(estimator, *args, **kwargs)
/share/yangxizhong/env/anaconda/envs/deepconf/lib/python3.11/site-packages/sklearn/base.py:1365: ConvergenceWarning: Number of distinct clusters (1) found smaller than n_clusters (2). Possibly due to duplicate points in X.
  return fit_method(estimator, *args, **kwargs)
/share/yangxizhong/env/anaconda/envs/deepconf/lib/python3.11/site-packages/sklearn/base.py:1365: ConvergenceWarning: Number of distinct clusters (1) found smaller than n_clusters (2). Possibly due to duplicate points in X.
  return fit_method(estimator, *args, **kwargs)
/share/yangxizhong/env/anaconda/envs/deepconf/lib/python3.11/site-packages/sklearn/base.py:1365: ConvergenceWarning: Number of distinct clusters (1) found smaller than n_clusters (2). Possibly due to duplicate points in X.
  return fit_method(estimator, *args, **kwargs)
/share/yangxizhong/env/anaconda/envs/deepconf/lib/python3.11/site-packages/sklearn/base.py:1365: ConvergenceWarning: Number of distinct clusters (1) found smaller than n_clusters (2). Possibly due to duplicate points in X.
  return fit_method(estimator, *args, **kwargs)
/share/yangxizhong/env/anaconda/envs/deepconf/lib/python3.11/site-packages/sklearn/base.py:1365: ConvergenceWarning: Number of distinct clusters (1) found smaller than n_clusters (2). Possibly due to duplicate points in X.
  return fit_method(estimator, *args, **kwargs)
/share/yangxizhong/env/anaconda/envs/deepconf/lib/python3.11/site-packages/sklearn/base.py:1365: ConvergenceWarning: Number of distinct clusters (1) found smaller than n_clusters (2). Possibly due to duplicate points in X.
  return fit_method(estimator, *args, **kwargs)
/share/yangxizhong/env/anaconda/envs/deepconf/lib/python3.11/site-packages/sklearn/base.py:1365: ConvergenceWarning: Number of distinct clusters (1) found smaller than n_clusters (2). Possibly due to duplicate points in X.
  return fit_method(estimator, *args, **kwargs)
/share/yangxizhong/env/anaconda/envs/deepconf/lib/python3.11/site-packages/sklearn/base.py:1365: ConvergenceWarning: Number of distinct clusters (1) found smaller than n_clusters (2). Possibly due to duplicate points in X.
  return fit_method(estimator, *args, **kwargs)
/share/yangxizhong/env/anaconda/envs/deepconf/lib/python3.11/site-packages/sklearn/base.py:1365: ConvergenceWarning: Number of distinct clusters (1) found smaller than n_clusters (2). Possibly due to duplicate points in X.
  return fit_method(estimator, *args, **kwargs)
/share/yangxizhong/env/anaconda/envs/deepconf/lib/python3.11/site-packages/sklearn/base.py:1365: ConvergenceWarning: Number of distinct clusters (1) found smaller than n_clusters (2). Possibly due to duplicate points in X.
  return fit_method(estimator, *args, **kwargs)
/share/yangxizhong/env/anaconda/envs/deepconf/lib/python3.11/site-packages/sklearn/base.py:1365: ConvergenceWarning: Number of distinct clusters (1) found smaller than n_clusters (2). Possibly due to duplicate points in X.
  return fit_method(estimator, *args, **kwargs)
/share/yangxizhong/env/anaconda/envs/deepconf/lib/python3.11/site-packages/sklearn/base.py:1365: ConvergenceWarning: Number of distinct clusters (1) found smaller than n_clusters (2). Possibly due to duplicate points in X.
  return fit_method(estimator, *args, **kwargs)
/share/yangxizhong/env/anaconda/envs/deepconf/lib/python3.11/site-packages/sklearn/base.py:1365: ConvergenceWarning: Number of distinct clusters (1) found smaller than n_clusters (2). Possibly due to duplicate points in X.
  return fit_method(estimator, *args, **kwargs)
/share/yangxizhong/env/anaconda/envs/deepconf/lib/python3.11/site-packages/sklearn/base.py:1365: ConvergenceWarning: Number of distinct clusters (1) found smaller than n_clusters (2). Possibly due to duplicate points in X.
  return fit_method(estimator, *args, **kwargs)
/share/yangxizhong/env/anaconda/envs/deepconf/lib/python3.11/site-packages/sklearn/base.py:1365: ConvergenceWarning: Number of distinct clusters (1) found smaller than n_clusters (2). Possibly due to duplicate points in X.
  return fit_method(estimator, *args, **kwargs)
/share/yangxizhong/env/anaconda/envs/deepconf/lib/python3.11/site-packages/sklearn/base.py:1365: ConvergenceWarning: Number of distinct clusters (1) found smaller than n_clusters (2). Possibly due to duplicate points in X.
  return fit_method(estimator, *args, **kwargs)
/share/yangxizhong/env/anaconda/envs/deepconf/lib/python3.11/site-packages/sklearn/base.py:1365: ConvergenceWarning: Number of distinct clusters (1) found smaller than n_clusters (2). Possibly due to duplicate points in X.
  return fit_method(estimator, *args, **kwargs)
/share/yangxizhong/env/anaconda/envs/deepconf/lib/python3.11/site-packages/sklearn/base.py:1365: ConvergenceWarning: Number of distinct clusters (1) found smaller than n_clusters (2). Possibly due to duplicate points in X.
  return fit_method(estimator, *args, **kwargs)
/share/yangxizhong/env/anaconda/envs/deepconf/lib/python3.11/site-packages/sklearn/base.py:1365: ConvergenceWarning: Number of distinct clusters (1) found smaller than n_clusters (2). Possibly due to duplicate points in X.
  return fit_method(estimator, *args, **kwargs)
/share/yangxizhong/env/anaconda/envs/deepconf/lib/python3.11/site-packages/sklearn/base.py:1365: ConvergenceWarning: Number of distinct clusters (1) found smaller than n_clusters (2). Possibly due to duplicate points in X.
  return fit_method(estimator, *args, **kwargs)
/share/yangxizhong/env/anaconda/envs/deepconf/lib/python3.11/site-packages/sklearn/base.py:1365: ConvergenceWarning: Number of distinct clusters (1) found smaller than n_clusters (2). Possibly due to duplicate points in X.
  return fit_method(estimator, *args, **kwargs)
/share/yangxizhong/env/anaconda/envs/deepconf/lib/python3.11/site-packages/sklearn/base.py:1365: ConvergenceWarning: Number of distinct clusters (1) found smaller than n_clusters (2). Possibly due to duplicate points in X.
  return fit_method(estimator, *args, **kwargs)
/share/yangxizhong/env/anaconda/envs/deepconf/lib/python3.11/site-packages/sklearn/base.py:1365: ConvergenceWarning: Number of distinct clusters (1) found smaller than n_clusters (2). Possibly due to duplicate points in X.
  return fit_method(estimator, *args, **kwargs)
/share/yangxizhong/env/anaconda/envs/deepconf/lib/python3.11/site-packages/sklearn/base.py:1365: ConvergenceWarning: Number of distinct clusters (1) found smaller than n_clusters (2). Possibly due to duplicate points in X.
  return fit_method(estimator, *args, **kwargs)
/share/yangxizhong/env/anaconda/envs/deepconf/lib/python3.11/site-packages/sklearn/base.py:1365: ConvergenceWarning: Number of distinct clusters (1) found smaller than n_clusters (2). Possibly due to duplicate points in X.
  return fit_method(estimator, *args, **kwargs)
/share/yangxizhong/env/anaconda/envs/deepconf/lib/python3.11/site-packages/sklearn/base.py:1365: ConvergenceWarning: Number of distinct clusters (1) found smaller than n_clusters (2). Possibly due to duplicate points in X.
  return fit_method(estimator, *args, **kwargs)
/share/yangxizhong/env/anaconda/envs/deepconf/lib/python3.11/site-packages/sklearn/base.py:1365: ConvergenceWarning: Number of distinct clusters (1) found smaller than n_clusters (2). Possibly due to duplicate points in X.
  return fit_method(estimator, *args, **kwargs)
/share/yangxizhong/env/anaconda/envs/deepconf/lib/python3.11/site-packages/sklearn/base.py:1365: ConvergenceWarning: Number of distinct clusters (1) found smaller than n_clusters (2). Possibly due to duplicate points in X.
  return fit_method(estimator, *args, **kwargs)
/share/yangxizhong/env/anaconda/envs/deepconf/lib/python3.11/site-packages/sklearn/base.py:1365: ConvergenceWarning: Number of distinct clusters (1) found smaller than n_clusters (2). Possibly due to duplicate points in X.
  return fit_method(estimator, *args, **kwargs)
/share/yangxizhong/env/anaconda/envs/deepconf/lib/python3.11/site-packages/sklearn/base.py:1365: ConvergenceWarning: Number of distinct clusters (1) found smaller than n_clusters (2). Possibly due to duplicate points in X.
  return fit_method(estimator, *args, **kwargs)
/share/yangxizhong/env/anaconda/envs/deepconf/lib/python3.11/site-packages/sklearn/base.py:1365: ConvergenceWarning: Number of distinct clusters (1) found smaller than n_clusters (2). Possibly due to duplicate points in X.
  return fit_method(estimator, *args, **kwargs)
/share/yangxizhong/env/anaconda/envs/deepconf/lib/python3.11/site-packages/sklearn/base.py:1365: ConvergenceWarning: Number of distinct clusters (1) found smaller than n_clusters (2). Possibly due to duplicate points in X.
  return fit_method(estimator, *args, **kwargs)
/share/yangxizhong/env/anaconda/envs/deepconf/lib/python3.11/site-packages/sklearn/base.py:1365: ConvergenceWarning: Number of distinct clusters (1) found smaller than n_clusters (2). Possibly due to duplicate points in X.
  return fit_method(estimator, *args, **kwargs)
/share/yangxizhong/env/anaconda/envs/deepconf/lib/python3.11/site-packages/sklearn/base.py:1365: ConvergenceWarning: Number of distinct clusters (1) found smaller than n_clusters (2). Possibly due to duplicate points in X.
  return fit_method(estimator, *args, **kwargs)
/share/yangxizhong/env/anaconda/envs/deepconf/lib/python3.11/site-packages/sklearn/base.py:1365: ConvergenceWarning: Number of distinct clusters (1) found smaller than n_clusters (2). Possibly due to duplicate points in X.
  return fit_method(estimator, *args, **kwargs)
/share/yangxizhong/env/anaconda/envs/deepconf/lib/python3.11/site-packages/sklearn/base.py:1365: ConvergenceWarning: Number of distinct clusters (1) found smaller than n_clusters (2). Possibly due to duplicate points in X.
  return fit_method(estimator, *args, **kwargs)
/share/yangxizhong/env/anaconda/envs/deepconf/lib/python3.11/site-packages/sklearn/base.py:1365: ConvergenceWarning: Number of distinct clusters (1) found smaller than n_clusters (2). Possibly due to duplicate points in X.
  return fit_method(estimator, *args, **kwargs)
/share/yangxizhong/env/anaconda/envs/deepconf/lib/python3.11/site-packages/sklearn/base.py:1365: ConvergenceWarning: Number of distinct clusters (1) found smaller than n_clusters (2). Possibly due to duplicate points in X.
  return fit_method(estimator, *args, **kwargs)
/share/yangxizhong/env/anaconda/envs/deepconf/lib/python3.11/site-packages/sklearn/base.py:1365: ConvergenceWarning: Number of distinct clusters (1) found smaller than n_clusters (2). Possibly due to duplicate points in X.
  return fit_method(estimator, *args, **kwargs)
/share/yangxizhong/env/anaconda/envs/deepconf/lib/python3.11/site-packages/sklearn/base.py:1365: ConvergenceWarning: Number of distinct clusters (1) found smaller than n_clusters (2). Possibly due to duplicate points in X.
  return fit_method(estimator, *args, **kwargs)
/share/yangxizhong/env/anaconda/envs/deepconf/lib/python3.11/site-packages/sklearn/base.py:1365: ConvergenceWarning: Number of distinct clusters (1) found smaller than n_clusters (2). Possibly due to duplicate points in X.
  return fit_method(estimator, *args, **kwargs)
/share/yangxizhong/env/anaconda/envs/deepconf/lib/python3.11/site-packages/sklearn/base.py:1365: ConvergenceWarning: Number of distinct clusters (1) found smaller than n_clusters (2). Possibly due to duplicate points in X.
  return fit_method(estimator, *args, **kwargs)
/share/yangxizhong/env/anaconda/envs/deepconf/lib/python3.11/site-packages/sklearn/base.py:1365: ConvergenceWarning: Number of distinct clusters (1) found smaller than n_clusters (2). Possibly due to duplicate points in X.
  return fit_method(estimator, *args, **kwargs)
/share/yangxizhong/env/anaconda/envs/deepconf/lib/python3.11/site-packages/sklearn/base.py:1365: ConvergenceWarning: Number of distinct clusters (1) found smaller than n_clusters (2). Possibly due to duplicate points in X.
  return fit_method(estimator, *args, **kwargs)
/share/yangxizhong/env/anaconda/envs/deepconf/lib/python3.11/site-packages/sklearn/base.py:1365: ConvergenceWarning: Number of distinct clusters (1) found smaller than n_clusters (2). Possibly due to duplicate points in X.
  return fit_method(estimator, *args, **kwargs)
/share/yangxizhong/env/anaconda/envs/deepconf/lib/python3.11/site-packages/sklearn/base.py:1365: ConvergenceWarning: Number of distinct clusters (1) found smaller than n_clusters (2). Possibly due to duplicate points in X.
  return fit_method(estimator, *args, **kwargs)
/share/yangxizhong/env/anaconda/envs/deepconf/lib/python3.11/site-packages/sklearn/base.py:1365: ConvergenceWarning: Number of distinct clusters (1) found smaller than n_clusters (2). Possibly due to duplicate points in X.
  return fit_method(estimator, *args, **kwargs)
/share/yangxizhong/env/anaconda/envs/deepconf/lib/python3.11/site-packages/sklearn/base.py:1365: ConvergenceWarning: Number of distinct clusters (1) found smaller than n_clusters (2). Possibly due to duplicate points in X.
  return fit_method(estimator, *args, **kwargs)
/share/yangxizhong/env/anaconda/envs/deepconf/lib/python3.11/site-packages/sklearn/base.py:1365: ConvergenceWarning: Number of distinct clusters (1) found smaller than n_clusters (2). Possibly due to duplicate points in X.
  return fit_method(estimator, *args, **kwargs)
/share/yangxizhong/env/anaconda/envs/deepconf/lib/python3.11/site-packages/sklearn/base.py:1365: ConvergenceWarning: Number of distinct clusters (1) found smaller than n_clusters (2). Possibly due to duplicate points in X.
  return fit_method(estimator, *args, **kwargs)
/share/yangxizhong/env/anaconda/envs/deepconf/lib/python3.11/site-packages/sklearn/base.py:1365: ConvergenceWarning: Number of distinct clusters (1) found smaller than n_clusters (2). Possibly due to duplicate points in X.
  return fit_method(estimator, *args, **kwargs)
/share/yangxizhong/env/anaconda/envs/deepconf/lib/python3.11/site-packages/sklearn/base.py:1365: ConvergenceWarning: Number of distinct clusters (1) found smaller than n_clusters (2). Possibly due to duplicate points in X.
  return fit_method(estimator, *args, **kwargs)
/share/yangxizhong/env/anaconda/envs/deepconf/lib/python3.11/site-packages/sklearn/base.py:1365: ConvergenceWarning: Number of distinct clusters (1) found smaller than n_clusters (2). Possibly due to duplicate points in X.
  return fit_method(estimator, *args, **kwargs)
/share/yangxizhong/env/anaconda/envs/deepconf/lib/python3.11/site-packages/sklearn/base.py:1365: ConvergenceWarning: Number of distinct clusters (1) found smaller than n_clusters (2). Possibly due to duplicate points in X.
  return fit_method(estimator, *args, **kwargs)
/share/yangxizhong/env/anaconda/envs/deepconf/lib/python3.11/site-packages/sklearn/base.py:1365: ConvergenceWarning: Number of distinct clusters (1) found smaller than n_clusters (2). Possibly due to duplicate points in X.
  return fit_method(estimator, *args, **kwargs)
/share/yangxizhong/env/anaconda/envs/deepconf/lib/python3.11/site-packages/sklearn/base.py:1365: ConvergenceWarning: Number of distinct clusters (1) found smaller than n_clusters (2). Possibly due to duplicate points in X.
  return fit_method(estimator, *args, **kwargs)
/share/yangxizhong/env/anaconda/envs/deepconf/lib/python3.11/site-packages/sklearn/base.py:1365: ConvergenceWarning: Number of distinct clusters (1) found smaller than n_clusters (2). Possibly due to duplicate points in X.
  return fit_method(estimator, *args, **kwargs)
/share/yangxizhong/env/anaconda/envs/deepconf/lib/python3.11/site-packages/sklearn/base.py:1365: ConvergenceWarning: Number of distinct clusters (1) found smaller than n_clusters (2). Possibly due to duplicate points in X.
  return fit_method(estimator, *args, **kwargs)
/share/yangxizhong/env/anaconda/envs/deepconf/lib/python3.11/site-packages/sklearn/base.py:1365: ConvergenceWarning: Number of distinct clusters (1) found smaller than n_clusters (2). Possibly due to duplicate points in X.
  return fit_method(estimator, *args, **kwargs)
 69%|██████▉   | 9/13 [14:49<09:40, 145.01s/it] 77%|███████▋  | 10/13 [16:21<06:25, 128.56s/it]/share/yangxizhong/env/anaconda/envs/deepconf/lib/python3.11/site-packages/sklearn/base.py:1365: ConvergenceWarning: Number of distinct clusters (1) found smaller than n_clusters (2). Possibly due to duplicate points in X.
  return fit_method(estimator, *args, **kwargs)
/share/yangxizhong/env/anaconda/envs/deepconf/lib/python3.11/site-packages/sklearn/base.py:1365: ConvergenceWarning: Number of distinct clusters (1) found smaller than n_clusters (2). Possibly due to duplicate points in X.
  return fit_method(estimator, *args, **kwargs)
/share/yangxizhong/env/anaconda/envs/deepconf/lib/python3.11/site-packages/sklearn/base.py:1365: ConvergenceWarning: Number of distinct clusters (1) found smaller than n_clusters (2). Possibly due to duplicate points in X.
  return fit_method(estimator, *args, **kwargs)
/share/yangxizhong/env/anaconda/envs/deepconf/lib/python3.11/site-packages/sklearn/base.py:1365: ConvergenceWarning: Number of distinct clusters (1) found smaller than n_clusters (2). Possibly due to duplicate points in X.
  return fit_method(estimator, *args, **kwargs)
/share/yangxizhong/env/anaconda/envs/deepconf/lib/python3.11/site-packages/sklearn/base.py:1365: ConvergenceWarning: Number of distinct clusters (1) found smaller than n_clusters (2). Possibly due to duplicate points in X.
  return fit_method(estimator, *args, **kwargs)
/share/yangxizhong/env/anaconda/envs/deepconf/lib/python3.11/site-packages/sklearn/base.py:1365: ConvergenceWarning: Number of distinct clusters (1) found smaller than n_clusters (2). Possibly due to duplicate points in X.
  return fit_method(estimator, *args, **kwargs)
/share/yangxizhong/env/anaconda/envs/deepconf/lib/python3.11/site-packages/sklearn/base.py:1365: ConvergenceWarning: Number of distinct clusters (1) found smaller than n_clusters (2). Possibly due to duplicate points in X.
  return fit_method(estimator, *args, **kwargs)
/share/yangxizhong/env/anaconda/envs/deepconf/lib/python3.11/site-packages/sklearn/base.py:1365: ConvergenceWarning: Number of distinct clusters (1) found smaller than n_clusters (2). Possibly due to duplicate points in X.
  return fit_method(estimator, *args, **kwargs)
/share/yangxizhong/env/anaconda/envs/deepconf/lib/python3.11/site-packages/sklearn/base.py:1365: ConvergenceWarning: Number of distinct clusters (1) found smaller than n_clusters (2). Possibly due to duplicate points in X.
  return fit_method(estimator, *args, **kwargs)
/share/yangxizhong/env/anaconda/envs/deepconf/lib/python3.11/site-packages/sklearn/base.py:1365: ConvergenceWarning: Number of distinct clusters (1) found smaller than n_clusters (2). Possibly due to duplicate points in X.
  return fit_method(estimator, *args, **kwargs)
/share/yangxizhong/env/anaconda/envs/deepconf/lib/python3.11/site-packages/sklearn/base.py:1365: ConvergenceWarning: Number of distinct clusters (1) found smaller than n_clusters (2). Possibly due to duplicate points in X.
  return fit_method(estimator, *args, **kwargs)
/share/yangxizhong/env/anaconda/envs/deepconf/lib/python3.11/site-packages/sklearn/base.py:1365: ConvergenceWarning: Number of distinct clusters (1) found smaller than n_clusters (2). Possibly due to duplicate points in X.
  return fit_method(estimator, *args, **kwargs)
/share/yangxizhong/env/anaconda/envs/deepconf/lib/python3.11/site-packages/sklearn/base.py:1365: ConvergenceWarning: Number of distinct clusters (1) found smaller than n_clusters (2). Possibly due to duplicate points in X.
  return fit_method(estimator, *args, **kwargs)
/share/yangxizhong/env/anaconda/envs/deepconf/lib/python3.11/site-packages/sklearn/base.py:1365: ConvergenceWarning: Number of distinct clusters (1) found smaller than n_clusters (2). Possibly due to duplicate points in X.
  return fit_method(estimator, *args, **kwargs)
/share/yangxizhong/env/anaconda/envs/deepconf/lib/python3.11/site-packages/sklearn/base.py:1365: ConvergenceWarning: Number of distinct clusters (1) found smaller than n_clusters (2). Possibly due to duplicate points in X.
  return fit_method(estimator, *args, **kwargs)
/share/yangxizhong/env/anaconda/envs/deepconf/lib/python3.11/site-packages/sklearn/base.py:1365: ConvergenceWarning: Number of distinct clusters (1) found smaller than n_clusters (2). Possibly due to duplicate points in X.
  return fit_method(estimator, *args, **kwargs)
/share/yangxizhong/env/anaconda/envs/deepconf/lib/python3.11/site-packages/sklearn/base.py:1365: ConvergenceWarning: Number of distinct clusters (1) found smaller than n_clusters (2). Possibly due to duplicate points in X.
  return fit_method(estimator, *args, **kwargs)
/share/yangxizhong/env/anaconda/envs/deepconf/lib/python3.11/site-packages/sklearn/base.py:1365: ConvergenceWarning: Number of distinct clusters (1) found smaller than n_clusters (2). Possibly due to duplicate points in X.
  return fit_method(estimator, *args, **kwargs)
/share/yangxizhong/env/anaconda/envs/deepconf/lib/python3.11/site-packages/sklearn/base.py:1365: ConvergenceWarning: Number of distinct clusters (1) found smaller than n_clusters (2). Possibly due to duplicate points in X.
  return fit_method(estimator, *args, **kwargs)
/share/yangxizhong/env/anaconda/envs/deepconf/lib/python3.11/site-packages/sklearn/base.py:1365: ConvergenceWarning: Number of distinct clusters (1) found smaller than n_clusters (2). Possibly due to duplicate points in X.
  return fit_method(estimator, *args, **kwargs)
/share/yangxizhong/env/anaconda/envs/deepconf/lib/python3.11/site-packages/sklearn/base.py:1365: ConvergenceWarning: Number of distinct clusters (1) found smaller than n_clusters (2). Possibly due to duplicate points in X.
  return fit_method(estimator, *args, **kwargs)
/share/yangxizhong/env/anaconda/envs/deepconf/lib/python3.11/site-packages/sklearn/base.py:1365: ConvergenceWarning: Number of distinct clusters (1) found smaller than n_clusters (2). Possibly due to duplicate points in X.
  return fit_method(estimator, *args, **kwargs)
/share/yangxizhong/env/anaconda/envs/deepconf/lib/python3.11/site-packages/sklearn/base.py:1365: ConvergenceWarning: Number of distinct clusters (1) found smaller than n_clusters (2). Possibly due to duplicate points in X.
  return fit_method(estimator, *args, **kwargs)
/share/yangxizhong/env/anaconda/envs/deepconf/lib/python3.11/site-packages/sklearn/base.py:1365: ConvergenceWarning: Number of distinct clusters (1) found smaller than n_clusters (2). Possibly due to duplicate points in X.
  return fit_method(estimator, *args, **kwargs)
/share/yangxizhong/env/anaconda/envs/deepconf/lib/python3.11/site-packages/sklearn/base.py:1365: ConvergenceWarning: Number of distinct clusters (1) found smaller than n_clusters (2). Possibly due to duplicate points in X.
  return fit_method(estimator, *args, **kwargs)
/share/yangxizhong/env/anaconda/envs/deepconf/lib/python3.11/site-packages/sklearn/base.py:1365: ConvergenceWarning: Number of distinct clusters (1) found smaller than n_clusters (2). Possibly due to duplicate points in X.
  return fit_method(estimator, *args, **kwargs)
/share/yangxizhong/env/anaconda/envs/deepconf/lib/python3.11/site-packages/sklearn/base.py:1365: ConvergenceWarning: Number of distinct clusters (1) found smaller than n_clusters (2). Possibly due to duplicate points in X.
  return fit_method(estimator, *args, **kwargs)
/share/yangxizhong/env/anaconda/envs/deepconf/lib/python3.11/site-packages/sklearn/base.py:1365: ConvergenceWarning: Number of distinct clusters (1) found smaller than n_clusters (2). Possibly due to duplicate points in X.
  return fit_method(estimator, *args, **kwargs)
/share/yangxizhong/env/anaconda/envs/deepconf/lib/python3.11/site-packages/sklearn/base.py:1365: ConvergenceWarning: Number of distinct clusters (1) found smaller than n_clusters (2). Possibly due to duplicate points in X.
  return fit_method(estimator, *args, **kwargs)
/share/yangxizhong/env/anaconda/envs/deepconf/lib/python3.11/site-packages/sklearn/base.py:1365: ConvergenceWarning: Number of distinct clusters (1) found smaller than n_clusters (2). Possibly due to duplicate points in X.
  return fit_method(estimator, *args, **kwargs)
/share/yangxizhong/env/anaconda/envs/deepconf/lib/python3.11/site-packages/sklearn/base.py:1365: ConvergenceWarning: Number of distinct clusters (1) found smaller than n_clusters (2). Possibly due to duplicate points in X.
  return fit_method(estimator, *args, **kwargs)
/share/yangxizhong/env/anaconda/envs/deepconf/lib/python3.11/site-packages/sklearn/base.py:1365: ConvergenceWarning: Number of distinct clusters (1) found smaller than n_clusters (2). Possibly due to duplicate points in X.
  return fit_method(estimator, *args, **kwargs)
/share/yangxizhong/env/anaconda/envs/deepconf/lib/python3.11/site-packages/sklearn/base.py:1365: ConvergenceWarning: Number of distinct clusters (1) found smaller than n_clusters (2). Possibly due to duplicate points in X.
  return fit_method(estimator, *args, **kwargs)
/share/yangxizhong/env/anaconda/envs/deepconf/lib/python3.11/site-packages/sklearn/base.py:1365: ConvergenceWarning: Number of distinct clusters (1) found smaller than n_clusters (2). Possibly due to duplicate points in X.
  return fit_method(estimator, *args, **kwargs)
/share/yangxizhong/env/anaconda/envs/deepconf/lib/python3.11/site-packages/sklearn/base.py:1365: ConvergenceWarning: Number of distinct clusters (1) found smaller than n_clusters (2). Possibly due to duplicate points in X.
  return fit_method(estimator, *args, **kwargs)
/share/yangxizhong/env/anaconda/envs/deepconf/lib/python3.11/site-packages/sklearn/base.py:1365: ConvergenceWarning: Number of distinct clusters (1) found smaller than n_clusters (2). Possibly due to duplicate points in X.
  return fit_method(estimator, *args, **kwargs)
/share/yangxizhong/env/anaconda/envs/deepconf/lib/python3.11/site-packages/sklearn/base.py:1365: ConvergenceWarning: Number of distinct clusters (1) found smaller than n_clusters (2). Possibly due to duplicate points in X.
  return fit_method(estimator, *args, **kwargs)
/share/yangxizhong/env/anaconda/envs/deepconf/lib/python3.11/site-packages/sklearn/base.py:1365: ConvergenceWarning: Number of distinct clusters (1) found smaller than n_clusters (2). Possibly due to duplicate points in X.
  return fit_method(estimator, *args, **kwargs)
/share/yangxizhong/env/anaconda/envs/deepconf/lib/python3.11/site-packages/sklearn/base.py:1365: ConvergenceWarning: Number of distinct clusters (1) found smaller than n_clusters (2). Possibly due to duplicate points in X.
  return fit_method(estimator, *args, **kwargs)
/share/yangxizhong/env/anaconda/envs/deepconf/lib/python3.11/site-packages/sklearn/base.py:1365: ConvergenceWarning: Number of distinct clusters (1) found smaller than n_clusters (2). Possibly due to duplicate points in X.
  return fit_method(estimator, *args, **kwargs)
/share/yangxizhong/env/anaconda/envs/deepconf/lib/python3.11/site-packages/sklearn/base.py:1365: ConvergenceWarning: Number of distinct clusters (1) found smaller than n_clusters (2). Possibly due to duplicate points in X.
  return fit_method(estimator, *args, **kwargs)
/share/yangxizhong/env/anaconda/envs/deepconf/lib/python3.11/site-packages/sklearn/base.py:1365: ConvergenceWarning: Number of distinct clusters (1) found smaller than n_clusters (2). Possibly due to duplicate points in X.
  return fit_method(estimator, *args, **kwargs)
/share/yangxizhong/env/anaconda/envs/deepconf/lib/python3.11/site-packages/sklearn/base.py:1365: ConvergenceWarning: Number of distinct clusters (1) found smaller than n_clusters (2). Possibly due to duplicate points in X.
  return fit_method(estimator, *args, **kwargs)
/share/yangxizhong/env/anaconda/envs/deepconf/lib/python3.11/site-packages/sklearn/base.py:1365: ConvergenceWarning: Number of distinct clusters (1) found smaller than n_clusters (2). Possibly due to duplicate points in X.
  return fit_method(estimator, *args, **kwargs)
/share/yangxizhong/env/anaconda/envs/deepconf/lib/python3.11/site-packages/sklearn/base.py:1365: ConvergenceWarning: Number of distinct clusters (1) found smaller than n_clusters (2). Possibly due to duplicate points in X.
  return fit_method(estimator, *args, **kwargs)
/share/yangxizhong/env/anaconda/envs/deepconf/lib/python3.11/site-packages/sklearn/base.py:1365: ConvergenceWarning: Number of distinct clusters (1) found smaller than n_clusters (2). Possibly due to duplicate points in X.
  return fit_method(estimator, *args, **kwargs)
/share/yangxizhong/env/anaconda/envs/deepconf/lib/python3.11/site-packages/sklearn/base.py:1365: ConvergenceWarning: Number of distinct clusters (1) found smaller than n_clusters (2). Possibly due to duplicate points in X.
  return fit_method(estimator, *args, **kwargs)
/share/yangxizhong/env/anaconda/envs/deepconf/lib/python3.11/site-packages/sklearn/base.py:1365: ConvergenceWarning: Number of distinct clusters (1) found smaller than n_clusters (2). Possibly due to duplicate points in X.
  return fit_method(estimator, *args, **kwargs)
/share/yangxizhong/env/anaconda/envs/deepconf/lib/python3.11/site-packages/sklearn/base.py:1365: ConvergenceWarning: Number of distinct clusters (1) found smaller than n_clusters (2). Possibly due to duplicate points in X.
  return fit_method(estimator, *args, **kwargs)
/share/yangxizhong/env/anaconda/envs/deepconf/lib/python3.11/site-packages/sklearn/base.py:1365: ConvergenceWarning: Number of distinct clusters (1) found smaller than n_clusters (2). Possibly due to duplicate points in X.
  return fit_method(estimator, *args, **kwargs)
/share/yangxizhong/env/anaconda/envs/deepconf/lib/python3.11/site-packages/sklearn/base.py:1365: ConvergenceWarning: Number of distinct clusters (1) found smaller than n_clusters (2). Possibly due to duplicate points in X.
  return fit_method(estimator, *args, **kwargs)
/share/yangxizhong/env/anaconda/envs/deepconf/lib/python3.11/site-packages/sklearn/base.py:1365: ConvergenceWarning: Number of distinct clusters (1) found smaller than n_clusters (2). Possibly due to duplicate points in X.
  return fit_method(estimator, *args, **kwargs)
/share/yangxizhong/env/anaconda/envs/deepconf/lib/python3.11/site-packages/sklearn/base.py:1365: ConvergenceWarning: Number of distinct clusters (1) found smaller than n_clusters (2). Possibly due to duplicate points in X.
  return fit_method(estimator, *args, **kwargs)
/share/yangxizhong/env/anaconda/envs/deepconf/lib/python3.11/site-packages/sklearn/base.py:1365: ConvergenceWarning: Number of distinct clusters (1) found smaller than n_clusters (2). Possibly due to duplicate points in X.
  return fit_method(estimator, *args, **kwargs)
/share/yangxizhong/env/anaconda/envs/deepconf/lib/python3.11/site-packages/sklearn/base.py:1365: ConvergenceWarning: Number of distinct clusters (1) found smaller than n_clusters (2). Possibly due to duplicate points in X.
  return fit_method(estimator, *args, **kwargs)
/share/yangxizhong/env/anaconda/envs/deepconf/lib/python3.11/site-packages/sklearn/base.py:1365: ConvergenceWarning: Number of distinct clusters (1) found smaller than n_clusters (2). Possibly due to duplicate points in X.
  return fit_method(estimator, *args, **kwargs)
/share/yangxizhong/env/anaconda/envs/deepconf/lib/python3.11/site-packages/sklearn/base.py:1365: ConvergenceWarning: Number of distinct clusters (1) found smaller than n_clusters (2). Possibly due to duplicate points in X.
  return fit_method(estimator, *args, **kwargs)
/share/yangxizhong/env/anaconda/envs/deepconf/lib/python3.11/site-packages/sklearn/base.py:1365: ConvergenceWarning: Number of distinct clusters (1) found smaller than n_clusters (2). Possibly due to duplicate points in X.
  return fit_method(estimator, *args, **kwargs)
/share/yangxizhong/env/anaconda/envs/deepconf/lib/python3.11/site-packages/sklearn/base.py:1365: ConvergenceWarning: Number of distinct clusters (1) found smaller than n_clusters (2). Possibly due to duplicate points in X.
  return fit_method(estimator, *args, **kwargs)
/share/yangxizhong/env/anaconda/envs/deepconf/lib/python3.11/site-packages/sklearn/base.py:1365: ConvergenceWarning: Number of distinct clusters (1) found smaller than n_clusters (2). Possibly due to duplicate points in X.
  return fit_method(estimator, *args, **kwargs)
/share/yangxizhong/env/anaconda/envs/deepconf/lib/python3.11/site-packages/sklearn/base.py:1365: ConvergenceWarning: Number of distinct clusters (1) found smaller than n_clusters (2). Possibly due to duplicate points in X.
  return fit_method(estimator, *args, **kwargs)
/share/yangxizhong/env/anaconda/envs/deepconf/lib/python3.11/site-packages/sklearn/base.py:1365: ConvergenceWarning: Number of distinct clusters (1) found smaller than n_clusters (2). Possibly due to duplicate points in X.
  return fit_method(estimator, *args, **kwargs)
/share/yangxizhong/env/anaconda/envs/deepconf/lib/python3.11/site-packages/sklearn/base.py:1365: ConvergenceWarning: Number of distinct clusters (1) found smaller than n_clusters (2). Possibly due to duplicate points in X.
  return fit_method(estimator, *args, **kwargs)
/share/yangxizhong/env/anaconda/envs/deepconf/lib/python3.11/site-packages/sklearn/base.py:1365: ConvergenceWarning: Number of distinct clusters (1) found smaller than n_clusters (2). Possibly due to duplicate points in X.
  return fit_method(estimator, *args, **kwargs)
/share/yangxizhong/env/anaconda/envs/deepconf/lib/python3.11/site-packages/sklearn/base.py:1365: ConvergenceWarning: Number of distinct clusters (1) found smaller than n_clusters (2). Possibly due to duplicate points in X.
  return fit_method(estimator, *args, **kwargs)
/share/yangxizhong/env/anaconda/envs/deepconf/lib/python3.11/site-packages/sklearn/base.py:1365: ConvergenceWarning: Number of distinct clusters (1) found smaller than n_clusters (2). Possibly due to duplicate points in X.
  return fit_method(estimator, *args, **kwargs)
/share/yangxizhong/env/anaconda/envs/deepconf/lib/python3.11/site-packages/sklearn/base.py:1365: ConvergenceWarning: Number of distinct clusters (1) found smaller than n_clusters (2). Possibly due to duplicate points in X.
  return fit_method(estimator, *args, **kwargs)
/share/yangxizhong/env/anaconda/envs/deepconf/lib/python3.11/site-packages/sklearn/base.py:1365: ConvergenceWarning: Number of distinct clusters (1) found smaller than n_clusters (2). Possibly due to duplicate points in X.
  return fit_method(estimator, *args, **kwargs)
/share/yangxizhong/env/anaconda/envs/deepconf/lib/python3.11/site-packages/sklearn/base.py:1365: ConvergenceWarning: Number of distinct clusters (1) found smaller than n_clusters (2). Possibly due to duplicate points in X.
  return fit_method(estimator, *args, **kwargs)
/share/yangxizhong/env/anaconda/envs/deepconf/lib/python3.11/site-packages/sklearn/base.py:1365: ConvergenceWarning: Number of distinct clusters (1) found smaller than n_clusters (2). Possibly due to duplicate points in X.
  return fit_method(estimator, *args, **kwargs)
/share/yangxizhong/env/anaconda/envs/deepconf/lib/python3.11/site-packages/sklearn/base.py:1365: ConvergenceWarning: Number of distinct clusters (1) found smaller than n_clusters (2). Possibly due to duplicate points in X.
  return fit_method(estimator, *args, **kwargs)
/share/yangxizhong/env/anaconda/envs/deepconf/lib/python3.11/site-packages/sklearn/base.py:1365: ConvergenceWarning: Number of distinct clusters (1) found smaller than n_clusters (2). Possibly due to duplicate points in X.
  return fit_method(estimator, *args, **kwargs)
/share/yangxizhong/env/anaconda/envs/deepconf/lib/python3.11/site-packages/sklearn/base.py:1365: ConvergenceWarning: Number of distinct clusters (1) found smaller than n_clusters (2). Possibly due to duplicate points in X.
  return fit_method(estimator, *args, **kwargs)
/share/yangxizhong/env/anaconda/envs/deepconf/lib/python3.11/site-packages/sklearn/base.py:1365: ConvergenceWarning: Number of distinct clusters (1) found smaller than n_clusters (2). Possibly due to duplicate points in X.
  return fit_method(estimator, *args, **kwargs)
/share/yangxizhong/env/anaconda/envs/deepconf/lib/python3.11/site-packages/sklearn/base.py:1365: ConvergenceWarning: Number of distinct clusters (1) found smaller than n_clusters (2). Possibly due to duplicate points in X.
  return fit_method(estimator, *args, **kwargs)
/share/yangxizhong/env/anaconda/envs/deepconf/lib/python3.11/site-packages/sklearn/base.py:1365: ConvergenceWarning: Number of distinct clusters (1) found smaller than n_clusters (2). Possibly due to duplicate points in X.
  return fit_method(estimator, *args, **kwargs)
/share/yangxizhong/env/anaconda/envs/deepconf/lib/python3.11/site-packages/sklearn/base.py:1365: ConvergenceWarning: Number of distinct clusters (1) found smaller than n_clusters (2). Possibly due to duplicate points in X.
  return fit_method(estimator, *args, **kwargs)
/share/yangxizhong/env/anaconda/envs/deepconf/lib/python3.11/site-packages/sklearn/base.py:1365: ConvergenceWarning: Number of distinct clusters (1) found smaller than n_clusters (2). Possibly due to duplicate points in X.
  return fit_method(estimator, *args, **kwargs)
/share/yangxizhong/env/anaconda/envs/deepconf/lib/python3.11/site-packages/sklearn/base.py:1365: ConvergenceWarning: Number of distinct clusters (1) found smaller than n_clusters (2). Possibly due to duplicate points in X.
  return fit_method(estimator, *args, **kwargs)
/share/yangxizhong/env/anaconda/envs/deepconf/lib/python3.11/site-packages/sklearn/base.py:1365: ConvergenceWarning: Number of distinct clusters (1) found smaller than n_clusters (2). Possibly due to duplicate points in X.
  return fit_method(estimator, *args, **kwargs)
/share/yangxizhong/env/anaconda/envs/deepconf/lib/python3.11/site-packages/sklearn/base.py:1365: ConvergenceWarning: Number of distinct clusters (1) found smaller than n_clusters (2). Possibly due to duplicate points in X.
  return fit_method(estimator, *args, **kwargs)
/share/yangxizhong/env/anaconda/envs/deepconf/lib/python3.11/site-packages/sklearn/base.py:1365: ConvergenceWarning: Number of distinct clusters (1) found smaller than n_clusters (2). Possibly due to duplicate points in X.
  return fit_method(estimator, *args, **kwargs)
/share/yangxizhong/env/anaconda/envs/deepconf/lib/python3.11/site-packages/sklearn/base.py:1365: ConvergenceWarning: Number of distinct clusters (1) found smaller than n_clusters (2). Possibly due to duplicate points in X.
  return fit_method(estimator, *args, **kwargs)
/share/yangxizhong/env/anaconda/envs/deepconf/lib/python3.11/site-packages/sklearn/base.py:1365: ConvergenceWarning: Number of distinct clusters (1) found smaller than n_clusters (2). Possibly due to duplicate points in X.
  return fit_method(estimator, *args, **kwargs)
/share/yangxizhong/env/anaconda/envs/deepconf/lib/python3.11/site-packages/sklearn/base.py:1365: ConvergenceWarning: Number of distinct clusters (1) found smaller than n_clusters (2). Possibly due to duplicate points in X.
  return fit_method(estimator, *args, **kwargs)
/share/yangxizhong/env/anaconda/envs/deepconf/lib/python3.11/site-packages/sklearn/base.py:1365: ConvergenceWarning: Number of distinct clusters (1) found smaller than n_clusters (2). Possibly due to duplicate points in X.
  return fit_method(estimator, *args, **kwargs)
/share/yangxizhong/env/anaconda/envs/deepconf/lib/python3.11/site-packages/sklearn/base.py:1365: ConvergenceWarning: Number of distinct clusters (1) found smaller than n_clusters (2). Possibly due to duplicate points in X.
  return fit_method(estimator, *args, **kwargs)
/share/yangxizhong/env/anaconda/envs/deepconf/lib/python3.11/site-packages/sklearn/base.py:1365: ConvergenceWarning: Number of distinct clusters (1) found smaller than n_clusters (2). Possibly due to duplicate points in X.
  return fit_method(estimator, *args, **kwargs)
/share/yangxizhong/env/anaconda/envs/deepconf/lib/python3.11/site-packages/sklearn/base.py:1365: ConvergenceWarning: Number of distinct clusters (1) found smaller than n_clusters (2). Possibly due to duplicate points in X.
  return fit_method(estimator, *args, **kwargs)
/share/yangxizhong/env/anaconda/envs/deepconf/lib/python3.11/site-packages/sklearn/base.py:1365: ConvergenceWarning: Number of distinct clusters (1) found smaller than n_clusters (2). Possibly due to duplicate points in X.
  return fit_method(estimator, *args, **kwargs)
/share/yangxizhong/env/anaconda/envs/deepconf/lib/python3.11/site-packages/sklearn/base.py:1365: ConvergenceWarning: Number of distinct clusters (1) found smaller than n_clusters (2). Possibly due to duplicate points in X.
  return fit_method(estimator, *args, **kwargs)
/share/yangxizhong/env/anaconda/envs/deepconf/lib/python3.11/site-packages/sklearn/base.py:1365: ConvergenceWarning: Number of distinct clusters (1) found smaller than n_clusters (2). Possibly due to duplicate points in X.
  return fit_method(estimator, *args, **kwargs)
/share/yangxizhong/env/anaconda/envs/deepconf/lib/python3.11/site-packages/sklearn/base.py:1365: ConvergenceWarning: Number of distinct clusters (1) found smaller than n_clusters (2). Possibly due to duplicate points in X.
  return fit_method(estimator, *args, **kwargs)
/share/yangxizhong/env/anaconda/envs/deepconf/lib/python3.11/site-packages/sklearn/base.py:1365: ConvergenceWarning: Number of distinct clusters (1) found smaller than n_clusters (2). Possibly due to duplicate points in X.
  return fit_method(estimator, *args, **kwargs)
/share/yangxizhong/env/anaconda/envs/deepconf/lib/python3.11/site-packages/sklearn/base.py:1365: ConvergenceWarning: Number of distinct clusters (1) found smaller than n_clusters (2). Possibly due to duplicate points in X.
  return fit_method(estimator, *args, **kwargs)
/share/yangxizhong/env/anaconda/envs/deepconf/lib/python3.11/site-packages/sklearn/base.py:1365: ConvergenceWarning: Number of distinct clusters (1) found smaller than n_clusters (2). Possibly due to duplicate points in X.
  return fit_method(estimator, *args, **kwargs)
/share/yangxizhong/env/anaconda/envs/deepconf/lib/python3.11/site-packages/sklearn/base.py:1365: ConvergenceWarning: Number of distinct clusters (1) found smaller than n_clusters (2). Possibly due to duplicate points in X.
  return fit_method(estimator, *args, **kwargs)
/share/yangxizhong/env/anaconda/envs/deepconf/lib/python3.11/site-packages/sklearn/base.py:1365: ConvergenceWarning: Number of distinct clusters (1) found smaller than n_clusters (2). Possibly due to duplicate points in X.
  return fit_method(estimator, *args, **kwargs)
/share/yangxizhong/env/anaconda/envs/deepconf/lib/python3.11/site-packages/sklearn/base.py:1365: ConvergenceWarning: Number of distinct clusters (1) found smaller than n_clusters (2). Possibly due to duplicate points in X.
  return fit_method(estimator, *args, **kwargs)
/share/yangxizhong/env/anaconda/envs/deepconf/lib/python3.11/site-packages/sklearn/base.py:1365: ConvergenceWarning: Number of distinct clusters (1) found smaller than n_clusters (2). Possibly due to duplicate points in X.
  return fit_method(estimator, *args, **kwargs)
/share/yangxizhong/env/anaconda/envs/deepconf/lib/python3.11/site-packages/sklearn/base.py:1365: ConvergenceWarning: Number of distinct clusters (1) found smaller than n_clusters (2). Possibly due to duplicate points in X.
  return fit_method(estimator, *args, **kwargs)
/share/yangxizhong/env/anaconda/envs/deepconf/lib/python3.11/site-packages/sklearn/base.py:1365: ConvergenceWarning: Number of distinct clusters (1) found smaller than n_clusters (2). Possibly due to duplicate points in X.
  return fit_method(estimator, *args, **kwargs)
/share/yangxizhong/env/anaconda/envs/deepconf/lib/python3.11/site-packages/sklearn/base.py:1365: ConvergenceWarning: Number of distinct clusters (1) found smaller than n_clusters (2). Possibly due to duplicate points in X.
  return fit_method(estimator, *args, **kwargs)
/share/yangxizhong/env/anaconda/envs/deepconf/lib/python3.11/site-packages/sklearn/base.py:1365: ConvergenceWarning: Number of distinct clusters (1) found smaller than n_clusters (2). Possibly due to duplicate points in X.
  return fit_method(estimator, *args, **kwargs)
/share/yangxizhong/env/anaconda/envs/deepconf/lib/python3.11/site-packages/sklearn/base.py:1365: ConvergenceWarning: Number of distinct clusters (1) found smaller than n_clusters (2). Possibly due to duplicate points in X.
  return fit_method(estimator, *args, **kwargs)
/share/yangxizhong/env/anaconda/envs/deepconf/lib/python3.11/site-packages/sklearn/base.py:1365: ConvergenceWarning: Number of distinct clusters (1) found smaller than n_clusters (2). Possibly due to duplicate points in X.
  return fit_method(estimator, *args, **kwargs)
/share/yangxizhong/env/anaconda/envs/deepconf/lib/python3.11/site-packages/sklearn/base.py:1365: ConvergenceWarning: Number of distinct clusters (1) found smaller than n_clusters (2). Possibly due to duplicate points in X.
  return fit_method(estimator, *args, **kwargs)
/share/yangxizhong/env/anaconda/envs/deepconf/lib/python3.11/site-packages/sklearn/base.py:1365: ConvergenceWarning: Number of distinct clusters (1) found smaller than n_clusters (2). Possibly due to duplicate points in X.
  return fit_method(estimator, *args, **kwargs)
/share/yangxizhong/env/anaconda/envs/deepconf/lib/python3.11/site-packages/sklearn/base.py:1365: ConvergenceWarning: Number of distinct clusters (1) found smaller than n_clusters (2). Possibly due to duplicate points in X.
  return fit_method(estimator, *args, **kwargs)
/share/yangxizhong/env/anaconda/envs/deepconf/lib/python3.11/site-packages/sklearn/base.py:1365: ConvergenceWarning: Number of distinct clusters (1) found smaller than n_clusters (2). Possibly due to duplicate points in X.
  return fit_method(estimator, *args, **kwargs)
/share/yangxizhong/env/anaconda/envs/deepconf/lib/python3.11/site-packages/sklearn/base.py:1365: ConvergenceWarning: Number of distinct clusters (1) found smaller than n_clusters (2). Possibly due to duplicate points in X.
  return fit_method(estimator, *args, **kwargs)
/share/yangxizhong/env/anaconda/envs/deepconf/lib/python3.11/site-packages/sklearn/base.py:1365: ConvergenceWarning: Number of distinct clusters (1) found smaller than n_clusters (2). Possibly due to duplicate points in X.
  return fit_method(estimator, *args, **kwargs)
/share/yangxizhong/env/anaconda/envs/deepconf/lib/python3.11/site-packages/sklearn/base.py:1365: ConvergenceWarning: Number of distinct clusters (1) found smaller than n_clusters (2). Possibly due to duplicate points in X.
  return fit_method(estimator, *args, **kwargs)
/share/yangxizhong/env/anaconda/envs/deepconf/lib/python3.11/site-packages/sklearn/base.py:1365: ConvergenceWarning: Number of distinct clusters (1) found smaller than n_clusters (2). Possibly due to duplicate points in X.
  return fit_method(estimator, *args, **kwargs)
/share/yangxizhong/env/anaconda/envs/deepconf/lib/python3.11/site-packages/sklearn/base.py:1365: ConvergenceWarning: Number of distinct clusters (1) found smaller than n_clusters (2). Possibly due to duplicate points in X.
  return fit_method(estimator, *args, **kwargs)
/share/yangxizhong/env/anaconda/envs/deepconf/lib/python3.11/site-packages/sklearn/base.py:1365: ConvergenceWarning: Number of distinct clusters (1) found smaller than n_clusters (2). Possibly due to duplicate points in X.
  return fit_method(estimator, *args, **kwargs)
/share/yangxizhong/env/anaconda/envs/deepconf/lib/python3.11/site-packages/sklearn/base.py:1365: ConvergenceWarning: Number of distinct clusters (1) found smaller than n_clusters (2). Possibly due to duplicate points in X.
  return fit_method(estimator, *args, **kwargs)
/share/yangxizhong/env/anaconda/envs/deepconf/lib/python3.11/site-packages/sklearn/base.py:1365: ConvergenceWarning: Number of distinct clusters (1) found smaller than n_clusters (2). Possibly due to duplicate points in X.
  return fit_method(estimator, *args, **kwargs)
/share/yangxizhong/env/anaconda/envs/deepconf/lib/python3.11/site-packages/sklearn/base.py:1365: ConvergenceWarning: Number of distinct clusters (1) found smaller than n_clusters (2). Possibly due to duplicate points in X.
  return fit_method(estimator, *args, **kwargs)
/share/yangxizhong/env/anaconda/envs/deepconf/lib/python3.11/site-packages/sklearn/base.py:1365: ConvergenceWarning: Number of distinct clusters (1) found smaller than n_clusters (2). Possibly due to duplicate points in X.
  return fit_method(estimator, *args, **kwargs)
/share/yangxizhong/env/anaconda/envs/deepconf/lib/python3.11/site-packages/sklearn/base.py:1365: ConvergenceWarning: Number of distinct clusters (1) found smaller than n_clusters (2). Possibly due to duplicate points in X.
  return fit_method(estimator, *args, **kwargs)
/share/yangxizhong/env/anaconda/envs/deepconf/lib/python3.11/site-packages/sklearn/base.py:1365: ConvergenceWarning: Number of distinct clusters (1) found smaller than n_clusters (2). Possibly due to duplicate points in X.
  return fit_method(estimator, *args, **kwargs)
/share/yangxizhong/env/anaconda/envs/deepconf/lib/python3.11/site-packages/sklearn/base.py:1365: ConvergenceWarning: Number of distinct clusters (1) found smaller than n_clusters (2). Possibly due to duplicate points in X.
  return fit_method(estimator, *args, **kwargs)
/share/yangxizhong/env/anaconda/envs/deepconf/lib/python3.11/site-packages/sklearn/base.py:1365: ConvergenceWarning: Number of distinct clusters (1) found smaller than n_clusters (2). Possibly due to duplicate points in X.
  return fit_method(estimator, *args, **kwargs)
/share/yangxizhong/env/anaconda/envs/deepconf/lib/python3.11/site-packages/sklearn/base.py:1365: ConvergenceWarning: Number of distinct clusters (1) found smaller than n_clusters (2). Possibly due to duplicate points in X.
  return fit_method(estimator, *args, **kwargs)
/share/yangxizhong/env/anaconda/envs/deepconf/lib/python3.11/site-packages/sklearn/base.py:1365: ConvergenceWarning: Number of distinct clusters (1) found smaller than n_clusters (2). Possibly due to duplicate points in X.
  return fit_method(estimator, *args, **kwargs)
/share/yangxizhong/env/anaconda/envs/deepconf/lib/python3.11/site-packages/sklearn/base.py:1365: ConvergenceWarning: Number of distinct clusters (1) found smaller than n_clusters (2). Possibly due to duplicate points in X.
  return fit_method(estimator, *args, **kwargs)
/share/yangxizhong/env/anaconda/envs/deepconf/lib/python3.11/site-packages/sklearn/base.py:1365: ConvergenceWarning: Number of distinct clusters (1) found smaller than n_clusters (2). Possibly due to duplicate points in X.
  return fit_method(estimator, *args, **kwargs)
/share/yangxizhong/env/anaconda/envs/deepconf/lib/python3.11/site-packages/sklearn/base.py:1365: ConvergenceWarning: Number of distinct clusters (1) found smaller than n_clusters (2). Possibly due to duplicate points in X.
  return fit_method(estimator, *args, **kwargs)
/share/yangxizhong/env/anaconda/envs/deepconf/lib/python3.11/site-packages/sklearn/base.py:1365: ConvergenceWarning: Number of distinct clusters (1) found smaller than n_clusters (2). Possibly due to duplicate points in X.
  return fit_method(estimator, *args, **kwargs)
/share/yangxizhong/env/anaconda/envs/deepconf/lib/python3.11/site-packages/sklearn/base.py:1365: ConvergenceWarning: Number of distinct clusters (1) found smaller than n_clusters (2). Possibly due to duplicate points in X.
  return fit_method(estimator, *args, **kwargs)
/share/yangxizhong/env/anaconda/envs/deepconf/lib/python3.11/site-packages/sklearn/base.py:1365: ConvergenceWarning: Number of distinct clusters (1) found smaller than n_clusters (2). Possibly due to duplicate points in X.
  return fit_method(estimator, *args, **kwargs)
/share/yangxizhong/env/anaconda/envs/deepconf/lib/python3.11/site-packages/sklearn/base.py:1365: ConvergenceWarning: Number of distinct clusters (1) found smaller than n_clusters (2). Possibly due to duplicate points in X.
  return fit_method(estimator, *args, **kwargs)
/share/yangxizhong/env/anaconda/envs/deepconf/lib/python3.11/site-packages/sklearn/base.py:1365: ConvergenceWarning: Number of distinct clusters (1) found smaller than n_clusters (2). Possibly due to duplicate points in X.
  return fit_method(estimator, *args, **kwargs)
/share/yangxizhong/env/anaconda/envs/deepconf/lib/python3.11/site-packages/sklearn/base.py:1365: ConvergenceWarning: Number of distinct clusters (1) found smaller than n_clusters (2). Possibly due to duplicate points in X.
  return fit_method(estimator, *args, **kwargs)
/share/yangxizhong/env/anaconda/envs/deepconf/lib/python3.11/site-packages/sklearn/base.py:1365: ConvergenceWarning: Number of distinct clusters (1) found smaller than n_clusters (2). Possibly due to duplicate points in X.
  return fit_method(estimator, *args, **kwargs)
/share/yangxizhong/env/anaconda/envs/deepconf/lib/python3.11/site-packages/sklearn/base.py:1365: ConvergenceWarning: Number of distinct clusters (1) found smaller than n_clusters (2). Possibly due to duplicate points in X.
  return fit_method(estimator, *args, **kwargs)
/share/yangxizhong/env/anaconda/envs/deepconf/lib/python3.11/site-packages/sklearn/base.py:1365: ConvergenceWarning: Number of distinct clusters (1) found smaller than n_clusters (2). Possibly due to duplicate points in X.
  return fit_method(estimator, *args, **kwargs)
/share/yangxizhong/env/anaconda/envs/deepconf/lib/python3.11/site-packages/sklearn/base.py:1365: ConvergenceWarning: Number of distinct clusters (1) found smaller than n_clusters (2). Possibly due to duplicate points in X.
  return fit_method(estimator, *args, **kwargs)
/share/yangxizhong/env/anaconda/envs/deepconf/lib/python3.11/site-packages/sklearn/base.py:1365: ConvergenceWarning: Number of distinct clusters (1) found smaller than n_clusters (2). Possibly due to duplicate points in X.
  return fit_method(estimator, *args, **kwargs)
/share/yangxizhong/env/anaconda/envs/deepconf/lib/python3.11/site-packages/sklearn/base.py:1365: ConvergenceWarning: Number of distinct clusters (1) found smaller than n_clusters (2). Possibly due to duplicate points in X.
  return fit_method(estimator, *args, **kwargs)
/share/yangxizhong/env/anaconda/envs/deepconf/lib/python3.11/site-packages/sklearn/base.py:1365: ConvergenceWarning: Number of distinct clusters (1) found smaller than n_clusters (2). Possibly due to duplicate points in X.
  return fit_method(estimator, *args, **kwargs)
/share/yangxizhong/env/anaconda/envs/deepconf/lib/python3.11/site-packages/sklearn/base.py:1365: ConvergenceWarning: Number of distinct clusters (1) found smaller than n_clusters (2). Possibly due to duplicate points in X.
  return fit_method(estimator, *args, **kwargs)
/share/yangxizhong/env/anaconda/envs/deepconf/lib/python3.11/site-packages/sklearn/base.py:1365: ConvergenceWarning: Number of distinct clusters (1) found smaller than n_clusters (2). Possibly due to duplicate points in X.
  return fit_method(estimator, *args, **kwargs)
/share/yangxizhong/env/anaconda/envs/deepconf/lib/python3.11/site-packages/sklearn/base.py:1365: ConvergenceWarning: Number of distinct clusters (1) found smaller than n_clusters (2). Possibly due to duplicate points in X.
  return fit_method(estimator, *args, **kwargs)
/share/yangxizhong/env/anaconda/envs/deepconf/lib/python3.11/site-packages/sklearn/base.py:1365: ConvergenceWarning: Number of distinct clusters (1) found smaller than n_clusters (2). Possibly due to duplicate points in X.
  return fit_method(estimator, *args, **kwargs)
/share/yangxizhong/env/anaconda/envs/deepconf/lib/python3.11/site-packages/sklearn/base.py:1365: ConvergenceWarning: Number of distinct clusters (1) found smaller than n_clusters (2). Possibly due to duplicate points in X.
  return fit_method(estimator, *args, **kwargs)
/share/yangxizhong/env/anaconda/envs/deepconf/lib/python3.11/site-packages/sklearn/base.py:1365: ConvergenceWarning: Number of distinct clusters (1) found smaller than n_clusters (2). Possibly due to duplicate points in X.
  return fit_method(estimator, *args, **kwargs)
/share/yangxizhong/env/anaconda/envs/deepconf/lib/python3.11/site-packages/sklearn/base.py:1365: ConvergenceWarning: Number of distinct clusters (1) found smaller than n_clusters (2). Possibly due to duplicate points in X.
  return fit_method(estimator, *args, **kwargs)
/share/yangxizhong/env/anaconda/envs/deepconf/lib/python3.11/site-packages/sklearn/base.py:1365: ConvergenceWarning: Number of distinct clusters (1) found smaller than n_clusters (2). Possibly due to duplicate points in X.
  return fit_method(estimator, *args, **kwargs)
/share/yangxizhong/env/anaconda/envs/deepconf/lib/python3.11/site-packages/sklearn/base.py:1365: ConvergenceWarning: Number of distinct clusters (1) found smaller than n_clusters (2). Possibly due to duplicate points in X.
  return fit_method(estimator, *args, **kwargs)
/share/yangxizhong/env/anaconda/envs/deepconf/lib/python3.11/site-packages/sklearn/base.py:1365: ConvergenceWarning: Number of distinct clusters (1) found smaller than n_clusters (2). Possibly due to duplicate points in X.
  return fit_method(estimator, *args, **kwargs)
/share/yangxizhong/env/anaconda/envs/deepconf/lib/python3.11/site-packages/sklearn/base.py:1365: ConvergenceWarning: Number of distinct clusters (1) found smaller than n_clusters (2). Possibly due to duplicate points in X.
  return fit_method(estimator, *args, **kwargs)
/share/yangxizhong/env/anaconda/envs/deepconf/lib/python3.11/site-packages/sklearn/base.py:1365: ConvergenceWarning: Number of distinct clusters (1) found smaller than n_clusters (2). Possibly due to duplicate points in X.
  return fit_method(estimator, *args, **kwargs)
/share/yangxizhong/env/anaconda/envs/deepconf/lib/python3.11/site-packages/sklearn/base.py:1365: ConvergenceWarning: Number of distinct clusters (1) found smaller than n_clusters (2). Possibly due to duplicate points in X.
  return fit_method(estimator, *args, **kwargs)
/share/yangxizhong/env/anaconda/envs/deepconf/lib/python3.11/site-packages/sklearn/base.py:1365: ConvergenceWarning: Number of distinct clusters (1) found smaller than n_clusters (2). Possibly due to duplicate points in X.
  return fit_method(estimator, *args, **kwargs)
/share/yangxizhong/env/anaconda/envs/deepconf/lib/python3.11/site-packages/sklearn/base.py:1365: ConvergenceWarning: Number of distinct clusters (1) found smaller than n_clusters (2). Possibly due to duplicate points in X.
  return fit_method(estimator, *args, **kwargs)
/share/yangxizhong/env/anaconda/envs/deepconf/lib/python3.11/site-packages/sklearn/base.py:1365: ConvergenceWarning: Number of distinct clusters (1) found smaller than n_clusters (2). Possibly due to duplicate points in X.
  return fit_method(estimator, *args, **kwargs)
/share/yangxizhong/env/anaconda/envs/deepconf/lib/python3.11/site-packages/sklearn/base.py:1365: ConvergenceWarning: Number of distinct clusters (1) found smaller than n_clusters (2). Possibly due to duplicate points in X.
  return fit_method(estimator, *args, **kwargs)
/share/yangxizhong/env/anaconda/envs/deepconf/lib/python3.11/site-packages/sklearn/base.py:1365: ConvergenceWarning: Number of distinct clusters (1) found smaller than n_clusters (2). Possibly due to duplicate points in X.
  return fit_method(estimator, *args, **kwargs)
/share/yangxizhong/env/anaconda/envs/deepconf/lib/python3.11/site-packages/sklearn/base.py:1365: ConvergenceWarning: Number of distinct clusters (1) found smaller than n_clusters (2). Possibly due to duplicate points in X.
  return fit_method(estimator, *args, **kwargs)
/share/yangxizhong/env/anaconda/envs/deepconf/lib/python3.11/site-packages/sklearn/base.py:1365: ConvergenceWarning: Number of distinct clusters (1) found smaller than n_clusters (2). Possibly due to duplicate points in X.
  return fit_method(estimator, *args, **kwargs)
/share/yangxizhong/env/anaconda/envs/deepconf/lib/python3.11/site-packages/sklearn/base.py:1365: ConvergenceWarning: Number of distinct clusters (1) found smaller than n_clusters (2). Possibly due to duplicate points in X.
  return fit_method(estimator, *args, **kwargs)
/share/yangxizhong/env/anaconda/envs/deepconf/lib/python3.11/site-packages/sklearn/base.py:1365: ConvergenceWarning: Number of distinct clusters (1) found smaller than n_clusters (2). Possibly due to duplicate points in X.
  return fit_method(estimator, *args, **kwargs)
/share/yangxizhong/env/anaconda/envs/deepconf/lib/python3.11/site-packages/sklearn/base.py:1365: ConvergenceWarning: Number of distinct clusters (1) found smaller than n_clusters (2). Possibly due to duplicate points in X.
  return fit_method(estimator, *args, **kwargs)
/share/yangxizhong/env/anaconda/envs/deepconf/lib/python3.11/site-packages/sklearn/base.py:1365: ConvergenceWarning: Number of distinct clusters (1) found smaller than n_clusters (2). Possibly due to duplicate points in X.
  return fit_method(estimator, *args, **kwargs)
/share/yangxizhong/env/anaconda/envs/deepconf/lib/python3.11/site-packages/sklearn/base.py:1365: ConvergenceWarning: Number of distinct clusters (1) found smaller than n_clusters (2). Possibly due to duplicate points in X.
  return fit_method(estimator, *args, **kwargs)
/share/yangxizhong/env/anaconda/envs/deepconf/lib/python3.11/site-packages/sklearn/base.py:1365: ConvergenceWarning: Number of distinct clusters (1) found smaller than n_clusters (2). Possibly due to duplicate points in X.
  return fit_method(estimator, *args, **kwargs)
/share/yangxizhong/env/anaconda/envs/deepconf/lib/python3.11/site-packages/sklearn/base.py:1365: ConvergenceWarning: Number of distinct clusters (1) found smaller than n_clusters (2). Possibly due to duplicate points in X.
  return fit_method(estimator, *args, **kwargs)
/share/yangxizhong/env/anaconda/envs/deepconf/lib/python3.11/site-packages/sklearn/base.py:1365: ConvergenceWarning: Number of distinct clusters (1) found smaller than n_clusters (2). Possibly due to duplicate points in X.
  return fit_method(estimator, *args, **kwargs)
/share/yangxizhong/env/anaconda/envs/deepconf/lib/python3.11/site-packages/sklearn/base.py:1365: ConvergenceWarning: Number of distinct clusters (1) found smaller than n_clusters (2). Possibly due to duplicate points in X.
  return fit_method(estimator, *args, **kwargs)
/share/yangxizhong/env/anaconda/envs/deepconf/lib/python3.11/site-packages/sklearn/base.py:1365: ConvergenceWarning: Number of distinct clusters (1) found smaller than n_clusters (2). Possibly due to duplicate points in X.
  return fit_method(estimator, *args, **kwargs)
/share/yangxizhong/env/anaconda/envs/deepconf/lib/python3.11/site-packages/sklearn/base.py:1365: ConvergenceWarning: Number of distinct clusters (1) found smaller than n_clusters (2). Possibly due to duplicate points in X.
  return fit_method(estimator, *args, **kwargs)
/share/yangxizhong/env/anaconda/envs/deepconf/lib/python3.11/site-packages/sklearn/base.py:1365: ConvergenceWarning: Number of distinct clusters (1) found smaller than n_clusters (2). Possibly due to duplicate points in X.
  return fit_method(estimator, *args, **kwargs)
/share/yangxizhong/env/anaconda/envs/deepconf/lib/python3.11/site-packages/sklearn/base.py:1365: ConvergenceWarning: Number of distinct clusters (1) found smaller than n_clusters (2). Possibly due to duplicate points in X.
  return fit_method(estimator, *args, **kwargs)
/share/yangxizhong/env/anaconda/envs/deepconf/lib/python3.11/site-packages/sklearn/base.py:1365: ConvergenceWarning: Number of distinct clusters (1) found smaller than n_clusters (2). Possibly due to duplicate points in X.
  return fit_method(estimator, *args, **kwargs)
/share/yangxizhong/env/anaconda/envs/deepconf/lib/python3.11/site-packages/sklearn/base.py:1365: ConvergenceWarning: Number of distinct clusters (1) found smaller than n_clusters (2). Possibly due to duplicate points in X.
  return fit_method(estimator, *args, **kwargs)
/share/yangxizhong/env/anaconda/envs/deepconf/lib/python3.11/site-packages/sklearn/base.py:1365: ConvergenceWarning: Number of distinct clusters (1) found smaller than n_clusters (2). Possibly due to duplicate points in X.
  return fit_method(estimator, *args, **kwargs)
/share/yangxizhong/env/anaconda/envs/deepconf/lib/python3.11/site-packages/sklearn/base.py:1365: ConvergenceWarning: Number of distinct clusters (1) found smaller than n_clusters (2). Possibly due to duplicate points in X.
  return fit_method(estimator, *args, **kwargs)
/share/yangxizhong/env/anaconda/envs/deepconf/lib/python3.11/site-packages/sklearn/base.py:1365: ConvergenceWarning: Number of distinct clusters (1) found smaller than n_clusters (2). Possibly due to duplicate points in X.
  return fit_method(estimator, *args, **kwargs)
/share/yangxizhong/env/anaconda/envs/deepconf/lib/python3.11/site-packages/sklearn/base.py:1365: ConvergenceWarning: Number of distinct clusters (1) found smaller than n_clusters (2). Possibly due to duplicate points in X.
  return fit_method(estimator, *args, **kwargs)
/share/yangxizhong/env/anaconda/envs/deepconf/lib/python3.11/site-packages/sklearn/base.py:1365: ConvergenceWarning: Number of distinct clusters (1) found smaller than n_clusters (2). Possibly due to duplicate points in X.
  return fit_method(estimator, *args, **kwargs)
/share/yangxizhong/env/anaconda/envs/deepconf/lib/python3.11/site-packages/sklearn/base.py:1365: ConvergenceWarning: Number of distinct clusters (1) found smaller than n_clusters (2). Possibly due to duplicate points in X.
  return fit_method(estimator, *args, **kwargs)
/share/yangxizhong/env/anaconda/envs/deepconf/lib/python3.11/site-packages/sklearn/base.py:1365: ConvergenceWarning: Number of distinct clusters (1) found smaller than n_clusters (2). Possibly due to duplicate points in X.
  return fit_method(estimator, *args, **kwargs)
 85%|████████▍ | 11/13 [21:45<06:16, 188.46s/it] 92%|█████████▏| 12/13 [22:19<02:21, 141.33s/it]100%|██████████| 13/13 [22:58<00:00, 110.46s/it]100%|██████████| 13/13 [22:58<00:00, 106.06s/it]
Processing SC with params (0, 0, 'SC', None, None)
Processing 29 files with threading...
hmmt2025_ssc voting acc: 0.20743534482758622
Processing 198 files with threading...
gpqad_ssc voting acc: 0.5574494949494949
Processing 30 files with threading...
aime2024_ssc voting acc: 0.49947916666666664
Processing 29 files with threading...
aime2025_ssc voting acc: 0.3232758620689655
Processing 29 files with threading...
brumo2025_ssc voting acc: 0.5043103448275862
结果已动态更新到: /share/yangxizhong/workspace/step_level_deepconf/output/result/voting/Qwen3-14B-NonThinking-core-All-Avg64ofB128-AllAblation-ssc-repeat3.xlsx
Processing BoN with params (0, 0, 'BoN', None, None)
Processing 29 files with threading...
hmmt2025_ssc voting acc: 0.1724137931034483
Processing 198 files with threading...
gpqad_ssc voting acc: 0.5405618686868687
Processing 30 files with threading...
aime2024_ssc voting acc: 0.4083333333333333
Processing 29 files with threading...
aime2025_ssc voting acc: 0.37176724137931033
Processing 29 files with threading...
brumo2025_ssc voting acc: 0.3550646551724138
结果已动态更新到: /share/yangxizhong/workspace/step_level_deepconf/output/result/voting/Qwen3-14B-NonThinking-core-All-Avg64ofB128-AllAblation-ssc-repeat3.xlsx
Processing MoB-Adaptive with params (1, 0, 'MoB-Adaptive', None, None)
Processing 29 files with threading...
hmmt2025_ssc voting acc: 0.23006465517241378
Processing 198 files with threading...
gpqad_ssc voting acc: 0.5746527777777778
Processing 30 files with threading...
aime2024_ssc voting acc: 0.5130208333333334
Processing 29 files with threading...
aime2025_ssc voting acc: 0.4525862068965517
Processing 29 files with threading...
brumo2025_ssc voting acc: 0.5317887931034483
结果已动态更新到: /share/yangxizhong/workspace/step_level_deepconf/output/result/voting/Qwen3-14B-NonThinking-core-All-Avg64ofB128-AllAblation-ssc-repeat3.xlsx
Processing 0000-Top50-No-WSC with params (0, 0, 'Top50-No-WSC', 'top10', None)
Processing 29 files with threading...
hmmt2025_ssc voting acc: 0.2683189655172414
Processing 198 files with threading...
gpqad_ssc voting acc: 0.5685763888888888
Processing 30 files with threading...
aime2024_ssc voting acc: 0.5104166666666666
Processing 29 files with threading...
aime2025_ssc voting acc: 0.3701508620689655
Processing 29 files with threading...
brumo2025_ssc voting acc: 0.49622844827586204
结果已动态更新到: /share/yangxizhong/workspace/step_level_deepconf/output/result/voting/Qwen3-14B-NonThinking-core-All-Avg64ofB128-AllAblation-ssc-repeat3.xlsx
Processing 0100-GMM-No-WSC with params (0, 0, 'GMM-No-WSC', 'gmm', None)
Processing 29 files with threading...
hmmt2025_ssc voting acc: 0.2650862068965517
Processing 198 files with threading...
gpqad_ssc voting acc: 0.5634469696969697
Processing 30 files with threading...
aime2024_ssc voting acc: 0.4921875
Processing 29 files with threading...
aime2025_ssc voting acc: 0.38038793103448276
Processing 29 files with threading...
brumo2025_ssc voting acc: 0.5102370689655172
结果已动态更新到: /share/yangxizhong/workspace/step_level_deepconf/output/result/voting/Qwen3-14B-NonThinking-core-All-Avg64ofB128-AllAblation-ssc-repeat3.xlsx
Processing 0010-Top50-Reject-WSC with params (0, 0, 'Top50-Reject-WSC', 'top10', None)
Processing 29 files with threading...
hmmt2025_ssc voting acc: 0.2683189655172414
Processing 198 files with threading...
gpqad_ssc voting acc: 0.5684974747474747
Processing 30 files with threading...
aime2024_ssc voting acc: 0.5104166666666666
Processing 29 files with threading...
aime2025_ssc voting acc: 0.37176724137931033
Processing 29 files with threading...
brumo2025_ssc voting acc: 0.4956896551724138
结果已动态更新到: /share/yangxizhong/workspace/step_level_deepconf/output/result/voting/Qwen3-14B-NonThinking-core-All-Avg64ofB128-AllAblation-ssc-repeat3.xlsx
Processing 0001-Top50-No-HierV with params (0, 0, 'Top50-No-HierV', 'top10', None)
Processing 29 files with threading...
hmmt2025_ssc voting acc: 0.26939655172413796
Processing 198 files with threading...
gpqad_ssc voting acc: 0.5679450757575758
Processing 30 files with threading...
aime2024_ssc voting acc: 0.5166666666666667
Processing 29 files with threading...
aime2025_ssc voting acc: 0.40247844827586204
Processing 29 files with threading...
brumo2025_ssc voting acc: 0.5350215517241379
结果已动态更新到: /share/yangxizhong/workspace/step_level_deepconf/output/result/voting/Qwen3-14B-NonThinking-core-All-Avg64ofB128-AllAblation-ssc-repeat3.xlsx
Processing 0110-GMM-Reject-WSC with params (0, 0, 'GMM-Reject-WSC', 'gmm', None)
Processing 29 files with threading...
hmmt2025_ssc voting acc: 0.2661637931034483
Processing 198 files with threading...
gpqad_ssc voting acc: 0.5632102272727273
Processing 30 files with threading...
aime2024_ssc voting acc: 0.49375
Processing 29 files with threading...
aime2025_ssc voting acc: 0.38146551724137934
Processing 29 files with threading...
brumo2025_ssc voting acc: 0.509698275862069
结果已动态更新到: /share/yangxizhong/workspace/step_level_deepconf/output/result/voting/Qwen3-14B-NonThinking-core-All-Avg64ofB128-AllAblation-ssc-repeat3.xlsx
Processing 0101-GMM-No-HierV with params (0, 0, 'GMM-No-HierV', 'gmm', None)
Processing 29 files with threading...
hmmt2025_ssc voting acc: 0.2634698275862069
Processing 198 files with threading...
gpqad_ssc voting acc: 0.5628156565656566
Processing 30 files with threading...
aime2024_ssc voting acc: 0.5005208333333333
Processing 29 files with threading...
aime2025_ssc voting acc: 0.390625
Processing 29 files with threading...
brumo2025_ssc voting acc: 0.5113146551724138
结果已动态更新到: /share/yangxizhong/workspace/step_level_deepconf/output/result/voting/Qwen3-14B-NonThinking-core-All-Avg64ofB128-AllAblation-ssc-repeat3.xlsx
Processing 0011-Top50-Reject-HierV with params (0, 0, 'Top50-Reject-HierV', 'top10', None)
Processing 29 files with threading...
hmmt2025_ssc voting acc: 0.26939655172413796
Processing 198 files with threading...
gpqad_ssc voting acc: 0.5691287878787878
Processing 30 files with threading...
aime2024_ssc voting acc: 0.5171875
Processing 29 files with threading...
aime2025_ssc voting acc: 0.40086206896551724
Processing 29 files with threading...
brumo2025_ssc voting acc: 0.5323275862068966
结果已动态更新到: /share/yangxizhong/workspace/step_level_deepconf/output/result/voting/Qwen3-14B-NonThinking-core-All-Avg64ofB128-AllAblation-ssc-repeat3.xlsx
Processing 0111-GMM-Reject-HierV with params (0, 0, 'GMM-Reject-HierV', 'gmm', None)
Processing 29 files with threading...
hmmt2025_ssc voting acc: 0.25862068965517243
Processing 198 files with threading...
gpqad_ssc voting acc: 0.5632891414141414
Processing 30 files with threading...
aime2024_ssc voting acc: 0.503125
Processing 29 files with threading...
aime2025_ssc voting acc: 0.3949353448275862
Processing 29 files with threading...
brumo2025_ssc voting acc: 0.515625
结果已动态更新到: /share/yangxizhong/workspace/step_level_deepconf/output/result/voting/Qwen3-14B-NonThinking-core-All-Avg64ofB128-AllAblation-ssc-repeat3.xlsx
Processing 0000-No-No-WSC with params (0, 0, 'No-No-WSC', None, None)
Processing 29 files with threading...
hmmt2025_ssc voting acc: 0.20743534482758622
Processing 198 files with threading...
gpqad_ssc voting acc: 0.56021148989899
Processing 30 files with threading...
aime2024_ssc voting acc: 0.5020833333333333
Processing 29 files with threading...
aime2025_ssc voting acc: 0.3275862068965517
Processing 29 files with threading...
brumo2025_ssc voting acc: 0.5037715517241379
结果已动态更新到: /share/yangxizhong/workspace/step_level_deepconf/output/result/voting/Qwen3-14B-NonThinking-core-All-Avg64ofB128-AllAblation-ssc-repeat3.xlsx
Processing 0001-No-No-HierV with params (0, 0, 'No-No-HierV', None, None)
Processing 29 files with threading...
hmmt2025_ssc voting acc: 0.20689655172413793
Processing 198 files with threading...
gpqad_ssc voting acc: 0.5634469696969697
Processing 30 files with threading...
aime2024_ssc voting acc: 0.49947916666666664
Processing 29 files with threading...
aime2025_ssc voting acc: 0.3442887931034483
Processing 29 files with threading...
brumo2025_ssc voting acc: 0.5167025862068966
结果已动态更新到: /share/yangxizhong/workspace/step_level_deepconf/output/result/voting/Qwen3-14B-NonThinking-core-All-Avg64ofB128-AllAblation-ssc-repeat3.xlsx
